Logon_Count_Daily,After_Hours_Activity_Pct,Remote_Access_Count,USB_Connect_Count,File_Copy_To_USB_Count,Sensitive_File_Access_Count,Email_Sent_Count,Email_External_Recipient_Pct,Email_Attachment_Total_MB,Web_Tech_Count,Web_Social_Count,Web_CloudStorage_Count,Web_Sus_Count,Print_Jobs_Count,Fail_Logon_Count,Label,Is_Anomaly
1,0.07712029241018854,1,0,1,5,22,0.25967060329373876,19.021028377868173,36,12,3,0,0,1,Benign,0
1,0.08716624649623865,0,0,0,6,29,0.32283987254682966,5.88564663265724,57,7,3,1,1,0,Benign,0
1,0.03766801839893622,1,0,0,6,21,0.11460681044180583,5.480563972195303,36,11,0,0,0,0,Benign,0
2,0.009313693299206786,0,1,1,4,27,0.2933004318321643,7.049090963750717,38,7,2,0,0,0,Benign,0
2,0.08437887897689422,0,1,0,2,15,0.26604711889761384,3.458114175376363,39,10,0,1,1,0,Benign,0
2,0.03160570941696776,0,0,0,7,23,0.07033428837435013,1.2516210357562738,35,10,2,1,0,0,Benign,0
1,0.07492759593247712,1,1,0,2,26,0.20127376116008266,2.58189476763464,30,6,5,0,2,0,Benign,0
1,0.011692586376173557,0,0,0,5,19,0.27331229527931267,3.9959518801112592,40,13,1,0,1,0,Benign,0
4,0.01028284121466202,1,0,0,5,23,0.0955412363803428,6.999200850383588,33,9,5,0,2,0,Benign,0
1,0.0961126722392863,0,0,0,4,31,0.10586001470943229,3.621883670464572,39,6,1,0,0,1,Benign,0
5,0.03871062514887354,1,0,1,3,26,0.11303503740206762,0.8524064221770759,37,9,2,0,0,0,Benign,0
1,0.047218614918539716,0,0,0,8,21,0.21587167422268586,12.145882170653094,47,8,0,0,0,0,Benign,0
1,0.0984786793640029,0,1,0,4,21,0.16476202677688714,7.200459278031475,45,10,6,0,0,0,Benign,0
2,0.058923175089762254,0,0,1,1,28,0.09161002339965744,1.1558666678455927,40,14,3,0,2,1,Benign,0
1,0.11288722967279072,0,1,0,7,27,0.4904056852632855,3.8178009903045482,32,11,3,1,1,0,Benign,0
1,0.061888351470648535,0,0,0,2,25,0.17287981507587347,0.6885473185809323,33,10,2,0,4,1,Benign,0
1,0.023166732532808737,0,0,0,3,24,0.2682776314837129,0.6377639329286338,35,13,2,0,0,0,Benign,0
5,0.49515361899604504,4,2,0,14,3,0.05070989823293476,1.9077079875440683,105,8,0,10,0,20,Attack_InsiderSabotage,1
1,0.052430456882922374,0,0,1,6,31,0.09126514888350394,0.7770914324361021,34,13,1,0,1,0,Benign,0
2,0.0011303093069192306,0,0,0,2,22,0.1453566318617209,3.55403726581735,36,9,2,0,0,0,Benign,0
5,0.7070501974252091,0,0,0,9,3,0.034765548723990757,1.3289716959215072,99,6,0,19,0,15,Attack_InsiderSabotage,1
2,0.014602823011810791,0,0,0,9,18,0.07814974332447383,4.698342501528767,37,7,4,0,1,1,Benign,0
2,0.00809379456467238,1,1,1,6,26,0.1482618400889797,4.206354794818249,45,13,2,0,0,0,Benign,0
2,0.4262731324107761,4,0,0,11,6,0.022372426501805452,0.39150668324463844,103,10,1,24,0,15,Attack_InsiderSabotage,1
3,0.06891732390247948,0,0,0,5,23,0.05860511645794643,4.968349893395652,43,8,2,0,2,1,Benign,0
7,0.1984187496333478,1,0,0,11,8,0.1467028553913037,0.5606194245873692,89,4,0,15,0,25,Attack_InsiderSabotage,1
3,0.03390838040365628,0,0,0,2,25,0.11546420244159192,0.31673377603263475,29,13,2,0,4,0,Benign,0
3,0.065346436922763,0,1,1,1,31,0.30904983911160855,0.6223824247275831,52,13,1,0,1,0,Benign,0
2,0.0027462135374492864,0,0,1,7,22,0.052798347698044715,0.43852723063606563,46,10,1,0,0,1,Benign,0
1,0.8742912237509057,10,7,238,610,30,0.7782231804228187,226.6440684987707,15,3,161,1,63,1,Attack_DataExfiltration,1
1,0.002525427990461665,0,1,1,4,30,0.23399437402605525,1.659269040779136,47,10,2,0,0,0,Benign,0
1,0.00781893920700182,0,0,0,6,26,0.5412481493375112,1.4226953320277322,29,10,4,0,1,2,Benign,0
1,0.11246484682465634,0,0,3,6,24,0.1293433224778618,2.713269511857083,42,14,3,0,0,0,Benign,0
3,0.06374962447184121,0,0,0,5,26,0.20696092476047448,17.67700175503573,39,8,2,0,0,0,Benign,0
2,0.01486220336041964,0,0,0,5,26,0.16514046640398616,0.21274518356627656,34,12,4,0,0,0,Benign,0
1,0.06683101872054978,0,0,0,4,29,0.09174226586095877,0.3188730530354042,45,14,0,0,2,0,Benign,0
1,0.02669021673184168,1,0,2,5,16,0.07785345065809898,1.4396596120430343,47,3,2,0,1,0,Benign,0
1,0.02236947370751297,0,0,0,7,22,0.4658676182951968,5.037205918506148,40,10,5,0,0,0,Benign,0
1,0.0010098406716398413,0,0,0,6,23,0.029482969571232816,3.490901720603621,40,15,1,0,1,0,Benign,0
2,0.018863622101355802,1,0,1,13,24,0.25212241205280916,5.414770533392996,47,8,2,0,2,0,Benign,0
2,0.10544857830567361,1,0,0,3,32,0.3257471081933811,0.5062948732164957,31,14,0,0,0,1,Benign,0
2,0.014440501651581271,0,0,1,7,27,0.5235800369309478,3.8722037555299433,41,12,2,0,0,0,Benign,0
2,0.02147251230383829,0,0,1,6,26,0.23322022744696794,6.02587901206092,38,7,1,0,1,0,Benign,0
2,0.00823997847240918,0,0,1,6,29,0.11438295767671469,1.170511548370487,57,7,2,0,0,0,Benign,0
1,0.9496332085280274,7,2,252,609,16,0.645308787944204,131.71547580236057,13,5,196,0,57,1,Attack_DataExfiltration,1
1,0.006633412376935241,0,0,0,6,17,0.04342732995475057,2.383459656383919,45,10,2,0,0,1,Benign,0
3,0.010916552196228259,0,1,0,3,24,0.12374125612684911,1.084504945701848,49,10,0,0,0,1,Benign,0
1,0.0025898241566552336,0,0,3,5,24,0.2612408554207176,8.52004884914389,44,4,1,0,1,0,Benign,0
2,0.07941586506470567,0,0,0,5,26,0.36955949020194107,1.161294100679984,40,9,2,1,0,0,Benign,0
1,0.07544199193607522,0,0,1,3,24,0.32923288175941895,3.0759076264212712,37,8,2,0,0,0,Benign,0
2,0.006316537795435216,0,0,1,4,23,0.2669637473186389,4.69923498944108,33,16,2,0,0,0,Benign,0
1,0.04530032308528202,0,0,2,7,22,0.06400694700393592,7.488658348325717,28,8,2,0,0,1,Benign,0
2,0.029488442783632246,0,0,0,9,25,0.2861835151147771,0.9405061509581274,40,14,6,0,0,0,Benign,0
6,0.0021532322733650907,0,0,0,10,24,0.3849365581146482,0.37760466328587816,42,13,3,0,1,0,Benign,0
1,0.07463398250636447,1,0,1,5,15,0.15228328279946657,1.9423053356771987,31,13,1,0,1,0,Benign,0
3,0.0032017658095464985,0,0,0,8,24,0.1778611025404241,0.9073361307005847,43,7,3,0,2,1,Benign,0
1,0.07400103967797082,1,0,0,4,29,0.10850429585469651,1.1149652668371342,45,8,3,0,3,0,Benign,0
5,0.6619596980215182,2,2,0,8,5,0.005768012690362169,0.9385877885335898,102,6,2,16,0,18,Attack_InsiderSabotage,1
2,0.1029339223631292,0,0,0,4,27,0.07069296122294497,9.972967610987775,39,9,0,0,1,1,Benign,0
1,0.02551977679999957,1,0,1,5,34,0.16137107618149235,4.622505554767153,37,8,5,0,0,2,Benign,0
1,0.10670503655743889,0,0,0,2,27,0.23441291933382996,9.764335730351567,57,6,4,0,0,1,Benign,0
3,0.010958949789933092,0,0,0,3,26,0.20759236910069373,5.354961859342959,27,8,2,0,2,1,Benign,0
1,0.005639221296209568,0,0,1,5,24,0.16554431977018785,2.412949558062721,39,8,2,0,1,1,Benign,0
1,0.15257845695657327,0,0,1,8,31,0.07202990556182527,1.5170002311778705,49,10,1,0,2,0,Benign,0
2,0.046537676865186756,0,0,0,6,25,0.18926520198138794,4.937887784403097,42,7,1,0,2,0,Benign,0
1,0.024062443067305105,0,0,0,5,23,0.09696253001920585,4.040878176395169,41,8,0,0,2,0,Benign,0
2,0.13863812699460187,1,0,1,4,28,0.42466084970096074,1.9817033527148271,31,5,0,0,2,1,Benign,0
3,0.6590809126671698,3,0,0,8,4,0.08644360709616365,1.1373861376351362,108,4,0,15,0,22,Attack_InsiderSabotage,1
1,0.08275676992322059,0,0,0,8,25,0.23428634633082643,1.0011556892016078,37,6,2,0,0,0,Benign,0
1,0.09150364060987147,2,1,0,7,24,0.045379862575837315,4.807926072203051,47,16,2,0,1,1,Benign,0
1,0.011213771826792679,0,0,0,4,25,0.10566308087501151,0.7199573106058913,40,5,3,0,1,0,Benign,0
5,0.02017024347474351,0,1,1,7,23,0.04949969615961165,0.23625530644969858,45,17,4,0,3,0,Benign,0
1,0.02775427420420695,0,0,0,5,34,0.21044728288479775,2.140288844851696,47,6,2,1,0,1,Benign,0
2,0.015668790753374736,2,0,0,3,22,0.018859532677575466,3.9547111894391356,35,13,2,0,1,0,Benign,0
3,0.02331832793419922,0,0,0,5,30,0.06162306771594875,1.0984238950576228,38,3,3,0,1,1,Benign,0
2,0.06214007687985199,0,0,0,1,21,0.22508765628065777,2.387981557917107,46,14,0,0,0,0,Benign,0
2,0.016732364903629744,0,1,0,5,25,0.2833486260291572,3.131104539656296,52,15,3,0,0,0,Benign,0
1,0.01091644016617254,0,1,0,3,24,0.2287258070567662,1.836089966862958,42,7,5,0,0,0,Benign,0
2,0.4778054561365469,6,11,260,632,16,0.6923923338677532,134.27759355436342,23,2,147,1,51,3,Attack_DataExfiltration,1
1,0.0403108256985634,0,0,1,5,16,0.29351888867240444,6.771570647400964,32,7,0,0,0,1,Benign,0
1,0.6509387454634044,5,5,255,595,11,0.9097310549799803,145.59383183841808,23,4,184,0,55,1,Attack_DataExfiltration,1
2,0.1563745618245,1,0,0,1,34,0.3259750258660902,2.794134543382295,42,7,2,0,0,0,Benign,0
4,0.00973019874891908,0,0,0,10,44,0.08067261720607907,1.344123040315653,32,13,0,0,1,0,Benign,0
1,0.0366403262189985,0,0,0,6,30,0.07977967409032233,0.43849608313936866,37,10,1,0,1,0,Benign,0
1,0.007967175032677262,0,0,1,6,21,0.36042251497882616,1.2148992585836313,44,6,4,0,4,0,Benign,0
2,0.16136318900518645,0,1,1,5,24,0.10271399258014559,2.9398861400816187,49,11,3,0,0,0,Benign,0
1,0.04543957153499049,1,0,1,5,30,0.24970597727137667,3.4847325266391342,37,10,2,0,1,0,Benign,0
1,0.014591410190882085,0,0,0,6,27,0.29119237026220907,0.37834752486579176,32,6,1,0,0,0,Benign,0
5,0.45273662306626333,5,4,255,595,13,0.8727254726244658,354.640429195809,21,4,181,0,51,2,Attack_DataExfiltration,1
1,0.051713571847747906,0,0,1,1,29,0.22496220068341977,2.8860918225794228,47,7,0,0,0,0,Benign,0
1,0.010826872870341443,1,0,0,7,27,0.23668282759382106,4.800791678835747,43,13,0,1,1,0,Benign,0
4,0.014859844826325031,0,1,0,8,33,0.05468474294356145,4.071450176668068,40,11,2,0,0,0,Benign,0
1,0.7509851983726048,6,11,257,619,20,0.876518150433288,366.1471643974497,12,5,197,1,42,0,Attack_DataExfiltration,1
1,0.05741178624663934,0,0,1,3,27,0.25681659297686227,1.1311038056907028,42,19,3,0,0,0,Benign,0
1,0.04089368240636354,1,0,0,4,29,0.11479172357951414,3.5253570798764216,36,14,3,0,2,0,Benign,0
1,0.08245525485084564,0,0,0,4,26,0.11622195820325548,2.0019564565192227,33,6,2,0,1,0,Benign,0
2,0.8360877788082361,8,5,224,579,9,0.629136724546786,298.8664632153727,17,4,160,0,41,1,Attack_DataExfiltration,1
2,0.02211436990658903,0,0,1,3,29,0.08571272044489779,3.5191868001406603,49,13,2,0,1,0,Benign,0
1,0.023515824788103757,0,1,0,9,31,0.38872392207780326,1.676545943746241,35,15,2,0,1,0,Benign,0
1,0.013622398892890668,0,0,0,6,25,0.12706115508537746,2.5852003438400812,34,6,1,1,0,0,Benign,0
1,0.017648860619581756,0,0,2,5,19,0.17200043093863124,8.121041228173473,37,11,5,0,2,0,Benign,0
1,0.05336438051614586,0,0,0,5,24,0.09795640006475932,2.082445334830705,36,6,5,0,0,0,Benign,0
4,0.08383630488835951,0,0,1,2,26,0.11168084530545251,1.690838702281504,40,6,1,0,2,0,Benign,0
2,0.011607388459903691,0,0,0,5,29,0.10450330207091511,3.3920592559811467,38,5,3,0,0,0,Benign,0
1,0.06181992443125069,1,0,1,2,33,0.26163952599803114,0.3952076998206748,33,9,2,0,0,0,Benign,0
2,0.04471166981104575,0,0,1,6,21,0.2581009335094192,4.615077435263989,47,11,2,0,0,0,Benign,0
2,0.01617972126989144,1,0,1,8,25,0.07375912019116339,1.2159146950306772,40,9,2,0,1,0,Benign,0
1,0.06464523435329247,0,0,1,2,31,0.26345453231461796,4.273997930970016,45,8,1,0,2,0,Benign,0
1,0.5523654956477893,8,5,234,639,8,0.9827135237668616,156.14625581023103,19,8,159,1,28,2,Attack_DataExfiltration,1
1,0.07497023413158536,0,0,0,4,35,0.02308883599821764,1.8714947829398312,33,7,2,1,2,0,Benign,0
1,0.002191855348773919,0,0,0,2,24,0.11076800208547564,4.2956193324784655,41,11,6,0,1,0,Benign,0
1,0.005382649501720303,0,1,0,5,22,0.09262835421149573,0.9054946030521476,40,12,3,1,0,0,Benign,0
1,0.08416520125791509,0,0,1,9,19,0.16993369378208686,1.545397857171436,49,14,3,0,3,0,Benign,0
1,0.08390699860755524,1,1,2,7,23,0.0662746655864767,2.416338472303542,43,13,3,0,2,0,Benign,0
2,0.5724530007890759,4,9,258,623,18,0.9644824860637077,86.5764200952804,17,3,160,4,57,0,Attack_DataExfiltration,1
3,0.005407402381442321,1,0,0,2,26,0.1873351713798623,1.608705107380423,34,7,0,0,3,0,Benign,0
1,0.07166154960875541,0,0,0,8,22,0.4380606275614233,0.5602450995425998,40,9,4,0,1,0,Benign,0
1,0.08597678219664663,0,1,1,3,26,0.07627779600000763,4.171991264482512,45,9,0,0,0,1,Benign,0
1,0.10885872343313176,0,0,0,4,23,0.18181551586171318,0.13542389055628096,42,4,4,0,2,0,Benign,0
1,0.00552325145360368,0,0,0,2,21,0.21341683776332765,3.935398172712083,39,6,0,0,1,0,Benign,0
4,0.0024693008017625433,1,0,0,2,24,0.17645926967692827,10.86493435461497,37,8,4,0,1,0,Benign,0
3,0.0033294675126470745,0,1,0,10,24,0.08053884237699592,1.6370693256329447,41,13,2,0,0,0,Benign,0
1,0.021553918192537668,0,1,2,4,17,0.16871416232473824,6.690555732846088,39,12,4,0,0,0,Benign,0
1,0.03185394615774619,0,0,2,6,29,0.22536280085753108,4.403812018317934,36,5,5,0,0,1,Benign,0
2,0.04133560178226487,0,0,1,9,34,0.06486298456153232,3.673169601773258,41,13,0,0,0,2,Benign,0
3,0.011895279217657725,0,0,0,6,30,0.09840681529932878,1.6272385199713997,38,5,2,0,1,0,Benign,0
1,0.015119310060223287,0,0,0,8,27,0.09285426052721261,0.5282738409393162,45,7,1,0,1,0,Benign,0
2,0.009591243742172318,0,0,0,4,26,0.5951564913705806,5.636724320935118,50,7,4,0,1,0,Benign,0
1,0.8228188769013267,6,9,267,624,10,0.7840289736276562,137.95453047431494,22,4,174,4,66,2,Attack_DataExfiltration,1
3,0.029287612146050846,0,0,0,7,29,0.2956027028212085,2.0060829118169177,46,6,1,0,0,0,Benign,0
1,0.00842680012578455,0,0,3,4,27,0.17857854737202797,0.9367989710098746,46,11,1,1,3,0,Benign,0
2,0.061781293250142595,0,0,0,3,25,0.26511169053753897,0.5204608999653454,42,10,4,0,2,0,Benign,0
2,0.04299506638749666,1,1,0,6,26,0.0601194936299167,9.76636418225452,39,11,1,0,3,0,Benign,0
1,0.005415181494596975,0,1,1,3,18,0.1268008276644006,4.081733776451461,42,9,2,0,1,1,Benign,0
2,0.04142012466190896,0,0,0,5,37,0.21155375222742281,0.3364305992783183,29,9,0,0,1,1,Benign,0
4,0.6388049423160027,2,0,0,13,5,0.12733127477395342,0.07500029117566348,97,3,1,19,0,20,Attack_InsiderSabotage,1
3,0.005917213734368576,1,0,0,8,26,0.16249516353360377,4.201124132000504,40,10,2,1,2,0,Benign,0
1,0.008405685929567017,0,0,0,5,21,0.0987984629597167,8.335216968107241,30,15,1,0,1,2,Benign,0
4,0.04544409455289642,1,0,0,4,30,0.06301044886732687,5.560491660804942,38,6,2,0,2,1,Benign,0
1,0.6391150417305534,4,6,249,610,20,0.7510324312308103,88.04331347511209,22,8,161,2,52,2,Attack_DataExfiltration,1
3,0.06658728307893133,0,0,0,5,25,0.14846493668232363,2.4984289699169824,27,11,4,0,0,1,Benign,0
1,0.004725813704399264,0,0,0,11,16,0.35887019357935446,1.9715936527443674,49,11,1,0,0,1,Benign,0
1,0.004225277949624191,0,0,0,5,31,0.3151972691242788,2.951952299059575,35,12,1,0,1,1,Benign,0
1,0.01368289767056324,0,0,0,7,32,0.10588714532457495,1.5467864747808284,47,12,0,0,1,0,Benign,0
3,0.03738809441859595,0,1,0,5,32,0.09037621354611369,1.3111434818821122,51,5,1,0,1,1,Benign,0
2,0.014699480534543364,1,0,0,5,26,0.18771535605649844,1.6814853471942481,39,7,2,0,1,1,Benign,0
1,0.009948879625312075,0,0,0,4,34,0.3418292395128239,2.528293847079728,33,10,1,1,2,0,Benign,0
1,0.021600597041248715,1,0,1,4,22,0.12702729130589435,2.4431933085882602,36,17,1,0,1,1,Benign,0
1,0.134243083167982,0,0,0,3,30,0.26866355342371084,1.7881121699291687,48,10,2,0,2,0,Benign,0
1,0.0578203816168574,0,0,0,6,23,0.32687348254189064,1.0923343042411329,40,6,2,0,1,1,Benign,0
1,0.03889482346515128,0,0,0,4,17,0.2761862922283401,1.2242130491532064,34,5,1,0,6,1,Benign,0
2,0.012505238311616098,0,0,0,7,25,0.12817490112506458,2.403355161769611,40,10,3,0,1,1,Benign,0
1,0.005548645084663331,0,0,0,1,19,0.10711265303916581,1.7816539480952462,33,8,2,0,1,0,Benign,0
1,0.11635274420760634,0,0,1,4,18,0.26853043294956425,3.8077576854063078,42,8,6,1,3,1,Benign,0
1,0.03420924392371287,1,0,1,2,22,0.1631167332966039,2.026258559480172,39,6,2,0,3,1,Benign,0
1,0.05926741751153215,0,0,1,4,23,0.09429135477698622,6.922131710156956,39,8,4,0,1,0,Benign,0
1,0.010767231113842349,1,1,0,5,20,0.35268603311543517,1.8225825487631686,43,5,3,0,2,0,Benign,0
1,0.07291237225555981,0,0,1,3,18,0.10063333852611288,7.107031716016031,32,11,3,0,0,1,Benign,0
2,0.05838726654699963,0,0,0,8,27,0.02636215477971329,1.1627525973817878,30,11,5,0,0,0,Benign,0
2,0.04411244892977716,0,0,0,3,19,0.13353592723298285,0.5565920749870051,37,16,0,0,0,0,Benign,0
2,0.0816546019194132,0,0,0,3,23,0.3122261713688031,2.207167344866618,41,9,3,0,3,0,Benign,0
4,0.014236444835944585,0,0,2,5,19,0.054846836175687,1.314029195028541,42,13,0,0,3,0,Benign,0
1,0.031533235590291205,0,0,0,2,30,0.05192987718536637,4.200342203400325,29,10,2,0,1,0,Benign,0
1,0.017910510584162414,0,0,2,2,25,0.05696500502449949,4.534865247951005,41,9,0,0,1,1,Benign,0
3,0.01850657753937402,0,0,0,10,30,0.07613561865401701,1.5332004748447754,34,10,1,1,1,1,Benign,0
2,0.06543478175796254,1,0,0,6,35,0.21630853231984903,3.1568477521689733,42,11,3,0,2,0,Benign,0
4,0.2506158256154307,8,1,0,10,3,0.1147490589042168,5.0966210792127935,97,5,0,15,0,18,Attack_InsiderSabotage,1
3,0.7376147550356821,6,5,263,621,13,0.8139721952694197,101.1008808202913,19,4,177,1,43,1,Attack_DataExfiltration,1
1,0.14716140960462845,0,1,0,7,23,0.04384998159673276,0.7178848214520298,51,12,1,0,0,0,Benign,0
2,0.0022362099181552748,0,0,0,6,33,0.2102373563208056,0.7123728126019429,26,6,0,0,2,0,Benign,0
2,0.07098107766215586,0,1,0,2,19,0.1985280944588697,4.871600079323521,35,10,2,0,2,0,Benign,0
4,0.4340281926623485,3,1,0,5,7,0.006799675122777864,2.9506837267761665,97,6,1,13,0,17,Attack_InsiderSabotage,1
2,0.0066336815602880085,0,0,0,4,30,0.03440906484910982,1.1517194953616092,46,9,5,0,0,0,Benign,0
1,0.05690840036676662,0,0,0,12,31,0.20934135489429134,5.815976760559404,39,10,4,0,1,1,Benign,0
2,0.019313838741903698,0,0,0,3,19,0.12833626434801684,2.75936170917231,40,8,2,0,1,0,Benign,0
2,0.019045563922430724,0,0,1,4,26,0.10576866597543909,4.177599069683891,43,7,3,0,4,0,Benign,0
1,0.03119473878085251,0,0,0,7,22,0.15037052998088593,4.335795495807287,44,15,4,0,1,0,Benign,0
4,0.6911084879541274,4,6,263,603,18,0.800643183031069,43.0307047244554,16,4,173,0,60,3,Attack_DataExfiltration,1
4,0.0015993919386906742,0,0,0,0,21,0.038507446257566816,0.7651896673568929,38,6,3,0,0,0,Benign,0
2,0.12137565379493384,1,1,0,0,29,0.24659815591170978,1.3060014839131922,50,5,2,0,0,0,Benign,0
3,0.09537780155577989,0,0,1,5,16,0.3445298309519701,3.8148271594245338,46,12,1,0,3,0,Benign,0
2,0.007962232802894684,0,0,1,3,20,0.09623793134845086,4.781492215229144,43,8,2,0,1,0,Benign,0
1,0.13739548746404492,0,0,0,4,29,0.2243644309192928,12.15627064443257,42,10,3,0,0,0,Benign,0
1,0.028432907278338988,1,0,2,5,31,0.02969368623738626,2.2416342018042577,48,11,3,0,0,0,Benign,0
1,0.11784394533025437,0,0,2,5,28,0.17482381567868163,8.441841793400119,37,10,1,0,0,0,Benign,0
1,0.11274943805542469,0,0,0,2,21,0.11881578582456367,1.091498529630497,41,8,0,1,1,0,Benign,0
2,0.1017347224032315,0,0,0,10,26,0.429731195225624,2.156590669068074,41,11,3,0,0,1,Benign,0
6,0.08716136327752427,0,0,0,4,24,0.43369829919671504,7.14436312211428,40,12,1,0,0,0,Benign,0
1,0.04719050018508157,0,0,0,6,20,0.03544962525174883,7.615276383398123,44,15,3,0,2,0,Benign,0
1,0.048648182132494895,0,0,0,5,24,0.14473630375098215,4.167759004240546,29,10,3,0,0,0,Benign,0
3,0.04153370840850698,0,0,1,7,27,0.2527239207146918,4.25211893180577,40,18,3,0,3,0,Benign,0
2,0.06102448461215722,0,0,0,7,36,0.10132563831988554,4.211416590495802,48,14,2,0,1,0,Benign,0
2,0.09114797671651438,0,0,1,3,28,0.12416349028773835,4.1676883619922,52,14,2,0,0,0,Benign,0
2,0.015828819399672865,0,0,1,3,31,0.10330367108494001,1.3908568964687755,28,11,3,0,2,0,Benign,0
1,0.035497271547401364,0,0,0,5,24,0.20628352949309905,5.242402091267799,46,16,5,1,1,0,Benign,0
1,0.007493427732471388,0,0,0,6,22,0.18688352179270526,9.389322930742077,39,15,2,0,1,0,Benign,0
3,0.16335971739124586,1,1,0,4,33,0.19813575597509667,4.199524877417629,54,13,2,0,2,1,Benign,0
1,0.041232085618145294,0,0,0,3,16,0.1763965853909215,4.874457017479565,29,11,3,0,0,0,Benign,0
1,0.018161882253381913,0,1,0,6,25,0.040565483971584125,3.0815860768687022,37,14,4,0,0,0,Benign,0
2,0.03478314752519506,0,0,1,7,28,0.05247429805078631,2.5057320728674592,55,9,0,0,0,0,Benign,0
1,0.011318499615363575,0,0,0,6,30,0.2361511265207434,2.3778147549566433,44,10,1,0,0,0,Benign,0
3,0.8753500689012271,4,4,251,595,18,0.7580845096115969,70.05800896022585,18,9,173,0,42,1,Attack_DataExfiltration,1
1,0.10700020050108462,1,0,1,3,28,0.13397828107603993,2.9615724847111027,30,5,0,0,1,1,Benign,0
1,0.029110152180503297,0,1,1,8,38,0.1261374825505487,0.4022428226159349,30,13,2,0,1,0,Benign,0
6,0.8582823816800551,3,7,245,629,14,0.784674312369198,196.71052742975047,19,5,150,0,57,0,Attack_DataExfiltration,1
3,0.005798364148254897,0,0,1,6,22,0.38354350679952615,2.8178688852995526,42,8,4,0,0,0,Benign,0
3,0.023267776979498306,0,0,0,6,27,0.1340016917073125,6.3652757762442365,34,7,2,0,1,1,Benign,0
4,0.050205160587084845,1,0,0,7,20,0.08056262409498195,4.382931916873912,51,12,2,0,0,0,Benign,0
4,0.0451342968079738,0,0,0,4,33,0.4381967537269808,1.49765530077482,27,9,3,0,0,0,Benign,0
4,0.03977549929086617,0,1,3,2,19,0.24888827182238907,2.4418742658616996,35,7,3,1,0,0,Benign,0
3,0.2160878833234285,1,0,0,5,21,0.17843936456212323,1.4946637159648621,35,6,2,0,1,0,Benign,0
1,0.0803982012235438,0,0,0,7,23,0.08783132831010358,1.689485764717584,48,14,2,0,1,0,Benign,0
1,0.01038951699254844,0,0,0,2,28,0.14939330659011882,2.1675689350656486,33,13,4,0,0,1,Benign,0
3,0.5152349323006072,3,0,0,15,8,0.1868232291701255,0.2539714529563692,99,5,0,18,0,22,Attack_InsiderSabotage,1
2,0.06366791930932403,0,0,0,3,26,0.2375516355357905,1.994673216423828,40,9,5,0,0,0,Benign,0
3,0.0019404665214227193,0,0,0,4,39,0.1056135255164661,6.562356423006868,40,7,1,0,0,0,Benign,0
2,0.00309886729566638,0,1,2,0,21,0.1446416846166204,4.319771034064937,42,7,3,0,1,0,Benign,0
1,0.03467017445753281,0,1,1,4,30,0.33704081759876026,9.967891866585866,26,11,1,0,0,0,Benign,0
1,0.04187456693705852,0,0,1,4,38,0.05951394656683996,4.564935369493215,54,9,3,0,3,0,Benign,0
4,0.08454754760250403,0,0,1,5,25,0.1949575898382693,0.6035673020910303,43,9,3,0,0,0,Benign,0
2,0.04754721112942133,0,1,1,4,28,0.06871092614393587,27.133989582437977,43,7,2,0,1,1,Benign,0
4,0.0035745848925216412,0,0,1,2,28,0.2848391396205662,0.8834344972273989,39,7,3,0,0,0,Benign,0
1,0.04492399404394339,1,0,0,7,17,0.31865946719840077,1.1416899338095445,36,7,2,0,0,1,Benign,0
3,0.06309350275313456,0,1,0,4,25,0.15951504206723674,3.7418734345487636,53,11,3,1,2,0,Benign,0
2,0.4410710636569101,5,7,263,627,14,0.8311605695432476,131.47841103570963,21,2,137,0,52,0,Attack_DataExfiltration,1
2,0.2583540967694263,0,0,1,5,24,0.12690129723256083,9.335922557680062,43,8,2,0,0,1,Benign,0
1,0.1023285961951855,0,0,1,6,26,0.1296857464005465,3.4703961693155994,44,6,3,0,2,1,Benign,0
1,0.06134518938153419,0,1,0,6,29,0.2717288025843075,1.865078256433726,36,8,2,0,2,0,Benign,0
1,0.04410470309713345,0,0,0,3,32,0.07275642807160126,14.412601687622505,37,15,2,0,3,0,Benign,0
4,0.14137419365322665,0,0,0,7,31,0.340246124244964,2.603115271802919,29,8,3,0,2,1,Benign,0
1,0.00030799662980947047,0,0,1,5,23,0.2593073124715851,1.4791091081758692,40,12,0,1,1,0,Benign,0
1,0.07905019215123256,1,0,0,5,25,0.3394801484585764,4.0154062975916665,48,14,1,0,0,2,Benign,0
2,0.021724570243330646,0,0,0,5,24,0.17255854174555207,0.8901166195347872,45,5,1,0,2,0,Benign,0
2,0.029745616426980044,0,1,0,1,19,0.1672388192898294,7.5681891701055095,45,14,3,0,0,2,Benign,0
2,0.029675635321487995,0,0,1,5,34,0.12624190427975965,2.984769410582037,41,4,3,1,2,0,Benign,0
3,0.03544196093719614,1,0,0,4,21,0.10014156548302752,2.6028938573329707,42,7,1,0,4,0,Benign,0
3,0.036372470705074086,0,0,0,3,33,0.15481469940961815,4.539041254932438,30,2,2,0,1,0,Benign,0
1,0.10614168389923564,1,0,0,4,19,0.1038811620164055,0.36296482828590737,33,8,2,0,4,1,Benign,0
1,0.0047435673101807645,0,0,1,4,17,0.24208775892044251,2.8547194017577056,34,9,0,0,2,2,Benign,0
2,0.8275964044859062,7,6,219,623,25,0.9299963150113966,248.0762924625437,24,3,163,3,59,2,Attack_DataExfiltration,1
3,0.02605504806103109,0,0,0,7,27,0.06210764629144072,0.5600645248465956,40,12,2,0,0,0,Benign,0
3,0.02004868063062427,0,1,0,3,23,0.2915569525563846,10.528746406218618,42,13,5,0,1,1,Benign,0
2,0.03683746139263212,0,1,0,4,17,0.08448587686992592,4.122204777335729,45,8,1,1,1,0,Benign,0
2,0.02328198095077538,1,0,0,8,23,0.2709675059733389,1.4621875519926832,33,8,1,0,0,1,Benign,0
2,0.041016486094293224,1,0,2,6,22,0.07816751712692233,3.4647240716484458,47,9,2,0,0,0,Benign,0
2,0.011408885709660869,0,0,0,5,19,0.15527190168159213,0.7976896402057434,36,7,2,0,1,1,Benign,0
1,0.06621481878530922,0,0,1,2,20,0.1995216130298186,4.56961872018909,37,10,2,0,1,0,Benign,0
3,0.059574780096130146,1,0,1,5,18,0.1600170035024714,1.821760963279646,37,16,2,0,1,1,Benign,0
1,0.018702006072036367,0,0,0,3,33,0.081279668209064,1.75493517171781,39,11,1,0,0,1,Benign,0
3,0.02852727719778048,1,0,0,5,28,0.0375886157115395,0.7618713025691136,41,8,2,0,1,1,Benign,0
2,0.030551634693874362,0,0,1,7,29,0.11450940778778548,1.0824285960389963,41,6,2,1,3,0,Benign,0
3,0.03435857266771887,1,0,0,11,25,0.054799160547562606,1.0720456297637464,33,5,0,0,1,2,Benign,0
5,0.17113594759397197,2,2,0,10,6,0.14662448513488738,0.4403135197663508,117,7,0,21,0,17,Attack_InsiderSabotage,1
2,0.28919505334090817,0,0,1,5,32,0.019214830627694968,1.617428276484777,44,11,2,0,3,2,Benign,0
2,0.03619265442255814,1,0,0,6,37,0.36054957518983455,5.744754063975136,42,10,1,0,2,0,Benign,0
2,0.05498014009058015,0,1,0,7,28,0.21837543628153483,0.3285548469538233,46,10,2,0,3,0,Benign,0
2,0.0462406459662574,0,0,0,4,16,0.07872697087239863,8.29455438172044,41,15,3,0,1,0,Benign,0
4,0.20476879648308807,5,0,0,7,6,0.04600110073138124,2.8694528815869518,95,3,0,17,0,18,Attack_InsiderSabotage,1
4,0.01629252197186802,0,0,1,3,24,0.3877352534051362,3.9579213417922556,30,8,1,0,1,1,Benign,0
5,0.10668398250016667,0,0,0,4,33,0.0695463326997511,6.3761559417804445,47,9,2,1,0,0,Benign,0
1,0.054608884380520716,0,1,2,9,21,0.1566611033557535,2.21188820327987,40,13,1,0,0,0,Benign,0
3,0.0567227464659939,0,1,0,9,19,0.29112179467101623,4.805509575188963,39,7,1,0,1,0,Benign,0
1,0.8073222358557227,10,5,250,619,10,0.5621991065296393,424.2848850559258,19,7,162,0,44,1,Attack_DataExfiltration,1
1,0.01682263320807446,1,0,0,3,22,0.3396748340580698,2.9969423564971427,33,11,0,0,0,1,Benign,0
2,0.1323709239751576,0,0,0,2,26,0.289360057902993,4.384382086897196,39,14,3,0,1,2,Benign,0
1,0.1204713996414517,0,0,0,6,21,0.5184429894462885,1.4355056751298987,34,18,3,0,0,0,Benign,0
1,0.15509294037151666,0,0,1,7,20,0.361580676072023,0.6268755085157708,37,15,3,0,0,0,Benign,0
2,0.07522116276444464,0,0,0,4,28,0.10466232413025549,10.877867513011818,45,9,0,1,0,0,Benign,0
2,0.035084709882062706,0,1,0,4,24,0.25425965158765773,8.74269133317087,33,9,2,0,1,0,Benign,0
3,0.05339848743947108,0,1,0,3,31,0.10945806981474109,0.856031934047172,35,11,1,0,0,0,Benign,0
1,0.08381180288439699,1,0,0,6,22,0.1810160648278894,3.6943529830541557,39,11,2,0,1,1,Benign,0
2,0.47044790633226524,5,12,238,585,15,0.7472375733574717,121.73504084856953,26,5,176,1,44,0,Attack_DataExfiltration,1
1,0.5832226823582385,6,4,250,579,21,0.9500719776190627,218.65564213900382,20,9,172,2,50,0,Attack_DataExfiltration,1
1,0.3990990887293502,5,9,260,603,14,0.7191286145771545,472.41449910158576,18,3,196,0,53,2,Attack_DataExfiltration,1
1,0.06281483147686955,0,0,1,6,30,0.3317096800086432,2.6935745517302085,50,10,0,0,0,0,Benign,0
4,0.024104084056990074,0,0,1,6,30,0.06466978181272244,13.234610968691163,48,11,2,0,2,1,Benign,0
1,0.07590080123290671,0,0,0,7,34,0.04997206694883558,0.5009865311901056,49,18,1,0,0,0,Benign,0
2,0.025236085832790137,0,0,1,4,32,0.3252051728059027,1.6009590643812377,34,7,3,0,1,0,Benign,0
1,0.022353238652017934,0,0,0,4,25,0.13552729749584785,1.5326963794897972,32,10,0,0,2,0,Benign,0
2,0.011022399124844123,0,1,0,10,27,0.203282065482046,3.0946376535565165,39,8,2,1,0,0,Benign,0
1,0.03361964394320493,0,0,0,4,23,0.013688365631793138,1.8612149666102642,45,11,2,0,2,1,Benign,0
1,0.04513581867794265,0,0,0,4,29,0.30693933993575545,3.5701422371278277,37,10,1,0,2,0,Benign,0
4,0.5341006988000131,6,7,249,604,18,0.9129354165521512,129.46835728382172,21,5,180,0,52,4,Attack_DataExfiltration,1
10,0.4206637268715565,2,2,0,6,5,0.0635057722538852,0.2683175642270967,107,5,0,9,0,17,Attack_InsiderSabotage,1
4,0.6391849981618365,5,1,0,7,6,0.053257294416318976,0.9351617861508231,91,1,1,10,0,14,Attack_InsiderSabotage,1
1,0.007116354360768424,0,0,0,3,24,0.04640226214108642,16.145516494650707,32,9,1,0,0,0,Benign,0
1,0.021860091023371327,0,0,0,4,24,0.42284820428928027,0.5339587219229416,44,19,1,0,1,1,Benign,0
2,0.025920075515105483,1,1,0,8,24,0.37894490774530537,3.655003894719554,45,9,5,0,2,0,Benign,0
2,0.13421879786011273,0,1,2,5,22,0.05595946431950401,0.3514194392549991,36,11,0,0,1,0,Benign,0
2,0.010854809665319754,0,0,0,3,27,0.05214177214620613,5.501086671307496,39,10,2,0,1,0,Benign,0
1,0.010856334850872987,0,0,0,6,28,0.1368479868391001,1.4226974670041235,35,9,0,0,0,0,Benign,0
2,0.01033656891038546,0,0,0,5,21,0.08865163704140018,1.3142846787371825,34,10,1,0,1,0,Benign,0
1,0.015526134227929032,1,0,1,6,25,0.0469992781174685,1.1850871954913806,35,6,2,0,2,1,Benign,0
1,0.0356575205329821,0,1,0,4,25,0.21179694423675763,1.7628095538986692,37,11,1,0,0,2,Benign,0
1,0.011313871907838164,1,0,1,5,39,0.3122780979520381,3.1689217060715222,42,7,2,0,1,0,Benign,0
1,0.0005180506584694073,1,1,1,4,31,0.005158277932399205,1.9598375126873386,28,13,3,0,0,1,Benign,0
1,0.09377141339189937,0,0,0,5,25,0.15792030265820822,0.2965632229275431,32,11,3,0,2,1,Benign,0
3,0.018596723607005143,0,0,0,4,22,0.25399519097103185,2.700866482708849,32,12,4,0,2,0,Benign,0
1,0.0011974468931504826,1,1,0,6,28,0.06178500433363008,0.6434469320822143,39,4,1,0,2,0,Benign,0
1,0.02562140375402698,0,0,0,3,25,0.1977745205416431,4.460259802427466,42,13,4,0,2,1,Benign,0
4,0.08729632593441607,0,0,1,5,15,0.029482671653192002,2.2429320110626056,37,11,1,0,0,2,Benign,0
2,0.0542456118849529,0,0,0,4,20,0.1887046748114694,2.842029901308373,36,8,2,0,0,0,Benign,0
1,0.005414450775568112,1,0,1,3,33,0.28528365572632003,14.063043579949044,43,6,0,1,1,0,Benign,0
2,0.04493796405244615,0,0,1,4,26,0.06735117827972713,2.355249024706016,37,10,1,1,1,0,Benign,0
3,0.011697047576456723,0,0,1,8,35,0.24731029692991272,2.3419127488381446,36,9,1,0,0,0,Benign,0
2,0.05790470304531657,0,0,0,3,23,0.22815013467803047,8.69832658819827,39,4,2,0,1,0,Benign,0
3,0.015421849426264816,0,1,0,2,21,0.4493138833580268,2.2301285566102407,51,8,1,1,2,0,Benign,0
1,0.015884454461066098,0,0,1,6,22,0.13246078848991089,6.981332897224415,37,15,0,0,0,0,Benign,0
2,0.016431766736467228,0,0,0,4,17,0.18894067905116813,1.2097710049418728,29,11,2,0,3,0,Benign,0
3,0.031079974447051673,0,0,0,3,22,0.07440215739022667,1.4522031639370427,42,15,3,0,0,0,Benign,0
7,0.3508061717361367,4,1,0,15,4,0.04619973337421072,2.878055775572614,94,4,1,9,0,24,Attack_InsiderSabotage,1
1,0.04907293687438521,0,2,1,7,26,0.19772756839203193,3.300605373731827,48,8,2,0,0,0,Benign,0
2,0.3316695009373502,7,7,244,602,14,0.794953570910898,103.7125347100205,21,10,172,1,46,2,Attack_DataExfiltration,1
2,0.02769944010199094,0,0,1,8,24,0.3724972887387818,1.6543500654904741,40,12,6,0,2,0,Benign,0
4,0.026217641757429164,2,0,1,6,21,0.21404313696524913,7.476694537273478,46,10,2,0,1,1,Benign,0
1,0.059912969267628714,0,0,1,6,25,0.22122068385297727,1.7853746918895952,37,10,2,0,2,0,Benign,0
1,0.05699502593405474,0,0,0,5,24,0.26308217443232523,2.017710803157449,44,15,1,0,0,0,Benign,0
2,0.05536629651402509,0,0,0,5,24,0.09054738708074848,0.8085152434885015,36,10,0,0,1,0,Benign,0
3,0.015774605336258168,1,1,2,2,33,0.18826108003033287,1.0403332939578878,35,11,2,0,0,0,Benign,0
1,0.006405350758347228,0,0,0,4,22,0.11359830289189149,9.005290845589098,40,11,2,0,0,0,Benign,0
1,0.005443100143347755,0,0,0,4,24,0.23832413067211336,0.7920464458130971,47,10,1,0,2,0,Benign,0
3,0.1028711386068597,0,1,1,7,31,0.20216063403983162,10.606434467244027,48,13,1,0,1,0,Benign,0
2,0.053099171370111935,0,0,1,3,34,0.08758864264764196,1.5203832940946616,55,9,1,0,1,0,Benign,0
1,0.9181790463787037,5,4,250,604,20,0.835749786270031,204.06269162440555,24,6,164,2,47,2,Attack_DataExfiltration,1
1,0.03202426504880572,0,0,0,7,29,0.09075348148990207,0.16913445822568168,37,16,3,0,0,2,Benign,0
1,0.015779130519686563,0,0,1,4,25,0.07545436620565572,2.9309464944496284,37,9,0,0,1,1,Benign,0
1,0.014044188109461137,0,0,0,6,31,0.04507880182441719,6.591227291414033,45,11,2,0,0,0,Benign,0
2,0.013454607643549244,0,0,0,4,24,0.06252731702919595,1.7763667259395057,37,6,2,0,2,0,Benign,0
1,0.1263011216649776,0,0,0,3,34,0.3609718689417319,2.641496956982579,36,10,1,0,2,0,Benign,0
1,0.008581873759263635,0,2,0,2,28,0.1251301703496995,1.7213000755863785,40,8,2,0,1,0,Benign,0
1,0.0926474849147939,1,0,1,2,29,0.20441769802059676,2.4735708753077805,42,13,1,0,1,2,Benign,0
1,0.08486456990434559,0,0,0,6,25,0.12450238698474604,0.06441062000602886,37,8,0,0,1,0,Benign,0
1,0.016795989567518495,1,0,0,7,23,0.05538626291095321,4.0717912224211235,38,13,2,0,0,0,Benign,0
3,0.02628973783587185,0,0,1,8,22,0.17569086969108808,3.941504111576184,40,3,3,0,0,0,Benign,0
1,0.5293755312615509,6,4,252,657,16,0.7985653134451453,310.29533808539054,14,5,150,1,53,1,Attack_DataExfiltration,1
2,0.03379125607113823,0,0,1,7,23,0.12706219907791724,26.868435150369045,46,10,0,0,3,0,Benign,0
3,0.05705419712114379,1,0,0,5,23,0.055264431714229754,2.714391557955228,41,16,1,0,0,0,Benign,0
1,0.012678947041584888,0,0,1,7,32,0.16269234598542445,5.331530658543066,41,9,1,0,0,0,Benign,0
1,0.01547028482690678,0,0,0,6,29,0.14536362098117347,10.857895082959443,34,6,1,0,2,1,Benign,0
1,0.01191875719277131,1,0,0,2,28,0.16449855139770259,1.572233487338755,43,11,2,0,2,1,Benign,0
2,0.006099324597509996,0,0,2,4,34,0.198257917931126,3.9832997216627106,37,8,3,0,3,0,Benign,0
2,0.01998141343812149,0,0,0,5,16,0.26708449975810944,6.354964536403145,28,14,1,0,2,0,Benign,0
2,0.005949900347715654,0,0,1,5,25,0.08981840086034901,6.353101512457905,45,12,0,0,2,1,Benign,0
2,0.0032343246658126192,0,0,0,7,26,0.2012668617171316,4.676649999928449,47,11,1,0,0,1,Benign,0
2,0.02337501210829767,0,0,0,6,28,0.1971799585705112,0.5969183481324922,44,4,3,0,0,0,Benign,0
4,0.05124963858694151,1,0,0,3,24,0.2805450988468802,0.5529969481497035,37,9,2,0,0,0,Benign,0
1,0.07915373852602954,0,0,0,5,21,0.026419869893191228,2.8547571640694684,47,10,1,1,2,1,Benign,0
1,0.16502617672777306,0,0,1,7,30,0.023784360160238095,8.839818942754924,32,14,4,0,2,1,Benign,0
1,0.11575054749737718,0,0,2,6,23,0.033879968889583854,6.719499793664405,44,11,2,0,0,0,Benign,0
2,0.004847395410819725,0,0,0,5,26,0.19428282363179486,4.844039159273798,35,7,1,0,0,1,Benign,0
1,0.10814070442439155,0,1,0,2,21,0.08093646823568235,3.698710438696536,35,10,1,0,1,0,Benign,0
1,0.00015633870112671922,0,0,0,3,29,0.0765989899452645,7.093964279154673,40,9,3,0,2,0,Benign,0
2,0.05292170743419775,0,0,0,5,32,0.03881494379094351,1.4279539793561884,34,10,1,0,0,0,Benign,0
4,0.028582434098514953,0,0,0,1,16,0.042265596050191534,0.5474922596629769,47,5,2,0,1,0,Benign,0
2,0.7965223948732428,2,9,257,586,19,0.6977586993015683,130.18167796741253,21,5,152,6,43,2,Attack_DataExfiltration,1
3,0.03799093064147132,1,1,0,7,20,0.2420764249102066,6.309048821966443,49,6,2,1,2,1,Benign,0
2,0.01816799508834783,1,0,0,7,29,0.3235969913199189,2.3614615160514383,37,12,1,0,1,0,Benign,0
1,0.030018096847504554,1,0,0,3,29,0.10788515917991928,1.4697594830900307,36,9,4,0,2,0,Benign,0
4,0.8604287986349377,4,5,238,610,15,0.842219442393154,95.69830300892501,24,7,157,2,60,1,Attack_DataExfiltration,1
1,0.009501823281071685,0,0,1,7,29,0.06430080084786673,1.433633694511808,43,10,0,0,1,0,Benign,0
2,0.13280357489190509,0,0,0,8,23,0.17181927789461962,25.242099555332448,38,7,2,0,2,0,Benign,0
1,0.0013635295828862836,0,0,1,5,27,0.3944040096980985,1.9266081494394458,28,10,3,1,1,1,Benign,0
1,0.005598374865210099,0,0,0,8,29,0.17506663251800464,6.942164521838031,29,11,3,0,0,0,Benign,0
3,0.06435080071222891,0,0,1,11,22,0.14081906086276544,1.6792930939979682,41,11,4,0,1,0,Benign,0
1,0.006335653096683412,1,0,0,3,18,0.4234662432940577,0.268052429559658,53,9,1,0,1,0,Benign,0
1,0.14045230314667778,0,0,0,3,25,0.10978277653236813,4.738025791910357,45,10,3,0,1,1,Benign,0
2,0.0031913042162285904,0,0,1,3,30,0.34910362925128546,1.3644742124639495,42,17,2,0,1,2,Benign,0
5,0.8829399882541177,3,7,254,606,11,0.8133713843033288,224.39069956326244,21,4,174,1,52,1,Attack_DataExfiltration,1
1,0.07429633332119844,1,1,0,7,22,0.058686038755524576,0.7009443317906859,22,10,1,0,4,0,Benign,0
1,0.0564570189778179,0,0,0,6,19,0.037971082010592794,3.7150300549177344,37,10,1,0,1,0,Benign,0
1,0.04664953721940986,0,0,0,8,33,0.18067282658444975,13.068566954782883,43,8,0,0,0,0,Benign,0
1,0.08814626135817874,0,0,0,4,24,0.26180541424414555,16.747731047182793,35,7,1,0,0,1,Benign,0
1,0.00364444199481528,0,1,1,13,34,0.18285875725824186,6.758364564408344,29,6,2,0,1,0,Benign,0
2,0.007312637815889753,0,0,0,5,31,0.24504470216729696,8.060744409688526,50,11,1,0,2,0,Benign,0
2,0.06585720085257776,0,0,0,5,28,0.3150478072341932,3.5213874290591334,42,9,2,1,0,0,Benign,0
1,0.1202420111871076,0,1,0,5,17,0.08162528851865135,3.1657288338594376,38,17,0,0,1,0,Benign,0
2,0.030901079505968678,1,0,0,3,29,0.15249188886589746,9.421807921617008,42,15,2,0,0,0,Benign,0
1,0.05282011277335205,0,0,0,9,27,0.29448397911950924,4.274300168258391,43,10,1,0,1,0,Benign,0
3,0.08379337300038461,0,0,1,4,24,0.06979295064775533,3.031123128704714,47,10,1,0,1,0,Benign,0
1,0.054146244396921485,1,0,0,7,33,0.29274507058363264,3.008193200328389,39,14,3,0,1,0,Benign,0
1,0.1255422359536281,0,0,1,0,24,0.10461028561587321,0.9671868812455731,35,6,2,0,1,0,Benign,0
1,0.05693687434600598,0,0,0,6,24,0.09267003001368433,3.713350772314603,54,10,2,0,0,0,Benign,0
1,0.02838520045735342,1,1,0,3,24,0.0020697051639781863,1.5359016081030414,35,9,2,0,3,0,Benign,0
1,0.12737711502390275,0,0,0,5,25,0.2538238697794052,1.6650453167361592,38,6,8,0,1,0,Benign,0
1,0.11570783381692286,1,0,1,3,22,0.17676459959838395,0.4386919549256402,49,7,2,0,1,0,Benign,0
1,0.025168510947402214,1,1,1,3,25,0.1972755307112524,2.796626178592705,48,12,4,0,2,0,Benign,0
4,0.5449734912112693,7,3,256,581,13,0.8269191551458726,303.115284886866,19,5,177,1,51,2,Attack_DataExfiltration,1
1,0.009382610904274299,0,0,1,6,21,0.11003190609619237,2.5906263864643817,43,11,5,0,2,0,Benign,0
1,0.17180886587965521,0,0,1,4,16,0.34213679053257723,8.877124607855286,32,5,5,1,0,0,Benign,0
1,0.00544820017167741,0,0,1,7,22,0.19570499679954792,19.679885944634652,31,7,1,0,0,1,Benign,0
2,0.06577395779614666,0,0,2,6,15,0.12748688196898383,7.319244096431207,41,17,1,0,1,1,Benign,0
1,0.05887791965430884,0,0,0,5,17,0.12520302690092577,6.054057453956532,39,6,1,0,3,0,Benign,0
2,0.02954825630101278,1,0,1,3,22,0.19270366238249753,1.8045804079642476,38,6,4,0,0,0,Benign,0
1,0.06754767367657465,0,0,0,2,40,0.15094194732490823,6.02382595849009,37,13,3,1,2,1,Benign,0
2,0.037541543713061724,0,1,2,4,17,0.127440026569427,0.2496554990728005,38,7,2,0,3,0,Benign,0
2,0.07689267589038444,0,1,0,6,18,0.4599603236864684,2.075690783399151,36,15,1,0,2,0,Benign,0
3,0.10311356611738728,1,0,0,3,26,0.11579135416080183,8.449166985807581,27,10,4,0,2,0,Benign,0
2,0.05614787675546741,0,0,0,3,23,0.10504158917951004,8.718194862197818,42,11,2,0,2,1,Benign,0
3,0.04593120813392597,0,1,0,9,21,0.05469388517389724,96.28866533712407,40,12,1,0,0,0,Benign,0
1,0.03157969938773274,0,0,0,9,25,0.17018991859276897,4.2713321191531906,35,19,1,0,2,0,Benign,0
1,0.07400320988891973,0,1,1,5,18,0.11619271300532762,1.427594994452893,40,8,3,0,1,0,Benign,0
1,0.04718879549718214,0,0,0,4,30,0.2152649621549912,3.6688669951410438,39,15,3,0,2,0,Benign,0
1,0.7840620203962468,3,5,223,589,20,0.8580899872510543,160.12083241402772,18,6,154,0,51,1,Attack_DataExfiltration,1
4,0.7303296049258459,10,2,232,587,19,0.9344217951958167,259.49658207874046,18,8,152,0,35,0,Attack_DataExfiltration,1
2,0.020017812429312404,1,0,1,3,32,0.33021369072270645,5.40185578667199,49,10,2,0,2,0,Benign,0
1,0.07680652156575696,1,0,2,8,26,0.04384120313739285,6.563798392620145,47,9,1,0,0,0,Benign,0
3,0.05444393195830601,0,1,1,2,29,0.16741205902635944,1.013093162123844,47,8,0,0,1,0,Benign,0
1,0.0383496740239899,0,1,0,8,29,0.34747854650889787,1.2888180025585447,47,9,3,0,1,0,Benign,0
2,0.0595849222280736,0,1,0,5,30,0.2193131592488437,1.204231353538814,45,11,2,0,0,0,Benign,0
1,0.056107523047819526,0,0,0,7,21,0.03782678411434514,3.5056850826149533,36,7,0,0,2,0,Benign,0
3,0.023058792344175627,0,0,0,3,21,0.11833857191572059,5.197744196433044,51,10,1,0,2,0,Benign,0
5,0.043406701619219376,0,1,0,1,25,0.2427044701260326,64.73747940858749,37,9,0,0,0,0,Benign,0
1,0.06722084386711229,0,0,0,5,26,0.04647268719425473,7.309987685423868,33,10,2,0,1,0,Benign,0
2,0.1429346717161738,0,0,2,2,30,0.32076400319508996,3.094680820375513,39,8,1,0,0,0,Benign,0
1,0.8622176662353938,4,1,0,11,6,0.006567717097634762,0.8458215378773465,105,8,2,10,0,15,Attack_InsiderSabotage,1
2,0.5516223673535303,9,5,268,570,12,0.7203429676247765,119.93907223485128,22,4,176,1,43,2,Attack_DataExfiltration,1
1,0.06814588768326824,0,0,0,4,19,0.1628705332363555,0.5531406824350594,39,9,2,0,1,0,Benign,0
1,0.1698442500573832,0,0,0,9,23,0.2854641616386028,4.049829406184168,52,5,2,0,0,1,Benign,0
2,0.7475303547711375,3,6,260,634,9,0.7678858188497912,71.51132295739295,19,5,163,1,62,1,Attack_DataExfiltration,1
2,0.019677436436332723,0,0,0,5,20,0.10645547897576814,4.218322858024661,35,14,2,0,1,1,Benign,0
1,0.07199046734564574,1,0,3,6,22,0.09876637911563743,30.796985771611432,32,12,1,0,2,0,Benign,0
1,0.02995552536895513,0,0,1,4,29,0.08988046971458626,1.1665295859107763,34,10,4,0,2,1,Benign,0
1,0.09714598168406888,0,0,0,8,23,0.2425601058215348,2.053126129515909,44,7,6,0,2,1,Benign,0
3,0.07388598954556462,1,0,0,6,25,0.11325111805594895,12.76937408621264,44,13,2,0,3,0,Benign,0
2,0.7386266414192307,3,0,0,14,9,0.08362499460726158,5.314945916051082,99,0,0,11,0,22,Attack_InsiderSabotage,1
1,0.08005137651673272,0,0,0,1,26,0.11751465713770701,28.202431434599095,35,10,1,0,1,0,Benign,0
3,0.11601877008326018,0,0,0,1,18,0.231135763689666,9.819710601016542,31,10,1,0,0,1,Benign,0
1,0.21539439043714856,0,0,1,3,27,0.11765923225059521,1.1125676556439197,38,10,0,0,1,0,Benign,0
1,0.7829799131684825,2,4,268,608,10,0.9131145976523067,77.1439395196443,22,4,180,0,59,2,Attack_DataExfiltration,1
6,0.5176269056436545,3,1,0,11,3,0.2594123141574179,0.38036224473808694,104,5,0,15,0,18,Attack_InsiderSabotage,1
4,0.03484367000050994,0,0,1,4,29,0.031294943056403846,0.6584964689288227,38,12,4,0,0,1,Benign,0
1,0.02687548821967818,0,0,1,5,24,0.20057569138419748,0.6514053432281024,40,11,3,0,0,0,Benign,0
2,0.060049331770633596,0,0,0,2,25,0.3241187576533525,5.872274592573179,50,14,4,0,2,0,Benign,0
2,0.02300419616376117,0,1,0,8,19,0.1110768611483937,1.6198391492989754,39,10,2,0,1,0,Benign,0
1,0.08230419550817497,0,0,2,6,31,0.09464239530185212,3.80570972656111,54,9,0,0,1,0,Benign,0
1,0.062374191274169766,0,1,1,6,27,0.3168178433690961,2.1620355454131848,50,12,2,1,3,0,Benign,0
1,0.040004132254594114,2,1,0,7,17,0.0776756620420639,7.386280048131212,42,5,0,0,1,0,Benign,0
1,0.056896032973860235,1,0,0,3,24,0.10222166842000441,0.7370879384798221,31,14,2,0,1,1,Benign,0
1,0.05916825941210056,0,0,0,6,23,0.05126539938042358,1.8376143553998225,34,15,1,0,2,1,Benign,0
2,0.08615832694316743,0,0,0,2,36,0.1520333723574463,1.4618050595121024,38,9,3,0,3,0,Benign,0
1,0.1320999505183069,0,0,3,2,18,0.01883587081790542,12.143742271376672,40,8,1,0,2,0,Benign,0
1,0.013338851481891895,0,1,0,5,24,0.13128090986903945,4.866236381134778,46,11,1,0,1,0,Benign,0
3,0.5124879621816744,2,2,0,10,3,0.1255717982326415,0.858073663163622,93,7,0,15,0,18,Attack_InsiderSabotage,1
1,0.12503567098720492,1,0,0,4,24,0.09631968123486441,3.2828818350813407,45,8,1,0,1,0,Benign,0
3,0.01458281358904241,0,0,1,3,21,0.06824456418558518,0.6257080137993776,45,10,0,1,0,0,Benign,0
2,0.019581059579282325,0,0,1,5,23,0.2354303692651833,3.5125269034866737,38,9,3,0,1,1,Benign,0
3,0.003947496900567289,0,0,2,6,24,0.012764104262353481,0.5458855827118891,44,12,1,0,2,0,Benign,0
1,0.016065316249704073,0,0,0,4,18,0.24051712669949818,1.334847044774452,41,9,1,0,1,0,Benign,0
1,0.11096864459395157,0,0,2,6,25,0.3523411524582616,0.9811024515905626,40,9,1,0,3,0,Benign,0
2,0.1707486629124425,0,0,0,8,19,0.043678774467598956,1.7531162975809365,41,7,2,0,1,0,Benign,0
2,0.02179595240206955,0,0,0,0,21,0.3394456249520585,6.011874912186906,38,8,2,0,3,0,Benign,0
1,0.7645973880089993,3,7,243,587,14,0.7359751669466229,95.91944495282817,15,8,169,1,46,0,Attack_DataExfiltration,1
1,0.02507215311778278,0,0,0,3,29,0.16165524213063576,2.2574720801608703,49,16,5,0,3,0,Benign,0
1,0.07920185115106747,0,1,1,5,21,0.07433304334710834,2.6440835285683666,31,16,2,1,0,0,Benign,0
3,0.019949970998080345,0,0,2,5,27,0.12695906380560962,2.272124443275924,38,13,2,0,2,0,Benign,0
1,0.03327664474637661,1,0,0,3,23,0.17812610297128056,3.3081208710711563,45,10,2,0,2,0,Benign,0
2,0.029329777741642984,0,0,0,5,21,0.3187682132664336,15.448135175612746,35,9,1,1,2,1,Benign,0
1,0.153881458821172,0,0,1,6,19,0.37091893829468703,1.0187036549995776,38,11,1,0,1,1,Benign,0
1,0.003767920140856943,0,0,1,2,18,0.06872197460515589,1.9592525995147734,42,8,1,0,1,0,Benign,0
1,0.010275834519991327,0,1,0,4,26,0.07641490998959302,2.70972009623503,30,8,3,0,1,0,Benign,0
2,0.1018347657282228,0,0,1,7,21,0.15089477979454344,1.0701186821063469,42,11,1,0,1,0,Benign,0
3,0.915117888591695,11,4,258,617,14,0.8963595475114479,148.54721572416787,20,4,174,2,58,1,Attack_DataExfiltration,1
2,0.08753176675500073,1,0,0,8,33,0.2674291180268911,0.831214764563091,33,10,4,0,2,0,Benign,0
1,0.04411105335051188,1,0,1,7,19,0.08980674429327705,0.9598799168324295,45,12,1,0,1,1,Benign,0
1,0.0025550651819560583,0,0,0,7,29,0.14204136823941388,2.9660068334601783,33,14,1,0,2,1,Benign,0
1,0.8599459332110807,7,3,252,574,18,0.8532221019081411,179.62520265231754,24,3,180,2,50,0,Attack_DataExfiltration,1
2,0.08524218735116965,1,0,0,10,27,0.07462475091392667,4.13763630009827,34,7,2,0,0,0,Benign,0
1,0.04503070063606332,0,1,1,9,25,0.06459559124674462,0.8792006788395946,32,10,4,1,1,0,Benign,0
1,0.01792212481198885,0,1,0,3,28,0.1811966456638395,0.2721711869432671,41,13,2,0,2,0,Benign,0
1,0.0578472995620596,0,0,1,2,22,0.06902142995507198,0.3280188093464715,42,10,2,0,0,0,Benign,0
2,0.05251760873847671,0,0,0,10,27,0.09053731062043519,2.1256589633201153,47,10,2,0,0,0,Benign,0
4,0.002979044101243075,0,0,1,4,25,0.17034924902978196,2.443721620024421,32,14,2,0,1,1,Benign,0
3,0.09159899047015792,0,0,1,5,29,0.15711631019770889,1.9953444938926908,43,11,3,0,1,1,Benign,0
1,0.05734262839774678,0,0,1,2,26,0.29002255780737174,3.962701474468423,41,8,3,1,1,0,Benign,0
1,0.039306409207352656,0,0,0,5,24,0.03698392348276792,2.464519268719911,47,10,4,0,0,1,Benign,0
3,0.05489927298420766,0,0,0,5,26,0.11018020194341054,1.2996746358667919,32,12,2,0,0,0,Benign,0
3,0.06804190005668095,0,0,1,5,33,0.15567600745126708,1.3973716265277798,42,10,3,0,0,0,Benign,0
1,0.7901575163283143,5,7,246,592,11,0.8460779016219693,213.92128713287795,28,7,176,0,61,0,Attack_DataExfiltration,1
1,0.12613282021125033,0,1,2,2,28,0.27844639300132945,6.909646460629334,43,6,1,0,0,0,Benign,0
1,0.009854955186368062,0,2,0,8,18,0.2855966434723803,7.206548080125521,35,11,2,0,2,2,Benign,0
2,0.17337072963173805,0,0,0,7,21,0.199743343276813,1.2678519233284353,43,9,2,1,0,1,Benign,0
1,0.039505355919507455,0,0,0,5,19,0.03628585667303815,1.0097645836459737,52,10,3,0,2,1,Benign,0
1,0.01666344365580034,0,0,0,5,18,0.2085646652012573,7.316664140030613,36,11,3,0,0,1,Benign,0
4,0.01391077182470194,1,0,2,7,19,0.08658740730281124,5.7674912592001855,35,11,3,0,2,1,Benign,0
2,0.11349804917132746,0,1,0,7,30,0.18556651568759,10.336311042636979,35,11,2,0,2,0,Benign,0
1,0.00365250943735116,2,1,1,6,23,0.1473264186179464,10.669430777786532,38,13,1,0,4,0,Benign,0
1,0.09383087983845184,0,0,0,4,27,0.2046262750430659,13.641044182653072,43,12,0,0,2,0,Benign,0
1,0.08230775367835046,0,0,0,5,17,0.09776078773388407,1.577823704351039,48,12,4,0,0,1,Benign,0
1,0.06230294103048406,0,0,1,7,25,0.031492069543251254,8.693188923636027,48,8,3,1,1,0,Benign,0
1,0.08861416738516556,0,0,0,4,22,0.0999579806816506,0.8822274651196482,36,9,3,0,0,0,Benign,0
1,0.18427056403836659,0,0,1,5,23,0.25770193372690325,3.5121872154719713,31,7,3,0,1,0,Benign,0
1,0.48007973451362534,1,4,248,599,7,0.833276650923107,110.47058345600583,18,3,161,0,46,2,Attack_DataExfiltration,1
1,0.042508454056159245,0,0,0,7,20,0.18502444156694425,3.446540277676555,47,10,2,1,0,0,Benign,0
8,0.2772135575586217,3,1,0,8,10,0.09759775983508875,0.17063656572807978,98,2,2,20,0,19,Attack_InsiderSabotage,1
1,0.016769848495396786,0,0,0,7,33,0.03993301039756206,2.3404024107981485,44,5,1,0,1,0,Benign,0
1,0.04171513857729621,1,0,2,2,23,0.28002521776569134,1.5301142840582589,44,13,0,0,3,0,Benign,0
4,0.07036076844679916,0,0,0,4,24,0.2606468261093243,1.9614570171925279,34,10,0,0,0,0,Benign,0
3,0.06796510745205744,1,0,1,3,28,0.10108722648229035,2.4429262496945126,36,10,2,0,0,0,Benign,0
1,0.014058228734548933,0,0,1,7,24,0.07520007754518918,2.8940426486897337,26,8,1,0,1,0,Benign,0
1,0.12973295774067212,0,0,1,2,20,0.08099295785005291,0.6314723170768287,38,10,0,1,0,1,Benign,0
1,0.017076970710912503,0,0,0,3,37,0.2616273687365162,3.1871962738595916,41,9,1,1,1,0,Benign,0
2,0.01782999795079565,0,0,0,5,22,0.09682454589343402,1.9948167261364995,32,14,2,1,0,0,Benign,0
3,0.02929409678632932,0,0,0,4,26,0.13635608100545285,5.7615032183902075,29,9,1,0,0,1,Benign,0
1,0.0023786060613804035,0,0,1,4,24,0.1668195492677702,5.968932336311012,31,13,1,0,1,0,Benign,0
1,0.05404740213312627,0,0,1,8,23,0.1227607556506917,3.0613716190410107,42,10,3,0,2,0,Benign,0
2,0.07502849597067,1,0,1,7,26,0.1049763949594295,1.9598163605149481,38,11,2,0,1,0,Benign,0
2,0.05695015488076813,0,0,0,6,24,0.2755227215247153,1.84861182982332,34,9,2,1,0,1,Benign,0
2,0.38804609927262657,2,1,0,6,5,0.07612250758855925,1.4630856665889338,92,4,2,11,0,21,Attack_InsiderSabotage,1
1,0.06313903366977171,0,0,0,5,26,0.06736447740167872,5.85642821535397,49,10,3,0,0,1,Benign,0
1,0.061315209445916376,0,0,0,12,26,0.13461003123053147,0.9697207060840662,38,9,1,0,1,0,Benign,0
1,0.0006132604421774235,0,0,0,6,26,0.12885670247399728,0.5690302513682675,51,13,1,0,1,0,Benign,0
1,0.002774019344033675,0,0,2,5,29,0.24061933331769733,1.052828399636453,36,7,0,0,1,1,Benign,0
1,0.049804818013579985,0,0,0,5,24,0.11506035331240354,13.245215367341018,36,10,2,0,1,1,Benign,0
3,0.01776898057547296,0,1,1,2,22,0.4628047375744509,1.2872177350167324,52,9,2,0,0,0,Benign,0
2,0.014398438700920014,0,0,0,3,20,0.04267234343505421,15.777416104216123,31,7,1,0,0,0,Benign,0
4,0.1778937195634045,0,0,0,0,24,0.010867651401276636,1.322901154080443,41,12,2,0,2,0,Benign,0
2,0.04886937873562188,0,0,0,4,18,0.15662835273621334,7.369284366670919,46,15,2,0,2,1,Benign,0
2,0.012525120226122743,0,0,0,4,30,0.044929453203667785,3.4744534177912874,47,13,2,0,0,0,Benign,0
2,0.06731132907041036,0,0,2,9,20,0.08135650182850822,4.387713447634729,38,6,3,0,1,0,Benign,0
1,0.06229196597293399,0,1,1,6,32,0.29481419217650845,3.4519953463773003,40,7,0,2,0,0,Benign,0
1,0.1531508470688972,0,0,0,3,22,0.12579194162142698,1.494421667125537,48,8,0,0,1,0,Benign,0
3,0.07517813009716623,0,0,0,6,21,0.23725373031577465,2.06645183455843,39,6,0,1,0,0,Benign,0
4,0.10195781666175971,1,0,0,4,17,0.14655056714634324,14.222601819661016,35,12,2,0,0,1,Benign,0
1,0.06672102583959999,0,1,1,5,25,0.10713733024045446,2.2605664073609884,44,17,1,0,2,0,Benign,0
2,0.04928482172221895,0,0,0,6,29,0.22396063717924963,1.3027555428400908,37,12,2,0,0,1,Benign,0
1,0.021550599973760964,2,1,0,3,41,0.10102231310132759,2.142982275191999,39,8,3,0,2,0,Benign,0
1,0.1351972503784716,1,1,0,8,22,0.037200392263087856,1.7377651473423326,55,10,5,0,0,1,Benign,0
2,0.03608811076358344,0,0,1,5,20,0.18166035925567534,2.3933326086603146,33,11,2,1,1,1,Benign,0
3,0.018240185214520345,0,1,0,4,16,0.1778010195288882,1.0870031972257397,35,7,0,0,0,0,Benign,0
1,0.006811004549719014,0,1,0,4,25,0.14474688588182444,1.91221176584908,37,13,1,0,1,1,Benign,0
3,0.008474791693717898,0,0,0,3,25,0.050064610722484144,11.21302359526453,41,4,2,1,1,1,Benign,0
1,0.09287173577830321,0,0,0,8,23,0.12515781630521805,1.9392496910590395,40,11,2,0,0,0,Benign,0
1,0.044537366738291645,0,0,0,5,27,0.10459242394315585,2.0320163635432125,39,11,1,1,0,0,Benign,0
6,0.8899322789449194,3,0,0,11,4,0.04192984134773749,0.18334391439570236,91,11,0,18,0,28,Attack_InsiderSabotage,1
1,0.07627725001909945,0,0,0,2,29,0.2482812188625396,1.415035416636573,39,16,0,1,0,1,Benign,0
2,0.6339789068548882,8,4,268,590,18,0.7569311132081339,252.8993699439786,14,4,167,1,48,1,Attack_DataExfiltration,1
1,0.07861291326576501,0,0,0,5,22,0.2549744707454939,17.23202788083056,43,3,2,0,1,1,Benign,0
5,0.07234558881016276,1,0,0,6,23,0.12657714422644575,13.507761808422202,50,6,1,0,2,0,Benign,0
4,0.0037463000295777107,0,0,1,5,12,0.04348604946277778,1.5115852180208353,41,12,2,0,1,0,Benign,0
3,0.6637667822369714,4,5,278,575,13,0.9309590971989232,120.28514411984344,30,4,171,1,52,1,Attack_DataExfiltration,1
1,0.027011509184350985,0,0,0,3,24,0.29965730504797045,2.990408059374433,33,9,2,0,0,0,Benign,0
2,0.09855452615147385,2,0,0,7,21,0.08862854997399532,1.8845697675954882,38,6,1,0,1,0,Benign,0
1,0.37275561557191456,4,8,235,614,15,0.8092195464061812,314.95153809425904,21,4,168,0,51,1,Attack_DataExfiltration,1
1,0.0031743064217180836,0,0,1,3,33,0.26536396732622375,2.2629536449826633,47,14,3,0,2,1,Benign,0
2,0.01603828171532166,1,0,0,6,22,0.14301445646635957,9.375137409668875,38,12,1,0,1,0,Benign,0
3,0.6083923174491982,1,6,262,614,23,0.7362767709014708,121.84179046705844,25,9,173,1,43,2,Attack_DataExfiltration,1
3,0.02353666387876608,0,0,0,5,22,0.26673968298317424,1.4128968487686542,27,10,3,0,0,0,Benign,0
1,0.6656693311586755,4,8,259,603,11,0.7888185999628093,146.12120020771715,16,12,176,1,55,3,Attack_DataExfiltration,1
1,0.9037212230695199,4,10,242,594,17,0.7627078861869585,279.8113303552666,18,4,169,0,66,1,Attack_DataExfiltration,1
1,0.008506581998591427,0,2,0,7,33,0.24174828023433878,1.280134240740289,36,7,1,0,0,0,Benign,0
1,0.0005652531482703385,0,0,0,2,30,0.04778512171441399,2.836472181773013,38,5,1,0,1,0,Benign,0
1,0.009178852654966494,0,0,0,5,30,0.21357959557623862,2.195180436919937,42,14,5,0,2,0,Benign,0
2,0.03214310751556985,0,0,0,2,32,0.27857815334765,2.3934915481629857,36,10,1,0,0,0,Benign,0
1,0.0016689967762885233,0,0,0,8,15,0.10614978701123735,6.310267448927754,37,6,2,0,1,0,Benign,0
2,0.6912548321534145,6,4,248,601,13,0.918895604050561,443.8592688751047,20,2,170,1,55,1,Attack_DataExfiltration,1
1,0.01656405481302837,0,0,0,9,28,0.13012776213879668,20.250057992728994,36,9,2,1,1,0,Benign,0
1,0.0795934100575122,1,1,1,5,21,0.1585975927937095,0.43529990583317396,30,8,2,0,0,0,Benign,0
2,0.8769641463256207,5,4,264,629,9,0.9040061107581295,104.03016411052609,14,4,177,1,35,0,Attack_DataExfiltration,1
2,0.8552187028208998,5,7,247,606,19,0.8552740973548676,119.84120394451253,16,4,165,1,43,1,Attack_DataExfiltration,1
2,0.056767772421829864,0,0,0,3,27,0.23643221830268424,3.9659899350951036,38,14,3,0,1,1,Benign,0
7,0.6723098868906107,4,0,0,7,2,0.04855455764834892,20.515362745428575,92,3,1,14,0,17,Attack_InsiderSabotage,1
2,0.08713130566547474,0,0,0,5,25,0.2566531025433933,0.35733713093653013,42,10,2,0,0,0,Benign,0
1,0.05184190277823057,0,0,0,5,35,0.26722805849078224,0.9175048405997798,40,11,2,0,0,0,Benign,0
4,0.4513651462057687,3,1,0,9,7,0.18190668761766673,0.47622526379675323,100,5,3,16,0,20,Attack_InsiderSabotage,1
3,0.4523293492755271,4,2,0,6,2,0.03956544363059475,6.868079162747121,99,7,4,14,0,20,Attack_InsiderSabotage,1
2,0.016481540324990378,0,0,1,5,27,0.19816149806219766,1.6234577860543926,38,12,3,0,1,1,Benign,0
1,0.011354531894395174,0,0,1,4,18,0.30092347686460375,0.2791073349511471,33,7,0,0,1,0,Benign,0
2,0.04744893166068194,1,0,0,2,25,0.21215733461122335,4.327929948814185,37,10,3,1,1,0,Benign,0
2,0.011275083357385585,1,0,1,8,32,0.1019974591743098,1.3262245767229122,45,6,1,0,1,0,Benign,0
1,0.007662146277661423,0,0,1,4,16,0.25618786909438285,0.5904045481679361,32,11,2,0,1,0,Benign,0
1,0.022810534004834095,0,0,0,6,24,0.039293352927878535,0.9849209410984859,46,7,0,0,2,0,Benign,0
1,0.02211415209074811,0,0,1,4,32,0.1348175551963996,1.8572179674245075,34,14,6,1,1,1,Benign,0
5,0.7220232398281464,5,5,239,607,8,0.7404019758114069,221.3974459401999,16,7,171,1,48,1,Attack_DataExfiltration,1
2,0.009040325064869835,0,0,0,6,24,0.10084558228770231,6.343989917021014,31,14,2,0,1,0,Benign,0
1,0.8217707982086699,5,4,248,608,16,0.786758041717708,131.292395690384,21,3,174,1,46,1,Attack_DataExfiltration,1
1,0.0016255906652129489,0,0,0,6,22,0.05919616579532246,0.9017788137911801,37,14,2,1,0,1,Benign,0
8,0.8016046296916317,1,2,0,8,8,0.03507043583926834,3.4314964337856635,110,5,1,13,0,26,Attack_InsiderSabotage,1
1,0.5229391191624596,4,5,254,604,11,0.7487481860203697,117.41890585313426,16,6,160,2,40,1,Attack_DataExfiltration,1
1,0.08282405298083384,0,0,1,4,16,0.22441727572838532,1.7652191755289761,34,11,1,0,0,0,Benign,0
5,0.24463205440745095,3,1,0,9,2,0.1263062548041301,1.3359141622673423,104,5,5,12,0,25,Attack_InsiderSabotage,1
1,0.03530108086154191,0,0,1,5,25,0.10495240040333204,5.153036603122918,45,9,2,1,1,0,Benign,0
2,0.0348667521048602,0,0,0,3,38,0.2668814209439174,1.720810475752682,44,13,2,0,2,0,Benign,0
2,0.029093313051890057,0,0,1,5,26,0.1834223095592724,2.1268436195479947,48,9,1,0,1,0,Benign,0
2,0.01837099070181724,1,1,0,10,30,0.014848951647541488,7.271815598702226,37,10,3,0,1,1,Benign,0
2,0.0006744535798330493,1,0,0,2,20,0.08275344923390726,1.832798334082815,48,17,1,0,1,1,Benign,0
1,0.09164299296855273,0,1,0,7,20,0.2382672857905628,47.793908360191146,41,9,4,0,2,0,Benign,0
2,0.24906348808291276,0,0,0,5,24,0.03077428865667566,0.3198691931470266,49,7,3,0,2,0,Benign,0
1,0.1500153027333167,0,1,1,5,25,0.12843170032711673,0.6562962618137719,38,10,2,0,1,0,Benign,0
3,0.08431688586710527,0,0,1,4,22,0.038069145942871765,1.8609815630791038,34,10,2,0,0,1,Benign,0
1,0.06961743772794775,0,0,1,4,25,0.2828618387001028,4.66081965670135,41,13,0,0,1,1,Benign,0
1,0.009978877674913254,0,1,1,3,26,0.2700812399113396,10.147779335354377,34,13,3,0,0,0,Benign,0
3,0.03658519144743884,0,0,0,2,19,0.05526155994031461,4.001423590380553,36,12,3,0,1,0,Benign,0
2,0.07669617195581292,1,0,2,3,26,0.15097654334238395,1.5833365344048929,38,10,4,0,2,1,Benign,0
5,0.6830275168124368,1,0,0,13,5,0.036296034999418705,0.7278304208790015,99,1,0,11,0,24,Attack_InsiderSabotage,1
1,0.06714473980609079,1,0,0,7,18,0.18741231080040874,5.80345366036741,38,4,1,0,0,1,Benign,0
3,0.390546224892462,4,6,285,575,16,0.7342910401627739,205.20327212898226,20,7,173,2,51,1,Attack_DataExfiltration,1
3,0.08378396700443384,0,0,0,6,21,0.05132459873615381,5.017093736212896,33,7,2,0,2,0,Benign,0
1,0.030429688651374767,0,0,0,8,29,0.35109311762853046,0.458471650826859,43,12,1,0,0,0,Benign,0
1,0.0036413037302956705,0,0,2,4,26,0.11254128026596166,0.7332186432909072,38,11,3,0,1,0,Benign,0
3,0.041053826901024916,0,0,2,8,23,0.06991202376292655,0.6515781166124263,37,9,2,0,2,0,Benign,0
5,0.005963573950384549,0,0,0,4,24,0.13166149632942517,1.5787293845874595,39,8,1,1,1,0,Benign,0
2,0.10590633298599386,0,0,0,5,23,0.3658279116122964,0.2355965620375268,46,11,4,1,0,0,Benign,0
5,0.42424780613384994,6,0,0,12,3,0.07501019035109054,1.046536626129471,90,5,1,10,0,23,Attack_InsiderSabotage,1
1,0.04055069771303136,0,0,0,4,15,0.16252585586479992,7.742002206572552,40,12,2,0,1,0,Benign,0
2,0.009452619226824988,1,0,0,7,26,0.23224415888959773,1.2087537497845724,40,6,3,0,3,0,Benign,0
2,0.10327074492216362,0,1,0,7,18,0.2353943181626602,4.74032044910694,47,17,2,0,0,0,Benign,0
2,0.06684807508722097,0,0,2,3,20,0.2039034646977697,1.4780490172113991,46,15,3,0,1,0,Benign,0
1,0.036954600674277686,0,0,0,4,18,0.1868346253804379,4.303614281269015,41,5,4,0,2,0,Benign,0
2,0.40035831335576977,3,2,0,10,5,0.13403605550076558,0.5719830060332631,101,3,0,14,0,21,Attack_InsiderSabotage,1
5,0.004912360219675367,0,0,1,2,31,0.31960718998566556,11.063084577048235,43,9,3,0,3,0,Benign,0
3,0.006869195513017274,0,0,1,8,29,0.06710122194588447,2.252928331386591,42,5,1,0,0,0,Benign,0
1,0.10062432301285659,0,0,0,4,22,0.0517796807816588,0.8712969887991543,32,8,4,0,1,0,Benign,0
1,0.04455728181403772,0,0,0,4,24,0.19718533716970904,4.949208940040814,35,7,2,0,1,2,Benign,0
1,0.05580726700438126,0,1,0,5,27,0.21728752619823208,6.406470295954863,37,8,1,0,4,1,Benign,0
1,0.032781598637277316,0,0,0,8,18,0.23622194058032975,1.6538452970669324,47,8,3,0,0,0,Benign,0
1,0.02039600470091487,1,0,0,6,32,0.3815478357824627,1.8536065376086919,39,7,3,0,1,0,Benign,0
3,0.007343650593055221,0,0,0,3,23,0.07857227145012502,1.0797001493664835,33,12,2,0,0,1,Benign,0
2,0.051593773461502415,0,0,1,5,18,0.07885093316831136,7.976548217755019,44,11,7,0,0,1,Benign,0
2,0.0026520272232788402,0,0,1,3,29,0.03618073793857794,8.568116008477643,40,12,1,0,1,0,Benign,0
4,0.0633542125610319,0,1,0,4,19,0.09883099272272435,6.649928131247648,51,12,2,1,2,0,Benign,0
1,0.01040488703782268,0,0,0,8,25,0.3508351994567319,2.352397273354051,41,15,0,0,1,0,Benign,0
2,0.029072722064238703,0,0,0,1,30,0.046376977197782214,3.391417864067602,52,15,3,1,0,0,Benign,0
1,0.09048172171823791,0,0,0,7,25,0.2083494685482189,1.1405680736827533,42,11,1,0,1,0,Benign,0
2,0.036388482934420936,0,0,1,10,26,0.4057438213222661,9.056626946449414,33,6,2,0,0,1,Benign,0
2,0.0035335561584986684,0,0,2,8,23,0.10126651283537866,31.02654132166116,48,9,0,0,1,0,Benign,0
1,0.9091435263705325,3,4,249,599,12,0.922367583638971,198.28481847020404,27,3,169,2,54,0,Attack_DataExfiltration,1
1,0.07015523979308474,1,0,0,7,24,0.1364923117476763,1.689089505937984,47,13,4,0,0,0,Benign,0
1,0.029284601101696756,0,0,0,7,19,0.13440018052264593,1.2608064599940565,34,6,3,0,1,1,Benign,0
1,0.0402416882654614,0,0,0,2,31,0.281703945481106,14.79662076079876,41,9,1,0,2,0,Benign,0
1,0.07403085349491423,0,0,1,5,20,0.1380802783926944,8.463112534760855,49,13,1,0,2,1,Benign,0
1,0.07612648215038455,0,0,2,4,26,0.09862364141031887,7.020821620907456,41,10,0,1,3,0,Benign,0
2,0.002304519100559267,0,0,0,7,19,0.16446370204305466,1.3343440356976743,35,11,1,0,1,0,Benign,0
1,0.028317597310473192,0,0,0,4,30,0.34163871411480506,2.8941794983641005,32,8,5,0,0,0,Benign,0
2,0.06690870030704948,0,0,0,8,21,0.24592681804068842,1.642942698565128,51,7,3,0,0,0,Benign,0
2,0.8431252462121446,3,6,265,585,16,0.9665865532659458,112.61860843614112,21,6,144,0,64,1,Attack_DataExfiltration,1
4,0.8502727575865877,6,4,228,625,13,0.7801182669672965,152.15642259673936,14,6,162,2,54,2,Attack_DataExfiltration,1
1,0.014655753241671638,0,0,0,8,26,0.10383758649052854,2.4587025282623425,45,8,1,0,1,1,Benign,0
1,0.019482381088544474,0,0,0,6,33,0.03488671804564475,0.8610977932337189,35,7,2,0,1,1,Benign,0
2,0.02810240574703231,0,1,2,6,30,0.19816639552880133,3.2935014572157555,49,12,1,0,1,0,Benign,0
1,0.07337942588577173,1,0,2,3,23,0.06133414301185863,5.642352990385268,50,18,0,0,0,1,Benign,0
1,0.05850676422023103,0,0,0,2,32,0.13023304656414575,0.7174583962777306,54,11,2,0,1,0,Benign,0
1,0.022158183201955346,0,0,1,9,24,0.014129179145063451,2.6913292859894153,37,10,3,0,1,0,Benign,0
3,0.011159276181707655,0,0,1,4,33,0.10991258311092768,1.5023718832237203,36,8,2,0,3,0,Benign,0
1,0.020118191007987833,1,0,4,3,24,0.059337049427747354,6.048696503443356,42,7,3,0,2,0,Benign,0
1,0.027407197365980233,1,0,1,0,20,0.1951012924553799,8.674779324636898,49,12,1,0,1,0,Benign,0
1,0.001088122167759481,0,0,0,10,36,0.09129364102252295,0.8171957103316637,37,9,0,0,2,0,Benign,0
1,0.06034956466472434,0,0,0,2,27,0.20605962227042748,7.453958067547582,36,6,4,0,1,0,Benign,0
1,0.019496344449711402,0,0,2,4,21,0.08544730581021236,2.296426651026944,29,11,1,0,0,1,Benign,0
1,0.07618459059583507,0,0,1,6,20,0.24540690046072938,3.415084075023703,41,10,2,0,0,1,Benign,0
1,0.007372744608944109,1,0,0,5,30,0.0848874474369389,0.6912838939267663,50,7,3,0,0,2,Benign,0
1,0.022060920729365104,1,0,3,5,16,0.3082754946798806,1.6756629684171285,51,6,2,0,2,1,Benign,0
1,0.01972478313979153,1,0,2,7,20,0.35306045427220323,1.4713024551685356,42,9,0,0,2,0,Benign,0
1,0.027730647867940217,0,0,0,5,23,0.26400720544224365,3.9510791913943875,48,10,1,0,0,0,Benign,0
2,0.05240479960661187,1,0,2,9,26,0.19750186656952423,9.467299792733153,37,7,2,0,3,0,Benign,0
6,0.4038924308591515,2,0,0,13,5,0.011290628915899423,0.4732129973146263,90,2,2,16,0,20,Attack_InsiderSabotage,1
7,0.35980866624429875,4,1,0,9,5,0.13371412704352512,0.29972325358028545,97,4,0,17,0,24,Attack_InsiderSabotage,1
1,0.02552324467759433,0,1,1,5,22,0.10393355085187693,8.73819698842937,40,12,0,0,1,0,Benign,0
2,0.017126443842518015,0,0,1,8,25,0.1825682891222692,42.129374422068,36,10,4,1,2,1,Benign,0
1,0.04268321023820221,0,0,0,3,22,0.19283350162791968,15.848116634985178,45,14,2,0,0,0,Benign,0
1,0.03545532109961469,0,0,0,6,18,0.1734369028944824,0.4906737295446082,40,16,0,0,2,0,Benign,0
1,0.032638993240363734,0,0,0,4,21,0.1651713891780224,1.5152255513590978,44,10,3,1,0,0,Benign,0
1,0.04028550949637772,0,0,0,6,20,0.46104055772886066,1.3824250934872229,36,7,2,1,1,0,Benign,0
1,0.07414009223464384,0,0,0,6,20,0.028697804580646104,0.36340712715905865,41,11,1,0,1,1,Benign,0
4,0.008135787900078297,0,0,0,5,26,0.3911121336184836,2.0882370147412583,40,14,4,0,2,0,Benign,0
2,0.002489363795182366,1,0,0,4,28,0.30550237410944797,0.8567415481636742,36,9,2,0,1,1,Benign,0
1,0.004163234008566499,0,0,2,7,25,0.14711657402750442,11.05244089137156,37,12,5,0,3,0,Benign,0
1,0.022318819970344683,0,1,3,5,15,0.06208608451940732,1.0075921062064208,41,16,3,0,2,2,Benign,0
2,0.007604451646169888,1,0,1,8,25,0.18118828068233508,3.0719640247033366,46,5,0,1,0,0,Benign,0
1,0.011761330824769075,0,0,1,4,22,0.31248348681613547,11.380587281849039,43,9,2,1,2,1,Benign,0
1,0.03406363735540354,0,0,0,11,22,0.23668523913614717,8.071266298347767,36,6,2,0,2,0,Benign,0
1,0.713707842463506,2,6,278,608,16,0.5378045844807279,138.6507163363079,15,4,184,0,52,4,Attack_DataExfiltration,1
1,0.0003588950930900869,0,0,0,4,27,0.1217351730838119,0.8311569174281306,38,12,1,0,0,0,Benign,0
1,0.03681480796534503,0,0,0,7,31,0.38789352397432025,3.389239588769944,44,13,2,0,2,0,Benign,0
2,0.011107527506757331,0,0,1,3,28,0.6064901393455457,1.7800582927674793,39,7,1,0,0,0,Benign,0
1,0.7265130175314717,1,7,246,615,17,0.8222858868133663,153.60478778828903,26,5,167,0,50,0,Attack_DataExfiltration,1
4,0.8761741772640451,6,6,269,589,19,0.7421537861160841,205.259789393692,18,5,161,1,38,2,Attack_DataExfiltration,1
1,0.0036594661514808796,0,0,0,6,24,0.05423466416268105,1.7905119761661925,47,12,4,0,1,0,Benign,0
4,0.07085623911557319,1,0,0,5,26,0.04322594651775846,0.813945947057098,41,6,6,0,0,1,Benign,0
2,0.023241137333064786,0,0,0,6,30,0.13148466627441696,0.6840724542954464,49,17,0,0,0,0,Benign,0
1,0.022135082558614703,1,0,1,8,22,0.12701206924877323,1.1989474094665016,44,8,1,0,3,0,Benign,0
1,0.0029427424593196825,0,0,1,3,19,0.06312398466325336,1.697958723301051,34,10,1,1,2,0,Benign,0
1,0.02056139440785483,1,0,1,2,27,0.08453079836335345,15.719700868882507,44,5,1,0,1,0,Benign,0
2,0.022354300496240702,0,0,1,8,25,0.13311208153655027,25.660913053833696,42,14,2,0,1,0,Benign,0
1,0.0736125580313894,0,1,1,6,19,0.18591587909457363,3.709275012866853,37,12,8,0,0,0,Benign,0
2,0.054336619987089864,0,1,1,6,28,0.12022152139364871,8.534569299961118,43,13,1,0,2,1,Benign,0
1,0.4356124250531684,3,7,241,581,14,0.8928261897282452,112.81737110967104,20,1,165,1,48,1,Attack_DataExfiltration,1
1,0.03359141786231264,0,0,1,3,34,0.07171106121089886,3.8920167597773467,40,6,3,1,1,0,Benign,0
3,0.12176282431175493,0,1,0,7,26,0.06379101936600867,21.841509745577756,46,6,2,0,0,0,Benign,0
2,0.7497797761067733,6,3,259,617,17,0.785312384093378,108.83613991200811,17,0,167,0,49,2,Attack_DataExfiltration,1
1,0.07415050533316483,1,0,2,5,21,0.04392805560185291,2.7010524713458492,39,8,2,0,1,0,Benign,0
1,0.4333267837806521,3,3,258,639,15,0.8314857083160125,77.47377327964213,15,5,159,0,41,0,Attack_DataExfiltration,1
1,0.02496302524856949,1,1,0,4,19,0.30463327207233043,4.606318302689434,40,19,2,1,0,0,Benign,0
2,0.0021187633769246717,0,0,0,3,28,0.104049307012262,4.042051733796248,45,9,3,0,3,0,Benign,0
2,0.025786901254297737,1,0,2,6,23,0.145159212950985,2.9028124768686006,32,9,3,0,1,1,Benign,0
4,0.7414613062399046,3,1,0,7,7,0.27681167090794623,0.255601519443885,101,4,0,10,0,28,Attack_InsiderSabotage,1
1,0.023818098466000068,0,0,1,3,26,0.049286105509657195,19.78641220563528,50,9,4,0,2,0,Benign,0
1,0.09266012593289975,0,0,0,4,18,0.23736403828264685,0.8885113327337062,41,8,1,0,0,0,Benign,0
2,0.14028915073985937,0,0,0,5,25,0.11615243073735758,0.9335186620417907,48,7,5,0,1,0,Benign,0
6,0.6905011210762573,4,5,243,611,10,0.7404250855200064,40.94939710012869,20,3,159,1,54,1,Attack_DataExfiltration,1
1,0.11567274885417482,0,0,0,3,21,0.06855405452555244,0.265969690100151,41,15,4,0,0,0,Benign,0
1,0.0990065322958658,0,0,0,5,34,0.05485018534247663,4.193412966738481,37,11,1,0,1,0,Benign,0
2,0.4887056818784099,3,4,249,619,17,0.98752691411773,101.34375000279455,20,4,182,0,47,2,Attack_DataExfiltration,1
1,0.020920592984394398,0,0,0,4,31,0.03990546657842857,0.5438554893964567,45,12,5,0,2,0,Benign,0
2,0.02730807899703663,0,1,1,5,26,0.03226366446827123,4.162609765057529,44,12,2,0,0,1,Benign,0
1,0.0010154075301494305,0,0,0,5,21,0.3756620122255159,2.6463083567321743,31,16,4,0,1,0,Benign,0
2,0.7086257453202227,1,3,246,587,13,0.6259462140135496,283.10196711243526,9,3,178,1,54,2,Attack_DataExfiltration,1
1,0.12055933587592645,0,0,0,6,16,0.195945768680267,2.9551276752340856,37,15,3,0,1,0,Benign,0
2,0.034556032724135835,0,0,0,6,27,0.06788595761886988,4.722390330803171,43,12,4,0,1,1,Benign,0
1,0.0379699996015451,0,0,0,4,30,0.2740796418934532,16.140031662174952,47,8,0,0,2,0,Benign,0
2,0.07891455570646543,0,1,0,3,28,0.16950922820066994,6.408040533435804,45,5,0,0,1,0,Benign,0
1,0.7789733268563859,5,6,230,655,13,0.7578670144332175,145.28803921591157,15,2,162,1,47,1,Attack_DataExfiltration,1
2,0.21195503527965143,0,0,0,7,29,0.08021929578067304,3.966818454814089,59,7,0,1,0,0,Benign,0
3,0.17216788897977553,0,1,0,8,20,0.08227953284829935,10.53885700011611,42,9,2,0,3,0,Benign,0
2,0.04478013853630659,0,0,0,5,26,0.06269413905975149,2.168950082222879,39,15,2,0,1,1,Benign,0
1,0.09527771886823445,1,0,2,6,26,0.15140789297878335,6.913099607811186,34,18,1,0,1,0,Benign,0
1,0.03352802178802787,0,0,1,8,24,0.01796141319387809,7.394978640084347,48,11,1,0,2,0,Benign,0
2,0.00809147239314712,0,0,0,2,21,0.132425447174593,2.39208996323291,41,10,4,0,1,2,Benign,0
2,0.043214503831376934,0,1,1,2,22,0.11572256747899215,1.4446246143191714,37,5,1,0,0,0,Benign,0
1,0.03648631758503738,0,0,1,5,22,0.07267723119480646,1.4770017402279387,34,9,5,0,1,1,Benign,0
1,0.334755668210856,3,2,0,8,4,0.11351174364343622,0.3079798070252721,99,3,0,15,0,16,Attack_InsiderSabotage,1
1,0.11971079318349961,0,0,1,9,24,0.10537089244060611,1.691677414307944,36,11,1,0,0,0,Benign,0
2,0.029394475239533858,1,0,0,3,25,0.3037048370160118,3.887059755665995,24,8,1,0,0,0,Benign,0
1,0.039779056136055334,0,0,0,8,14,0.22682807276260772,5.443184962319801,28,7,2,0,2,0,Benign,0
1,0.007123995345551455,0,0,0,5,18,0.06835942636264047,0.6519812353913772,41,14,5,1,0,1,Benign,0
4,0.5648775070856288,2,1,0,9,3,0.11446584002907362,0.5133646542482112,87,9,0,17,0,23,Attack_InsiderSabotage,1
3,0.04646668094283537,0,1,2,6,26,0.35194899037873345,0.6067576493113495,29,15,5,0,0,0,Benign,0
2,0.05290338878161512,1,0,0,12,34,0.19532140001133835,0.3705751295874503,33,11,2,1,0,0,Benign,0
2,0.01128247747835745,0,0,2,3,30,0.024237308725126992,4.717436949902791,41,10,4,0,0,0,Benign,0
1,0.01661701911959857,0,1,1,5,27,0.3936795951026301,11.994708394460007,41,13,2,0,0,1,Benign,0
2,0.05031534166404673,0,1,0,4,24,0.025736437071997204,1.1842696761421763,28,11,0,0,1,0,Benign,0
7,0.6720426438098929,2,2,0,10,6,0.20917590204403494,0.42236045619888696,80,3,0,11,0,20,Attack_InsiderSabotage,1
1,0.03922716730829396,0,0,0,4,24,0.34353317385708887,1.5353973378431203,37,15,1,0,2,1,Benign,0
2,0.022861404200060376,0,0,0,5,21,0.11081379798214389,9.634999291127562,36,10,1,0,0,0,Benign,0
1,0.93473654198889,6,7,246,601,12,0.9658151120648407,85.1389270832018,20,1,158,0,53,2,Attack_DataExfiltration,1
2,0.1383527566790038,0,1,1,10,20,0.24685922668130292,15.4499494733842,40,10,4,0,1,0,Benign,0
3,0.036515557402709356,1,1,0,2,33,0.06855739420060893,4.410336766043918,49,13,3,0,1,0,Benign,0
1,0.06971843753989973,0,0,0,2,19,0.20745582765375717,2.382610535792432,39,12,2,0,0,1,Benign,0
2,0.02577371864275592,0,0,1,3,23,0.3334712200267257,0.4806043925068203,24,14,1,0,0,0,Benign,0
1,0.0035173383590051104,1,0,1,5,28,0.06414869132387821,7.019231567765819,34,9,1,0,2,0,Benign,0
1,0.06734078196322153,0,1,0,2,21,0.291188363573027,10.488924543048851,35,10,2,0,1,0,Benign,0
4,0.005574928645297179,0,0,0,2,26,0.10178421495241442,2.874247068887196,27,7,1,0,1,0,Benign,0
1,0.07913878269877447,0,0,0,8,23,0.10548351114058017,22.4144930514039,41,10,1,0,0,0,Benign,0
1,0.01754223567173224,0,0,0,6,22,0.10279030949415781,3.9878613158262324,36,5,3,1,2,0,Benign,0
1,0.007459357291580946,0,1,0,3,26,0.20986709510787593,1.7178371785311488,36,3,0,1,1,0,Benign,0
2,0.020744928291144986,0,0,0,3,20,0.012518034766843062,25.287362547022003,32,14,2,0,0,1,Benign,0
3,0.03804667025696655,0,1,0,5,16,0.017823404213977528,4.403052749337621,39,11,3,0,0,0,Benign,0
1,0.12203842328486557,0,0,1,6,31,0.3528340515996703,3.5607023908375517,45,16,1,0,1,1,Benign,0
3,0.04811671189820611,0,0,0,4,28,0.06350865371221555,4.93163065404314,42,12,1,1,2,0,Benign,0
2,0.11981439516035049,0,0,0,4,27,0.045850824080936596,2.3614549943035947,55,9,2,0,0,0,Benign,0
1,0.5013795396674382,4,6,243,593,15,0.7606210712230639,250.152633572074,26,9,170,0,61,0,Attack_DataExfiltration,1
2,0.6010581983339575,9,7,239,617,13,0.9438456328508087,78.16736438156296,21,7,144,0,45,1,Attack_DataExfiltration,1
1,0.02393278354322174,0,0,0,3,25,0.05998085387968337,0.6306179751305083,35,15,2,0,2,0,Benign,0
1,0.13186442602445275,1,0,0,5,29,0.15441098038488182,6.077024402345692,41,10,1,0,0,0,Benign,0
5,0.39680927541678446,5,0,0,10,5,0.07066052454662879,2.8617969952725613,105,3,3,12,0,26,Attack_InsiderSabotage,1
2,0.026232049924843636,0,1,1,4,27,0.2532931090203124,16.949242004841214,50,8,1,0,0,0,Benign,0
1,0.06144730889877158,0,1,2,12,21,0.1816977291254002,16.67050598690091,39,9,2,0,0,0,Benign,0
1,0.07327225665025904,1,0,0,5,25,0.1521271017960961,4.9309169897956435,33,10,2,0,1,0,Benign,0
1,0.14364443328032658,0,0,0,8,24,0.11556751899139894,2.469792335142046,35,10,4,0,0,0,Benign,0
1,0.02823529211998099,0,0,1,4,25,0.05219549092409719,5.576976802514002,43,10,2,0,3,0,Benign,0
2,0.8924709286742744,3,7,237,612,12,0.6486410774446965,199.51536229053707,22,4,164,3,53,2,Attack_DataExfiltration,1
3,0.004771892902685558,0,0,1,3,17,0.04420335243524782,5.426622669693252,52,14,2,0,1,1,Benign,0
2,0.03985750951492537,0,0,1,5,31,0.03226363127212342,4.295357338437405,48,6,1,0,1,0,Benign,0
2,0.07242607975926435,1,2,0,3,33,0.26512658181527216,2.565794763948635,33,4,2,0,0,0,Benign,0
1,0.06892409885766056,0,0,1,6,18,0.25974116538591063,9.445075485295808,41,8,3,0,1,0,Benign,0
3,0.2727976863712901,1,1,1,6,28,0.27947420673083423,8.841347443065683,40,7,4,0,2,0,Benign,0
1,0.6450767713708617,6,3,264,588,10,0.8336731731206526,145.10254467915317,21,5,182,1,44,1,Attack_DataExfiltration,1
3,0.024345593031779283,0,0,0,3,30,0.2394474619105249,2.293944145422321,44,8,4,1,2,0,Benign,0
1,0.08917484419649858,0,0,0,7,39,0.43657578190911134,3.015538377999041,41,13,1,0,0,0,Benign,0
3,0.02371175526053327,0,0,1,3,23,0.2688528309269697,3.9148979785357714,45,13,1,0,2,0,Benign,0
3,0.14442838992036683,0,1,2,5,16,0.11813705919619442,3.7608799899239536,39,12,1,0,0,0,Benign,0
2,0.5004669321488143,6,6,254,576,23,0.8227118943064402,114.64659036336796,16,7,179,2,57,2,Attack_DataExfiltration,1
2,0.054095249024663866,0,0,0,5,35,0.18518868350095022,2.7435156614034524,46,5,1,0,0,0,Benign,0
2,0.6904865259624774,11,7,236,608,16,0.7859896679586412,221.40762128500646,20,1,176,2,61,0,Attack_DataExfiltration,1
3,0.009174436313166555,0,1,0,3,31,0.11033384381991375,1.6117845813526805,36,12,1,1,1,0,Benign,0
4,0.06711035726962515,1,0,0,2,26,0.1403385541179128,4.04693804565774,43,7,1,0,0,0,Benign,0
3,0.01547030578095172,1,0,1,1,24,0.14676024779135802,2.813706384913672,38,13,1,0,0,0,Benign,0
1,0.026131084048297427,0,1,0,2,33,0.1744501524221255,0.5576914514736756,44,12,3,0,3,0,Benign,0
2,0.011195748924517503,0,0,0,6,31,0.11135484052775893,3.9616085481653283,41,10,4,0,1,0,Benign,0
2,0.7005805324034218,3,3,247,584,12,0.9558843922286064,254.33711941606612,9,3,188,2,67,1,Attack_DataExfiltration,1
1,0.020117882504294162,0,0,3,5,25,0.26683333895338585,6.568198794582526,49,11,2,0,1,0,Benign,0
1,0.0447889862100025,0,1,0,10,23,0.05782703237651009,1.3373509136126782,40,16,2,0,3,0,Benign,0
1,0.0198350375726729,0,0,1,6,21,0.11959179955725743,2.243030450219159,37,12,0,0,0,1,Benign,0
4,0.42903537210950193,5,0,0,7,6,0.04294310261557777,2.7436628605276647,101,6,1,9,0,25,Attack_InsiderSabotage,1
1,0.08158208956398066,0,0,0,5,29,0.06033797774983917,18.083088963777378,24,15,1,0,0,1,Benign,0
3,0.8089536384534339,1,0,0,9,5,0.16252992017963241,2.240144191174544,118,9,0,21,0,28,Attack_InsiderSabotage,1
3,0.013617441503627068,0,0,0,7,21,0.228096593196247,2.722645657034123,44,14,0,0,0,1,Benign,0
1,0.7367600518469204,7,9,222,618,9,0.7003735557040094,79.65764420003896,22,4,182,3,46,3,Attack_DataExfiltration,1
1,0.03518979088371042,0,0,0,2,30,0.17621841651749615,1.6955177662070633,58,10,3,1,3,0,Benign,0
2,0.027923784348640446,0,1,1,4,26,0.17728058918925255,3.9126557778764095,48,16,1,0,1,0,Benign,0
1,0.013714213677819703,1,0,0,4,28,0.1788133643059457,1.2965421870657932,35,8,3,0,0,0,Benign,0
1,0.020236065391166166,0,0,0,9,24,0.3412597964011215,15.582974749753625,43,10,3,0,1,0,Benign,0
2,0.7808675562342796,6,2,265,577,22,0.8755553040198593,117.94008746035955,19,5,168,0,45,1,Attack_DataExfiltration,1
2,0.0031840135693112196,1,0,1,8,21,0.11292266010311351,8.24497159617646,30,12,5,0,0,0,Benign,0
1,0.07909263821653831,0,1,0,1,21,0.1885038381174668,6.363870636094283,33,10,4,0,1,0,Benign,0
1,0.0407284294707702,0,0,1,6,30,0.10019499982274778,1.4661051657062263,41,8,1,0,4,0,Benign,0
1,0.017144956798694072,0,0,0,4,25,0.07424116687767247,0.7965158553818424,47,12,1,0,0,1,Benign,0
2,0.12322666478243613,0,0,0,6,18,0.04509569239245396,1.4867122850235719,51,8,1,0,0,0,Benign,0
2,0.7208615020881532,6,5,250,600,16,0.8983199346981032,73.21912617725789,22,3,180,3,67,0,Attack_DataExfiltration,1
1,0.001686191398133413,0,0,0,2,19,0.07115675199620111,1.2233974830729555,44,15,5,0,1,2,Benign,0
1,0.024075482389624616,2,0,2,4,30,0.03379565961072589,5.0022565118946,40,12,0,0,0,0,Benign,0
3,0.00831084216880209,2,0,1,8,28,0.15860176975904922,0.7872347023932396,43,12,2,0,2,0,Benign,0
2,0.8471346965720097,3,12,256,575,15,0.8117854106246635,101.53813672844926,14,6,156,0,50,0,Attack_DataExfiltration,1
3,0.03684846657838109,0,1,0,5,28,0.2075328296997071,9.297018020242305,44,5,2,1,0,0,Benign,0
3,0.11267958971091052,1,0,1,3,21,0.28181129688198947,6.7576852852611395,50,9,1,0,1,0,Benign,0
5,0.09054728728816107,0,0,1,3,31,0.09071790055234595,0.9239472523689307,28,7,3,0,0,0,Benign,0
1,0.013812373787822137,0,0,1,0,23,0.37927821688289004,10.6577023018941,41,11,2,0,0,0,Benign,0
1,0.01558796694784151,0,1,1,3,28,0.3217495744101995,3.5291016293719455,41,8,1,0,0,0,Benign,0
1,0.01993021698752944,1,0,0,10,29,0.2627886870447879,2.6207837446509212,49,7,2,0,0,0,Benign,0
1,0.10836375402054771,0,0,0,5,27,0.31465670986378147,0.9198917129596837,40,5,0,0,3,0,Benign,0
2,0.039798873664040425,0,0,0,6,26,0.18917271657974855,2.175990237696698,48,8,2,1,0,1,Benign,0
3,0.012354774342857514,0,0,0,4,22,0.11927056794766175,17.041795282893634,52,13,3,0,1,0,Benign,0
1,0.06798254731427865,0,0,0,7,14,0.04164018871580816,7.441074522217555,41,11,1,0,1,0,Benign,0
1,0.052416296662956184,1,1,0,3,31,0.01861536850898702,0.4989945334639616,37,10,2,0,1,0,Benign,0
1,0.6012481379415232,11,5,254,618,9,0.8043885581078281,98.15760278178799,27,7,178,1,53,1,Attack_DataExfiltration,1
2,0.5564163000508631,5,1,0,11,7,0.18352446659629218,1.4058541320689113,79,5,0,17,0,27,Attack_InsiderSabotage,1
3,0.04777014490538728,0,0,0,2,24,0.043151925992070995,1.0134096304353541,47,8,2,0,0,0,Benign,0
1,0.0107108951042583,0,0,0,3,24,0.09353434577609775,2.035401405585492,36,13,2,0,1,2,Benign,0
2,0.00654322809452577,0,1,0,7,34,0.03957197106332751,8.36363070122865,36,15,3,0,2,1,Benign,0
2,0.42376742838356457,4,3,266,597,18,0.9440605883473453,270.6876671795194,20,6,160,2,39,0,Attack_DataExfiltration,1
2,0.0019812768518614027,0,0,0,2,33,0.06411096348496356,1.1523832100542397,25,11,3,1,1,0,Benign,0
2,0.13499498966346465,0,0,0,11,25,0.10384501406234344,2.7509515460594107,42,8,2,0,1,0,Benign,0
1,0.00463316361592231,0,0,1,3,27,0.040719298438193066,3.68549291594431,32,13,4,0,3,0,Benign,0
3,0.6548547863319004,2,4,240,595,7,0.7622457876712807,55.31109357710509,16,3,169,0,52,1,Attack_DataExfiltration,1
1,0.017843282035569674,0,0,3,9,30,0.114638888125885,7.33365302367649,53,18,0,0,2,0,Benign,0
1,0.009845021005057677,0,0,0,5,27,0.256305788014261,1.9328430088350037,34,10,3,0,2,1,Benign,0
3,0.7170164979090349,5,5,244,593,11,0.5156902318064012,47.954725541900515,22,2,177,0,43,4,Attack_DataExfiltration,1
5,0.00720660114784581,0,0,0,4,25,0.08504600159904813,4.211113023866637,41,13,0,0,2,0,Benign,0
1,0.012233620921830717,2,0,0,10,29,0.12053391635742358,23.507990744666472,36,13,1,1,2,0,Benign,0
1,0.003445368081717398,0,1,0,4,20,0.19218695122099477,1.4734435310436125,51,13,1,0,1,1,Benign,0
5,0.5493637011132688,3,0,0,12,4,0.017899064911970988,0.0813624999187642,114,4,1,12,0,22,Attack_InsiderSabotage,1
3,0.0008565654594597399,0,0,2,5,22,0.08899567362112548,0.9014956514864371,36,9,3,0,1,0,Benign,0
3,0.04557993509905317,0,0,0,4,24,0.25153649676801565,0.670796384315465,39,13,1,0,0,1,Benign,0
1,0.008755273528065863,0,0,0,6,25,0.17571264381361135,7.17098512767306,36,15,2,0,1,0,Benign,0
4,0.06166566090893408,0,0,1,3,25,0.023001303659656098,12.57554554957716,35,14,1,0,0,1,Benign,0
1,0.019490163408936646,1,0,1,5,24,0.0737109011559247,1.474354869211959,50,15,0,0,1,1,Benign,0
4,0.013684546244838613,1,0,0,8,19,0.14975224937417805,36.9666151409806,43,13,2,0,1,1,Benign,0
3,0.15473819433332567,0,0,1,5,24,0.2512942813776125,11.254382358990341,40,13,3,0,1,2,Benign,0
3,0.019667447644475377,1,0,0,6,30,0.047879849690875574,0.3007905512334917,44,10,3,0,0,1,Benign,0
1,0.009431633818827993,1,0,1,3,29,0.02545397786303962,1.620448241182576,40,18,3,0,1,1,Benign,0
1,0.10054652879982962,0,0,1,6,28,0.10486574115046109,2.0457245145935654,34,14,0,0,1,1,Benign,0
1,0.7857239214390432,5,11,246,596,19,0.7451914908027523,210.42477851836762,27,8,184,1,46,1,Attack_DataExfiltration,1
1,0.1567260314948507,1,0,1,3,23,0.035195602097379305,12.99398555717879,51,12,1,0,0,0,Benign,0
1,0.03799908931837842,2,0,0,4,20,0.19724907217138335,8.493753201527198,33,17,1,0,0,2,Benign,0
2,0.04225132265140327,1,0,0,5,26,0.04774035186753541,15.246721159805977,41,10,0,0,0,0,Benign,0
1,0.48129985535120123,3,12,259,588,16,0.7513119713366037,109.31950018776189,17,9,175,1,43,0,Attack_DataExfiltration,1
1,0.010453875251086212,0,0,1,5,32,0.16371456694925476,2.360141189455452,37,11,1,0,1,0,Benign,0
2,0.004723427592216221,0,1,1,3,26,0.09809008844498532,0.7625804158023282,37,11,1,0,0,0,Benign,0
7,0.33218048542361245,3,0,0,11,4,0.12303191682958556,3.520498541233674,99,3,1,16,0,13,Attack_InsiderSabotage,1
1,0.7175602763731858,4,7,275,606,16,0.8426306799030499,262.04660929432487,20,6,172,1,50,0,Attack_DataExfiltration,1
1,0.023151476107784143,1,0,2,2,21,0.3572480482713421,2.1078410261381886,39,9,0,0,1,0,Benign,0
2,0.06734102982759632,0,0,0,4,26,0.12416290326578289,9.421915269073418,43,7,2,0,1,0,Benign,0
2,0.034982579477150305,1,1,0,5,26,0.09869142449923539,0.42606290958790594,36,3,3,0,1,0,Benign,0
1,0.03661197627554229,1,0,2,5,20,0.07973949297222375,1.5789341885254768,38,18,5,0,1,0,Benign,0
2,0.1394966592519515,1,0,0,7,28,0.12449697429489712,0.23139103570016417,49,13,0,0,2,0,Benign,0
1,0.024781120263617028,0,0,1,9,26,0.04387664027544606,1.184436534222153,37,16,3,0,0,1,Benign,0
2,0.10461655333080187,0,0,0,4,32,0.206544966541627,4.471511371336889,39,9,2,0,1,0,Benign,0
1,0.004081288134927931,0,0,1,5,26,0.1600740215966471,8.487937645990474,39,10,2,0,1,1,Benign,0
1,0.00037857176503910094,0,0,0,4,38,0.24305304891894558,5.645804619072376,43,9,2,0,0,1,Benign,0
2,0.05238917233873805,1,0,0,8,24,0.19067007247972365,3.082123867836713,52,19,1,0,1,0,Benign,0
1,4.670964414795087e-05,0,1,0,4,17,0.22129101691937675,5.358691099161164,38,8,1,0,0,1,Benign,0
3,0.885304747061711,3,3,234,597,15,0.8209844120632755,173.7034720835247,24,6,168,0,46,0,Attack_DataExfiltration,1
2,0.07391356616554265,0,1,2,2,25,0.11887342235670087,1.5526684765725622,44,12,0,0,0,0,Benign,0
1,0.017717140498118435,0,1,1,9,21,0.21634864676629043,1.2357473305505458,45,10,1,0,2,0,Benign,0
3,0.03901564790399954,1,1,1,5,21,0.17310691119110613,5.256863018086058,46,8,3,0,1,0,Benign,0
1,0.11590434509538099,0,0,0,4,36,0.08692251409402296,2.7870288239469687,45,12,0,0,0,0,Benign,0
1,0.02358445778831248,0,0,0,7,21,0.20556906047812135,2.1041357970662324,42,14,1,0,1,0,Benign,0
1,0.520381374416046,8,8,257,598,16,0.7521801304210282,390.50036881464024,21,6,164,2,50,1,Attack_DataExfiltration,1
1,0.012520706147837426,2,1,0,6,17,0.0336106074152449,1.7245750746482569,38,12,4,0,2,0,Benign,0
2,0.09477777829053192,0,0,0,2,25,0.1527507336832377,2.609913773342104,42,10,4,1,1,0,Benign,0
1,0.05692686154449166,0,0,1,7,19,0.28800624372367595,7.105183439784448,38,9,2,0,0,1,Benign,0
1,0.1380044701158465,0,0,0,12,20,0.09869597180518576,1.847870913734255,32,6,2,0,0,1,Benign,0
1,0.05294999043476755,0,0,0,6,18,0.14023903352877928,0.44196373126290195,35,15,4,0,4,0,Benign,0
3,0.003567339333582031,0,0,0,5,23,0.24312155992744686,3.195321191661174,45,11,4,0,1,1,Benign,0
2,0.0010787239791350376,0,0,0,4,31,0.029695403240149285,0.6146217616341279,45,10,1,0,0,1,Benign,0
1,0.005371677392763354,0,0,4,4,24,0.05345620698804329,8.239015958838392,57,11,2,1,0,0,Benign,0
3,0.031361523901715274,1,0,0,3,25,0.30354212557219745,2.852191110945842,34,9,1,0,1,0,Benign,0
1,0.0863304571203065,0,0,0,4,20,0.2592073175342958,8.730163916615764,47,8,3,0,0,1,Benign,0
5,0.07209747226894157,0,0,0,7,21,0.053430278369722674,6.398306225415621,32,16,6,0,1,0,Benign,0
1,0.03189943055877514,0,0,0,5,30,0.17542576684352126,11.91756665568147,36,8,0,0,1,1,Benign,0
4,0.0016143942068273895,0,1,0,5,31,0.3469887018920552,3.471164572320657,39,7,2,0,1,1,Benign,0
2,0.023161593582446228,1,0,0,6,28,0.24798540082542186,2.6310571531357425,43,8,4,1,0,0,Benign,0
1,0.07330619646835967,0,0,0,6,27,0.15825719988003284,17.230581856329778,41,8,6,0,2,0,Benign,0
1,0.041639468763481985,0,0,0,5,25,0.26411411993421585,1.8236430172056783,41,15,5,0,1,0,Benign,0
1,0.06303479418514255,0,0,1,0,30,0.19310859545848622,0.32596268556454455,39,9,2,0,0,0,Benign,0
4,0.02527844259080195,0,0,2,10,26,0.05743454247558091,3.990550503537087,46,8,0,0,1,0,Benign,0
1,0.06683363902033232,0,0,0,3,18,0.045286372557854275,1.5030128187036476,40,11,2,0,1,0,Benign,0
1,0.10594829548341483,0,0,2,4,30,0.1451552905053896,1.0914001813128913,36,11,1,0,1,0,Benign,0
1,0.062687233693717,0,1,0,4,29,0.007789986888099822,11.36569156505914,24,11,0,0,1,0,Benign,0
1,0.048884235012933826,0,0,3,6,32,0.28117890476181184,21.205294376788988,36,12,2,0,1,2,Benign,0
2,0.018767071272519947,1,0,0,10,21,0.11949402955793728,3.755333182817937,49,16,4,0,1,0,Benign,0
1,0.020957926747595754,1,0,1,9,26,0.12123992634553696,3.655940125854336,47,8,1,0,2,0,Benign,0
1,0.01400801408699441,0,0,0,2,32,0.5521023916509878,4.061002537370675,46,8,2,0,0,0,Benign,0
1,0.0022755971572843083,0,0,0,4,28,0.3619223859483385,2.378513589636278,46,9,2,0,2,0,Benign,0
2,0.11447770600888289,0,0,1,4,16,0.2565352606609745,2.362514539545191,46,11,1,0,1,0,Benign,0
1,0.06395592623138653,0,0,0,3,34,0.04005301696776313,14.860482565260568,40,7,1,0,1,0,Benign,0
7,0.5198771595233673,4,0,0,11,7,0.09552429826862377,0.27232983447599013,115,5,1,14,0,20,Attack_InsiderSabotage,1
2,0.03143512498990334,0,0,0,7,22,0.3082053652759651,0.21894357204481932,39,9,1,0,0,0,Benign,0
1,0.02005983957046103,0,0,0,4,27,0.07025778250207235,43.82422487191988,41,12,0,0,1,1,Benign,0
1,0.034092753757537196,0,0,0,4,28,0.13675570647482008,2.3735133883427437,35,6,0,0,2,1,Benign,0
2,0.026224916500929223,0,0,1,5,31,0.19211214011902017,6.132699401162572,31,7,2,0,0,0,Benign,0
1,0.0016304839706760988,1,0,2,3,30,0.07723062726665299,0.6431850994870468,40,12,2,0,0,0,Benign,0
2,0.019633789721740885,1,0,1,2,25,0.09622023120445922,1.733578999199995,33,10,3,0,1,0,Benign,0
1,0.056590512546872244,0,0,0,6,28,0.04513062132506692,7.407504821148857,44,8,1,0,1,0,Benign,0
1,0.024092753379019248,0,1,0,3,40,0.09495138270479822,0.7317140773329226,41,15,3,0,2,0,Benign,0
2,0.01730850261238097,0,0,0,8,16,0.1325978837057892,2.126955830167076,39,17,0,0,3,0,Benign,0
2,0.06013842189568918,0,0,0,6,42,0.15397702740036534,0.8506807553852098,35,18,2,0,0,0,Benign,0
2,0.01342484547066354,0,1,0,1,30,0.08328262547346753,17.89634451981348,42,19,0,0,0,0,Benign,0
1,0.008938861346015629,0,0,1,1,25,0.13998905781025975,1.6084898493109303,40,10,2,1,3,0,Benign,0
1,0.08389070341947259,0,0,1,6,26,0.23541085362405906,2.06836762443272,33,18,3,0,4,1,Benign,0
1,0.017491583626025094,0,0,3,5,18,0.09892016729453529,5.968636315071934,33,10,5,0,0,0,Benign,0
2,0.7789452436279758,5,6,239,624,18,0.6436517793579517,100.63485761728369,16,5,202,0,54,1,Attack_DataExfiltration,1
2,0.11115190749516583,3,0,0,6,23,0.48806082665113476,0.8084095939061715,41,15,1,0,0,0,Benign,0
1,0.12033083939893809,0,0,1,3,29,0.22325605352590042,8.394978964286718,37,11,3,0,2,0,Benign,0
4,0.03996223008171877,1,1,0,7,23,0.26215309979275997,1.39385652819042,38,17,4,0,0,2,Benign,0
2,0.12292970930155024,1,0,0,2,29,0.24407283449502795,9.723981682902718,40,9,2,0,3,0,Benign,0
1,0.06711247706245196,0,0,0,7,26,0.02857806345535199,7.45712037806174,42,11,3,0,2,1,Benign,0
2,0.054433133053014116,0,0,1,3,24,0.11732516696776651,0.3076517474166712,33,8,3,0,1,0,Benign,0
1,0.03421094148444591,0,0,0,5,26,0.33110943172021806,9.130472401038572,45,12,2,0,2,0,Benign,0
1,0.03509153988253871,1,0,0,6,30,0.074737800229225,1.6350799037844646,42,12,2,0,2,1,Benign,0
1,0.0199232828943375,1,0,0,6,29,0.23527828096375084,2.522209931459237,35,6,4,0,2,1,Benign,0
4,0.03049413214220611,1,0,1,1,27,0.0744495514936152,4.852008482812797,39,11,1,0,0,0,Benign,0
1,0.06748088823122536,0,0,0,5,25,0.09979284528505127,11.560981946083107,36,11,2,0,0,0,Benign,0
1,0.0063936930368503515,0,0,0,5,19,0.041214342097833784,1.1810118320570933,41,13,1,0,1,0,Benign,0
2,0.055835046248588885,0,0,0,5,19,0.18962845947634283,1.8193906107441176,47,6,0,0,0,0,Benign,0
1,0.039917517313095355,0,0,0,7,27,0.12580901993936533,0.4191117482040882,34,11,3,0,2,0,Benign,0
3,0.05599862817353319,1,0,2,8,25,0.15616822510962136,2.0625333677122284,38,7,1,0,1,1,Benign,0
5,0.012024568971501002,0,1,0,6,30,0.28336354048977835,1.5424925731209402,50,10,3,1,2,0,Benign,0
1,0.05124193495680196,1,0,2,6,18,0.3467462803372662,0.3123814957846226,38,13,1,0,0,1,Benign,0
2,0.19242360690166693,0,0,1,3,28,0.10449048234213075,3.0667348066887454,46,13,3,0,1,1,Benign,0
1,0.02146361455959321,0,0,1,5,30,0.10831285110525496,0.5955096756356756,54,7,6,0,3,0,Benign,0
1,0.1095679144697772,0,1,0,1,26,0.060521301918616974,1.9227710143139574,48,9,0,0,2,1,Benign,0
1,0.02858812967677503,0,0,0,6,23,0.39644922030537394,1.5166523605103845,25,5,3,0,0,0,Benign,0
3,0.3050381229758152,2,0,0,6,5,0.046043426185648974,1.0066878465612294,94,3,3,16,0,19,Attack_InsiderSabotage,1
2,0.06455723454396577,1,0,0,2,26,0.2546539349665533,2.583594105733436,46,11,2,1,0,0,Benign,0
2,0.001043084916530275,0,1,1,3,28,0.3933886837979106,4.1287755282031355,36,16,1,0,3,1,Benign,0
4,0.34211503714685126,4,5,223,588,21,0.9348357995302584,107.60846102055605,24,4,176,1,50,1,Attack_DataExfiltration,1
1,0.06954350338384893,0,0,1,2,24,0.07642592583313705,3.846538219068303,33,12,1,0,0,1,Benign,0
2,0.045741317168447135,0,0,0,6,28,0.09436811230354646,4.9353427588319905,32,5,3,0,0,0,Benign,0
1,0.0645910489367881,1,0,0,10,24,0.14141077428634097,3.0407387520320053,38,4,2,1,0,1,Benign,0
1,0.028387148402818266,1,0,1,2,20,0.07600767187827853,1.0643340382652673,40,14,3,0,0,0,Benign,0
3,0.0015143364768544637,1,0,0,5,23,0.06096309973834959,0.9408722268419071,44,8,3,0,1,1,Benign,0
2,0.09659349403527882,0,0,0,3,28,0.1552270840656516,0.6199789183909181,44,9,1,0,3,0,Benign,0
1,0.006672434388319438,0,0,0,7,19,0.2665502052545164,2.3767893705729692,40,13,3,0,4,0,Benign,0
1,0.03126081382905504,1,0,0,1,19,0.12087868349685295,6.004470096055413,44,7,2,0,1,0,Benign,0
3,0.133094038735329,0,1,0,8,29,0.05436529413296026,3.142663834377903,42,10,0,0,1,0,Benign,0
1,0.05230828097782137,0,0,1,7,24,0.11600861500409378,12.941564363730231,36,9,4,1,1,0,Benign,0
2,0.028797047105513326,0,0,0,9,27,0.17942317311036743,1.9588667358964238,42,7,1,0,1,1,Benign,0
3,0.021323163598778252,0,0,0,5,21,0.08785552468239703,0.9450407168856789,41,8,3,0,1,1,Benign,0
1,0.03825057587689355,0,1,1,3,31,0.09130814241741105,2.500075136019322,39,4,2,0,0,0,Benign,0
1,0.01219734194936827,0,1,0,6,21,0.21727420409965104,2.6821770035005614,54,15,6,0,0,0,Benign,0
3,0.272298795495971,5,0,0,10,2,0.024597873774146174,0.6481741228002798,93,3,1,8,0,20,Attack_InsiderSabotage,1
1,0.0034964056802417936,1,0,0,5,32,0.027306818227034173,4.547354370977657,30,6,2,0,0,0,Benign,0
1,0.01472390559617449,0,0,1,5,22,0.23378010369010555,1.1225428014697036,51,14,0,1,0,1,Benign,0
3,0.012034936070042909,0,1,0,7,19,0.14307009221537348,0.7234326353447997,39,16,0,0,1,0,Benign,0
1,0.000631110453092921,0,0,0,5,25,0.11353350147473815,1.0726291846235152,41,9,1,0,0,0,Benign,0
2,0.04313978229464325,0,0,0,2,33,0.15489558318451302,0.8036827571188732,51,11,1,0,1,0,Benign,0
1,0.0032918881061920675,0,0,0,6,19,0.3749164021486137,0.7160859367433137,40,13,0,0,1,0,Benign,0
2,0.020107398113531804,0,0,0,6,15,0.12846739917197575,6.815105246117498,44,8,2,0,0,0,Benign,0
3,0.08977917692432599,0,0,1,4,28,0.11027317636383366,0.5431241891718186,40,13,4,0,0,0,Benign,0
2,0.05170568032662773,1,0,0,6,23,0.0143355125083988,1.4972706605345505,34,16,0,0,0,0,Benign,0
3,0.0312798622142368,0,0,1,2,17,0.06385393714296934,5.1710970586869,51,15,3,0,1,0,Benign,0
1,0.06657013231046927,0,1,0,5,24,0.10570542110161403,26.672092294287324,41,8,1,0,1,0,Benign,0
1,0.02395269442347017,0,1,1,1,17,0.14746151356073406,1.4236655416468202,40,12,2,0,2,0,Benign,0
4,0.07665801667086986,0,1,0,2,28,0.19802533997234908,1.9007125406373668,32,9,3,0,2,0,Benign,0
1,0.8330202365110068,8,4,261,598,17,0.8127058512734052,151.89184468324285,17,4,160,0,60,1,Attack_DataExfiltration,1
1,0.11180832762608159,0,0,1,6,35,0.057563502822256224,3.2407484537712237,41,10,2,0,0,1,Benign,0
2,0.002449884943212677,0,0,0,7,22,0.18140757105460012,10.891140399742696,41,12,1,0,0,0,Benign,0
2,0.014039695377094463,1,0,0,4,28,0.08401739192688036,2.1257095144212053,37,13,0,0,1,1,Benign,0
2,0.42648431094144706,9,7,245,598,11,0.8739965427372371,152.25688770149267,10,4,190,1,60,1,Attack_DataExfiltration,1
2,0.03505491883545573,0,0,0,4,28,0.21681887187106774,3.4164783168768897,36,9,0,0,1,0,Benign,0
11,0.5279648045227825,2,0,0,12,3,0.06288197494639113,1.169534194634793,130,5,1,10,0,18,Attack_InsiderSabotage,1
1,0.8606937135650987,4,6,267,607,17,0.7128180882137869,96.72576038495663,23,3,154,1,48,0,Attack_DataExfiltration,1
1,0.0024826059966361414,0,0,0,9,23,0.19953189496530843,9.148076164796848,31,13,2,0,2,1,Benign,0
2,0.05708072870338144,0,0,0,3,25,0.3955836867199277,4.906578845916258,34,10,2,0,2,0,Benign,0
4,0.08892430622197205,0,0,1,4,37,0.08264705667631397,7.268580361974648,40,13,1,0,1,0,Benign,0
1,0.028649675137252386,1,0,1,8,27,0.07116266804258423,11.25245145677682,32,7,2,0,3,0,Benign,0
3,0.051370154248021126,0,0,1,4,21,0.022707599248120155,2.482176541915064,43,5,0,0,0,0,Benign,0
4,0.047078714037280985,0,0,2,7,19,0.11019568357393474,2.328123419402476,45,12,2,0,1,1,Benign,0
6,0.016890564445639446,0,0,1,3,30,0.2644633157514281,0.7706504984065966,40,8,2,0,1,0,Benign,0
1,0.015487900987717716,1,0,0,2,21,0.27597446344998067,4.9104655993920625,45,6,2,0,0,0,Benign,0
1,0.007203434293276295,0,0,0,6,19,0.1595339939383664,1.0410481337773836,34,3,3,0,2,1,Benign,0
1,0.08306744569327072,0,0,2,5,17,0.07277311846343633,10.976804408488285,52,7,3,0,0,0,Benign,0
3,0.022482702067506032,0,1,1,5,28,0.05969973015442775,5.681137523509397,40,8,2,0,1,0,Benign,0
1,0.5397425938389293,5,3,265,560,12,0.5555991911211678,204.31525693221184,23,7,160,0,59,2,Attack_DataExfiltration,1
5,0.013282269273805805,0,0,0,4,33,0.15167775140850445,21.720868355948195,46,10,2,1,0,0,Benign,0
1,0.04662320942894417,1,0,0,8,24,0.12434435388297915,3.1558818754036992,43,11,1,0,2,0,Benign,0
2,0.46267628052756765,4,7,253,610,17,0.6615433749064699,82.69189003410183,26,2,194,1,47,0,Attack_DataExfiltration,1
4,0.07646769469586445,0,0,0,7,31,0.35316009123870723,1.9123395974448523,36,13,3,1,1,0,Benign,0
1,0.006678805557845418,0,0,0,7,31,0.20030786763848765,2.055091966618331,34,10,1,0,2,0,Benign,0
5,0.7284397271149674,4,2,0,10,6,0.12023677012348066,0.464662662600812,96,2,0,18,0,17,Attack_InsiderSabotage,1
4,0.3306106118183397,4,1,0,10,3,0.031276850915346294,4.9264853903085,86,2,2,6,0,31,Attack_InsiderSabotage,1
9,0.3997197920863255,1,0,0,13,3,0.04155526337111585,4.840732959135052,105,4,2,15,0,16,Attack_InsiderSabotage,1
2,0.0744727731645254,0,0,0,6,24,0.1496039908013099,2.0270921466546272,45,8,3,0,2,0,Benign,0
2,0.12485906073791884,0,1,0,3,21,0.19059409059321802,9.707586346437227,39,12,3,0,1,0,Benign,0
1,0.027427899211012907,1,1,1,4,24,0.30668443649178756,5.133763227059496,37,6,4,0,1,1,Benign,0
2,0.014189797491823497,2,0,0,6,19,0.08413860550616123,1.2440504991296184,29,7,6,0,1,0,Benign,0
1,0.0031288520383446978,0,0,0,5,33,0.27052686670530296,3.3471923883209924,32,7,3,0,0,1,Benign,0
1,0.06506699583345259,0,0,0,5,20,0.13754576508460184,7.864725696461727,48,12,2,0,1,1,Benign,0
2,0.034068992812574264,0,1,1,5,28,0.3540908512053974,8.117672331540419,40,10,1,0,2,0,Benign,0
1,0.09713865402529352,0,0,0,3,24,0.14557915902666435,5.295171502457532,46,6,1,1,0,1,Benign,0
1,0.18432129786444523,1,0,0,4,26,0.03864798134526374,3.836391908303716,49,11,1,0,0,0,Benign,0
4,0.027191487257564387,0,0,2,7,27,0.09529888597530953,2.08676988835867,45,6,4,0,2,1,Benign,0
2,0.013089212078657408,0,0,0,1,28,0.08215681554851273,0.11927491696845616,43,12,2,0,1,0,Benign,0
1,0.06807668947148783,1,1,0,5,22,0.15885575540802285,5.405664223280861,26,11,0,0,0,0,Benign,0
1,0.9574473896001644,5,7,228,583,14,0.6733490514894799,303.44706127452434,15,2,173,1,53,2,Attack_DataExfiltration,1
7,0.6159896950770877,1,1,0,11,3,0.07421396422395855,0.5343470944208732,96,2,0,9,0,16,Attack_InsiderSabotage,1
1,0.033681923403278094,0,1,0,5,27,0.044235132308404,0.9287265763787381,36,5,3,0,0,1,Benign,0
2,0.04922576992024945,2,0,1,6,33,0.06586560464423799,1.4626955397121957,49,13,2,0,0,0,Benign,0
1,0.04872446214671058,0,0,0,2,33,0.11650084844815288,0.8703937034809883,48,13,0,1,2,0,Benign,0
1,0.1018642354427417,0,0,0,6,26,0.15894865734959382,13.980052469691538,45,15,2,0,0,1,Benign,0
1,0.04365348125227043,0,0,1,6,29,0.19359072232415075,5.553751483310059,36,9,1,0,2,0,Benign,0
2,0.017283703836564242,0,0,0,8,17,0.23467154716879524,1.3483843171471368,32,14,0,0,1,0,Benign,0
1,0.018283742754123967,0,0,0,6,23,0.1109824979831292,3.981834920694602,44,12,2,0,0,0,Benign,0
1,0.007672649030536028,0,0,0,2,27,0.058506798283671314,6.249972046372696,28,9,4,0,2,2,Benign,0
3,0.02775035342944724,0,0,0,4,21,0.30145740350080047,1.4384916023474157,47,10,2,0,1,0,Benign,0
10,0.5711277867515515,1,3,0,9,7,0.015077922139167001,1.022349897640207,97,5,1,15,0,25,Attack_InsiderSabotage,1
1,0.002111735120230527,1,0,0,2,17,0.18513130633499095,8.897463220524475,36,8,3,0,3,0,Benign,0
2,0.028581689496752456,0,0,0,3,36,0.0694251478205512,0.47203248214299887,43,10,2,0,0,1,Benign,0
3,0.02267149400681451,1,0,0,2,26,0.016535853417610148,5.224002162021677,43,13,3,0,1,1,Benign,0
2,0.01222379680134973,0,0,0,14,26,0.13427807845297826,3.2252004554294906,48,8,1,0,0,1,Benign,0
2,0.029618978451912966,0,0,1,3,28,0.12755484466772424,2.7560747731256723,39,13,0,0,0,0,Benign,0
5,0.4467120896749959,5,0,0,15,5,0.39147601682891303,0.5727623924462067,104,3,3,12,0,19,Attack_InsiderSabotage,1
1,0.061832825621949486,0,0,0,6,20,0.09758445573469367,1.0278739491367301,34,16,1,0,1,0,Benign,0
2,0.04205044815787486,0,0,0,3,30,0.1566767512328564,10.074788035909837,41,9,1,0,1,0,Benign,0
2,0.6476758506317777,3,2,270,609,16,0.7142476387506564,194.13646667126594,20,6,150,1,57,0,Attack_DataExfiltration,1
7,0.8142254905596314,2,5,264,590,19,0.8056509427196316,258.65749743862546,19,7,156,2,45,0,Attack_DataExfiltration,1
1,0.04271193625043953,0,0,0,4,31,0.10524324817008592,0.8143444982421931,42,13,2,0,1,1,Benign,0
3,0.02452927801267509,0,0,1,3,15,0.19148992138224813,4.739496305957521,38,12,4,0,4,0,Benign,0
2,0.0034703676548699354,0,0,0,8,25,0.16579441116751653,2.6457454854405893,39,13,5,0,1,0,Benign,0
3,0.04718926514588244,0,0,0,5,25,0.21349745550053795,0.4178589058791708,51,10,3,0,1,0,Benign,0
2,0.013793705999728727,0,0,0,7,27,0.20939322489114665,5.466167189685889,45,7,1,0,0,0,Benign,0
1,0.08651745193580439,0,0,0,5,25,0.12438002124526357,0.8069999759259084,40,7,4,0,2,1,Benign,0
1,0.11987267390114653,0,1,0,3,25,0.08446916068653058,13.353294035028147,47,11,0,0,1,0,Benign,0
1,0.008678600959243133,0,0,0,7,27,0.31750715328773027,4.645246561984753,63,9,3,0,4,0,Benign,0
1,0.8619159762187891,5,7,237,651,9,0.6611120747121383,221.67075388013356,18,6,156,1,46,1,Attack_DataExfiltration,1
1,0.006776794983660581,0,0,0,4,20,0.3065863248391952,2.013612461319257,39,8,2,0,1,1,Benign,0
2,0.13520597670766352,0,0,0,5,22,0.24322953170844708,2.3303607301093496,41,19,2,0,3,0,Benign,0
2,0.06384531358408188,0,0,0,3,20,0.15471034209900972,1.9498130280183699,40,10,0,0,0,0,Benign,0
3,0.1755260494020194,1,0,1,7,31,0.16937411642477007,11.675698858844747,31,5,3,0,1,0,Benign,0
3,0.6729571763304796,8,9,252,603,11,0.813604549726786,172.3891458464875,21,3,181,0,44,0,Attack_DataExfiltration,1
3,0.07881598660833868,0,0,0,4,24,0.2534561931799098,4.238827970856034,27,8,0,0,1,0,Benign,0
3,0.03422414933683294,0,0,0,4,26,0.1359784058268357,1.4833821197225732,39,14,5,0,0,0,Benign,0
1,0.024223653771568845,0,0,0,5,24,0.13487921151542875,0.5475652488949038,49,16,0,0,0,0,Benign,0
3,0.6703849474642194,3,2,0,17,6,0.1336114826167119,1.3247351506411944,94,4,0,10,0,12,Attack_InsiderSabotage,1
2,0.008612352161510168,0,0,0,6,15,0.09014841906545688,5.717439649036916,48,7,4,1,1,1,Benign,0
1,0.009335925881011878,0,1,0,2,31,0.14222674310532404,10.799556221431184,44,8,2,0,0,0,Benign,0
4,0.008142784125610954,0,0,0,6,20,0.047348415962483834,0.39395527458404905,45,11,4,0,0,0,Benign,0
2,0.1432595121483297,0,0,0,3,21,0.11098985290346665,4.153742401051384,45,11,1,0,0,0,Benign,0
3,0.0022280761755119807,0,0,0,3,33,0.027819032215485887,8.818833382062701,50,10,2,0,0,0,Benign,0
5,0.04255557141313289,0,1,1,4,30,0.07482756232984963,1.3245214531883398,34,11,3,0,0,1,Benign,0
1,0.08313996138538154,0,1,0,4,21,0.08915933474332163,3.396671964385909,37,15,2,0,0,0,Benign,0
2,0.0733348232909015,1,0,0,5,23,0.10433099666134088,1.0039154182414716,35,11,0,1,1,1,Benign,0
1,0.015685035947434523,1,0,0,8,25,0.16182598789323044,5.625693481934454,39,9,1,0,1,0,Benign,0
3,0.019126584836261055,0,0,0,4,26,0.007788898436748287,0.4448884579956946,40,9,1,0,0,0,Benign,0
1,0.02861347279870906,0,1,0,6,21,0.20262958604240183,3.7410592213622924,36,13,1,0,2,0,Benign,0
2,0.004965977628800936,0,1,0,7,25,0.04567846341274185,0.7258971883120436,43,12,0,0,0,0,Benign,0
1,0.022119498522402452,1,0,0,3,19,0.11239249747855601,1.6585420502818935,37,9,2,0,0,0,Benign,0
1,0.03479398545814824,1,0,0,6,26,0.029144664105574675,0.9697063570187564,44,6,2,0,2,0,Benign,0
3,0.07944189277999932,0,0,0,6,21,0.3320102080241811,0.36109134397160814,38,7,2,0,2,0,Benign,0
2,0.05985055805860438,0,0,1,7,33,0.07211456350516374,4.053040366704056,34,10,2,0,1,0,Benign,0
1,0.05681122072603614,0,0,1,7,30,0.36060851544731376,1.197198497734097,34,8,3,0,0,1,Benign,0
2,0.07961844486935248,0,1,0,3,29,0.16512875964874568,2.159207132777644,32,12,3,0,1,0,Benign,0
1,0.11397749808825763,0,1,1,4,11,0.01266882135717105,1.0367965684624556,39,13,4,0,2,0,Benign,0
2,0.6941988839110047,8,5,211,627,20,0.7951302928798624,141.80943728808083,28,4,164,0,37,2,Attack_DataExfiltration,1
1,0.059613834826991736,1,0,0,6,22,0.1104565198426858,1.6271956103850092,44,10,3,0,0,0,Benign,0
3,0.02410120303710596,0,1,0,5,18,0.3303040475371672,0.21948474760721312,33,7,3,0,2,1,Benign,0
2,0.22835588601561288,0,2,1,4,30,0.2644400621403113,5.2029964422449,46,9,1,0,1,0,Benign,0
2,0.0012106687719499413,0,0,0,4,26,0.3031941225533705,16.04459327679668,40,13,3,0,2,0,Benign,0
1,0.030713222600695186,0,1,0,6,27,0.15319085499772198,7.647976682280103,30,5,3,1,1,0,Benign,0
2,0.026425499758883232,0,0,1,6,24,0.06779739726343677,2.4926526533743605,47,14,5,0,2,0,Benign,0
1,0.06174840801425997,0,0,0,2,22,0.08701851094297237,3.396426584132265,41,5,1,0,2,2,Benign,0
3,0.01348190765441271,0,0,0,6,22,0.1523299201492986,4.2052712345171175,46,8,1,0,3,0,Benign,0
2,0.9200682184130453,5,8,257,596,14,0.7751325841172725,455.3931934398856,19,7,163,1,41,0,Attack_DataExfiltration,1
1,0.006795642499671854,0,0,0,5,25,0.22047353668301387,1.6477141600316791,40,13,2,0,1,0,Benign,0
2,0.07249270504364813,0,1,1,9,16,0.04725828287811747,0.3225966181153128,37,13,1,1,1,0,Benign,0
3,0.08615890689736463,0,2,1,2,35,0.10484368834401074,2.9727189898060535,37,11,0,0,1,0,Benign,0
4,0.7181726836371758,3,5,236,582,17,0.7002111539027527,80.68192569836587,20,2,177,4,45,1,Attack_DataExfiltration,1
2,0.004639737454705593,0,0,0,6,28,0.293009307866856,5.226715089488079,37,2,3,0,0,1,Benign,0
1,0.07897376681171778,1,0,0,4,19,0.04860902683358919,11.473619735148738,42,10,2,0,4,0,Benign,0
1,0.2219152247437547,0,0,1,4,21,0.07012553757548949,14.903394506493195,40,7,3,0,1,1,Benign,0
1,0.04240523371829105,0,0,1,7,26,0.12118897879123669,0.5692185366727682,38,12,0,0,0,0,Benign,0
3,0.005920131359129346,0,0,1,4,33,0.04267057302756604,1.1776249058329407,44,11,5,0,1,1,Benign,0
2,0.01998643996827543,0,0,2,7,25,0.06861567752078652,18.95200934220275,40,5,2,1,1,0,Benign,0
1,0.0205183793189424,1,0,0,2,20,0.09119122317268494,1.8561827727814677,48,11,0,0,1,1,Benign,0
1,0.058585764293314385,0,0,0,4,24,0.0381466567602743,1.7138387682607215,45,12,1,1,1,0,Benign,0
1,0.006776203511654073,0,1,1,8,35,0.10368031528187303,4.767830799427271,36,14,2,0,1,0,Benign,0
1,0.057826805891997145,0,0,0,5,26,0.09393923661799493,2.73632595802872,38,14,5,0,1,2,Benign,0
1,0.009731223060834106,0,1,0,6,35,0.29047655923307164,3.5104488407622174,39,13,0,0,1,0,Benign,0
1,0.02297204986635575,1,0,0,7,24,0.2745550275915347,6.1599150359485115,44,11,1,0,2,1,Benign,0
1,0.10015952536034982,0,0,0,4,23,0.11494752414312041,1.512921549154208,44,7,3,0,0,0,Benign,0
1,0.14416642794391035,0,0,0,10,20,0.11904666634109067,8.053226983616737,34,11,0,1,0,1,Benign,0
1,0.04398868796586495,0,0,0,3,20,0.05271283945677865,8.12399138691765,39,8,1,0,1,1,Benign,0
1,0.0010587755997522917,0,0,2,4,26,0.06542218585315512,1.8570937945150072,32,16,3,0,2,0,Benign,0
2,0.6967413403055741,3,0,0,8,7,0.054742518962713434,0.514785156775337,99,4,1,15,0,18,Attack_InsiderSabotage,1
4,0.5497926360515547,3,0,0,12,7,0.17148188063712116,2.172612481839117,97,4,0,18,0,14,Attack_InsiderSabotage,1
1,0.07997834485498365,0,0,0,5,22,0.17821343216702204,1.4351413809363704,49,9,2,0,3,0,Benign,0
1,0.8205549232217851,5,6,245,576,16,0.7621343561693281,296.0222783958284,18,5,163,1,45,0,Attack_DataExfiltration,1
1,0.022325213504234658,0,0,0,6,37,0.11575567884374616,1.5152599475393682,43,5,2,0,2,1,Benign,0
1,0.013823782843858443,1,0,1,3,16,0.15808582619837258,2.9733300664295785,34,7,1,0,1,0,Benign,0
2,0.004731240983243071,0,0,3,3,30,0.060984071721413145,1.2195111452579233,27,11,3,0,3,0,Benign,0
1,0.004537126064838142,1,0,0,5,29,0.12459620619111458,0.2295109251747146,34,11,2,0,0,0,Benign,0
4,0.0009878732883986648,1,1,1,5,29,0.06880028880144946,2.200561278337946,27,6,2,0,0,0,Benign,0
1,0.009316347955883436,0,0,1,8,27,0.3214834432269072,4.015568495754464,33,7,2,0,1,0,Benign,0
2,0.0461949506124573,0,0,0,5,22,0.14274386898742533,2.4144704458098656,41,11,1,0,1,0,Benign,0
3,0.0067135178544658666,0,0,0,7,28,0.15047371906794135,1.2891778750808502,35,8,3,0,1,0,Benign,0
1,0.03298365614742894,0,1,1,4,27,0.32461799958319465,3.5183256625854966,26,10,2,0,1,1,Benign,0
1,0.09013047999896834,0,1,1,4,19,0.07020870624815255,5.832012577254557,45,16,3,0,0,0,Benign,0
4,0.006169256318246981,0,0,0,7,30,0.15571696654410055,8.77888291528242,41,11,1,0,3,0,Benign,0
4,0.0688357348709669,0,0,0,5,15,0.07559624292748887,0.949386641199445,51,8,2,0,0,0,Benign,0
1,0.056724626232057145,0,0,1,6,22,0.028603079800167085,7.313405584213161,41,8,1,0,6,0,Benign,0
2,0.0060439320422700045,0,0,2,5,27,0.19464863382926942,2.7684573815076075,39,13,2,0,0,0,Benign,0
2,0.014872938822886159,0,0,1,2,25,0.13305832045661536,21.76493523763514,36,15,3,1,2,0,Benign,0
2,0.5391192474733104,4,0,0,10,5,0.040957865332061166,0.8857477966514434,92,1,2,13,0,19,Attack_InsiderSabotage,1
1,0.006832025952240584,0,0,0,2,23,0.03407589272564875,0.7312687142463793,40,9,5,0,2,0,Benign,0
2,0.0028673061190063894,0,1,1,7,23,0.3010420578019726,0.5018176855392429,43,3,1,0,1,0,Benign,0
1,0.0004161359255790541,0,1,0,7,37,0.12410757440158376,8.35225727170497,46,14,3,0,4,0,Benign,0
1,0.08052324096515603,1,0,0,3,38,0.17457637539485163,2.8858385197723315,46,12,2,0,2,0,Benign,0
1,0.034675505819630074,0,0,1,3,23,0.1439212992140993,1.8208282780672689,26,17,0,0,1,0,Benign,0
4,0.6763447889369555,4,2,0,11,6,0.07882060556935595,1.4719895410885602,89,3,1,21,0,21,Attack_InsiderSabotage,1
2,0.008038117097773835,0,0,1,8,28,0.07666426950084491,2.763448925085906,34,16,2,0,0,1,Benign,0
1,0.09694699322649612,0,0,0,9,25,0.23208428962924305,25.227746157017066,49,10,5,0,1,0,Benign,0
1,0.015918410978262496,0,0,0,3,24,0.027102543744465215,1.9968870034395223,33,13,4,0,0,1,Benign,0
1,0.01997206815634331,1,0,1,5,21,0.08315066501962061,0.6823345205099983,56,7,0,1,2,0,Benign,0
1,0.038180007927741816,0,1,1,2,19,0.37461989382400146,1.4813879389867501,37,10,2,0,0,1,Benign,0
1,0.14844699549985857,0,0,1,8,25,0.11594254101026896,4.763323524712814,34,9,4,0,1,0,Benign,0
1,0.02480434468805397,0,1,1,7,20,0.22387092503116846,7.163053133378558,32,8,3,1,0,0,Benign,0
1,0.09475665606607964,0,0,1,7,21,0.34463608081079833,1.739305506945454,47,12,3,1,1,1,Benign,0
1,0.08169479747394982,0,0,0,11,25,0.3484305475455927,10.676660406471084,46,6,2,0,0,0,Benign,0
1,0.005896550096810434,0,0,1,6,25,0.19140790134458605,1.4161683288974034,42,9,0,0,1,1,Benign,0
2,0.008756128507182702,0,0,0,1,26,0.1981354864035998,7.387196395134272,36,5,0,1,0,0,Benign,0
2,0.0012651985782709777,1,0,1,8,27,0.08051940734832358,1.3422000356816002,40,7,2,0,2,0,Benign,0
1,0.014126627961286938,1,0,0,6,23,0.21253616066569417,0.9088967642273484,40,6,2,0,1,0,Benign,0
1,0.03476876618334729,1,0,1,6,35,0.2921251915434589,1.6687210414154974,45,7,1,0,0,0,Benign,0
1,0.5200373104268633,5,4,242,587,17,0.9217284077897036,409.7299664769632,23,9,168,0,47,3,Attack_DataExfiltration,1
2,0.002286892638538667,1,0,1,3,26,0.041976406451792125,2.277457363515648,41,10,3,0,0,1,Benign,0
1,0.00046851693124464865,1,0,1,4,22,0.2496776573881086,5.136933476312879,42,7,2,0,1,1,Benign,0
1,0.03173815323427561,0,1,1,3,22,0.18380169875870117,4.193468432098347,38,12,2,1,2,1,Benign,0
1,0.028708516908993974,0,1,1,6,29,0.24078085914056752,6.047038027683915,34,10,3,0,2,0,Benign,0
2,0.05201980441506138,0,0,1,4,21,0.10737438302179873,11.31076550969233,47,8,2,0,1,1,Benign,0
1,0.15921224246310564,0,0,0,5,24,0.1826630094175327,4.1782683334707205,39,11,1,0,1,1,Benign,0
5,0.8907780255005814,3,5,261,587,19,0.8893202177276304,200.77139315008216,26,5,161,1,34,1,Attack_DataExfiltration,1
3,0.009571369371898205,1,0,1,3,22,0.13401653277769596,1.1197347558493405,55,8,2,0,0,0,Benign,0
4,0.035864026706862284,0,0,0,5,38,0.09812532733253028,1.6866551262336582,39,6,2,0,2,1,Benign,0
1,0.017334692029854094,0,0,0,1,23,0.1242846762567729,1.4298291766725106,43,4,5,0,1,0,Benign,0
4,0.002409437117993928,1,0,0,4,25,0.023702021816142328,0.7444194539498423,49,6,2,0,0,1,Benign,0
1,0.006410988567888766,0,0,0,3,23,0.28294281933325816,8.964372802079579,40,6,1,0,1,1,Benign,0
1,0.003159018065744792,0,0,2,7,29,0.12931121831698428,2.884403689459086,31,7,2,1,0,0,Benign,0
3,0.7701638291837254,5,1,0,17,6,0.16863375671964606,2.291933743813996,106,6,2,14,0,18,Attack_InsiderSabotage,1
3,0.6576808260139385,7,10,244,628,21,0.7152281828824646,77.11338562526883,24,4,179,0,52,1,Attack_DataExfiltration,1
3,0.03132386199606036,1,0,0,3,22,0.3039591942250137,8.738858831894975,42,5,2,0,0,1,Benign,0
1,0.0016233974575790419,0,0,0,6,26,0.24841690156440008,15.527894244364361,37,11,4,0,1,0,Benign,0
1,0.04600366475231692,0,1,0,6,36,0.19951189233007854,2.319489462320184,45,8,2,0,0,0,Benign,0
1,0.003401264824361635,0,0,0,4,25,0.07255028187413455,0.49468192575438624,23,11,2,0,2,0,Benign,0
4,0.043335813965381234,1,1,0,5,21,0.20107149165226015,15.398462180665787,38,6,0,0,1,0,Benign,0
2,0.02549358334104862,1,0,0,3,15,0.07532304749713269,2.922363810850323,45,10,3,0,1,0,Benign,0
6,0.0037857866395899797,0,1,2,7,25,0.4428080582137826,0.7410492862606801,42,9,2,0,1,0,Benign,0
1,0.055473647861298124,2,0,0,0,24,0.007246402329647669,4.033466057934636,32,7,4,0,0,0,Benign,0
4,0.7274070956744407,3,0,0,13,3,0.1642436087816435,1.7288561205749393,87,8,5,18,0,18,Attack_InsiderSabotage,1
2,0.05999621363491817,1,1,0,4,25,0.31880725937738236,8.224768681224454,30,7,3,0,0,0,Benign,0
1,0.02784355632669457,0,0,0,2,17,0.20434311606309516,6.742100779840943,46,13,3,0,0,0,Benign,0
3,0.002404495075139987,0,1,0,5,17,0.18091801935732346,0.1766439246495323,35,10,2,1,2,1,Benign,0
3,0.0026999881098293847,0,1,0,3,19,0.06494274746896928,10.340904041807544,35,14,4,0,3,0,Benign,0
1,0.6846513449693556,8,6,259,604,22,0.5401330871037088,123.86077022423952,16,6,160,0,47,1,Attack_DataExfiltration,1
2,0.10204065969691088,0,1,0,5,27,0.05479570612767881,1.9132613443995699,45,13,4,0,0,1,Benign,0
2,0.04755546766919287,0,0,0,6,26,0.08532351144503524,9.392664716523095,50,16,1,0,1,0,Benign,0
3,0.01596409157370415,1,0,0,5,25,0.05294568366671703,1.0505348379365154,38,6,1,0,2,0,Benign,0
1,0.2324800056839508,0,1,0,9,40,0.13219212341043,1.227706987681328,35,10,2,0,0,0,Benign,0
1,0.0007421623176934951,0,0,0,2,21,0.1866742384940262,5.6923168160923545,40,13,1,0,1,0,Benign,0
3,0.85021837516362,6,6,262,633,23,0.5016077043595121,129.459954822982,19,3,198,4,59,0,Attack_DataExfiltration,1
3,0.11150118919029772,0,0,0,3,21,0.0379218992609909,18.762202432674258,38,10,4,1,0,0,Benign,0
2,0.01125928841257813,1,0,0,3,19,0.13563513130373642,7.980243052610547,41,7,3,0,1,0,Benign,0
2,0.035962615928302966,0,0,0,5,29,0.2115158646513568,3.4121227288838405,32,8,2,0,1,0,Benign,0
1,0.07349226914388875,0,0,1,7,21,0.06156048861668867,3.5554171689557026,41,10,1,0,1,0,Benign,0
3,0.00047708908428649297,1,0,0,3,19,0.10553512598697516,11.597408672328106,43,5,7,0,2,0,Benign,0
1,0.017522005879898765,0,1,1,3,25,0.10140976559422285,7.285374064972962,39,15,6,0,0,0,Benign,0
1,0.0004563948929980816,0,0,0,4,25,0.04740465519969054,4.590372291543866,47,10,2,0,0,0,Benign,0
1,0.017296260080926714,0,0,0,5,29,0.31966165786808715,0.682866244936687,40,5,1,0,0,1,Benign,0
3,0.4017959294487457,3,1,0,7,3,0.08607654486646252,0.803504141633051,91,2,1,13,0,19,Attack_InsiderSabotage,1
2,0.013481420109980321,0,0,0,4,27,0.09031391572219774,0.862440143124139,45,7,0,0,1,1,Benign,0
3,0.092490562478823,0,0,0,3,24,0.3528649219917155,7.505529474209594,42,12,0,1,1,0,Benign,0
2,0.029442751590479217,0,0,0,6,22,0.04037413582257898,4.05382641711733,32,10,3,0,0,1,Benign,0
2,0.03521178443830903,0,0,1,4,19,0.1080855828010809,1.2166523103894993,36,15,1,0,2,0,Benign,0
2,0.6345794530348906,3,9,241,592,18,0.7711130986224506,239.30975651856173,19,2,176,3,47,2,Attack_DataExfiltration,1
1,0.040955066176719596,2,0,0,3,30,0.11166769398399547,0.36196090076653387,45,10,0,0,2,0,Benign,0
1,0.05276217840834098,0,0,0,10,28,0.015037832320345805,1.875907055075636,46,9,4,0,0,0,Benign,0
1,0.06241416373601378,0,0,1,4,30,0.2392287790139254,4.408656973725297,39,9,4,0,2,0,Benign,0
4,0.033564391732430615,0,1,1,4,24,0.17981012958343862,3.091423135621022,44,9,5,0,2,0,Benign,0
2,0.02556423667346451,0,0,0,3,27,0.11440492389656227,1.471095383005893,48,9,2,0,3,0,Benign,0
3,0.014653613028836804,0,1,0,6,30,0.07352173164072037,6.4932686250386125,41,15,2,0,0,1,Benign,0
1,0.07261258404707824,0,1,0,3,32,0.40210497445148696,6.254398751209189,28,13,1,0,2,0,Benign,0
1,0.020582662405573687,1,0,1,3,19,0.10930625992262966,8.226116162045795,41,18,2,0,1,0,Benign,0
1,0.09671814481374243,0,1,0,3,18,0.081081696104257,0.7166005646725393,37,12,3,1,2,0,Benign,0
5,0.4646121977029887,6,0,0,11,8,0.004897558170109928,0.40719217700909927,84,13,0,15,0,17,Attack_InsiderSabotage,1
3,0.0029567295402518775,0,1,1,8,20,0.3315037366360059,2.4304155177104945,35,8,2,0,0,1,Benign,0
1,0.011944169151102189,0,0,0,5,28,0.04582038245212565,16.32447443348896,39,13,1,0,0,0,Benign,0
2,0.12539255848516315,0,0,0,6,26,0.14718908198741346,4.234133746627596,48,12,5,0,0,0,Benign,0
1,0.05909369659411519,1,0,0,4,25,0.13299946218090905,4.43803236710275,36,6,2,0,0,0,Benign,0
1,0.0667990737283406,1,0,1,3,27,0.16273216091257325,4.0086811351672615,38,10,2,0,1,0,Benign,0
2,0.02090579710207288,0,0,1,4,24,0.14715156082592198,0.5171809491139726,34,7,2,0,2,0,Benign,0
2,0.04536713790279713,0,1,0,7,36,0.010401921690127115,2.0365490960488413,36,7,4,1,0,1,Benign,0
2,0.07372557703572585,0,0,0,3,25,0.2974144752808874,6.511069908577668,38,12,4,0,0,0,Benign,0
1,0.013874160048241612,1,1,1,9,23,0.09083972043019521,0.46769700764793387,42,10,4,0,0,0,Benign,0
1,0.055580129316375904,0,0,0,6,23,0.0383102352903733,11.40457366758273,47,7,2,0,0,1,Benign,0
1,0.06004282627551357,0,1,0,2,23,0.03494301301220535,13.373060851626974,33,13,3,0,0,0,Benign,0
1,0.03491463362735605,1,0,0,2,32,0.25944353319202695,2.7591325555168793,40,10,3,0,0,0,Benign,0
2,0.02505054581805712,0,0,0,4,24,0.2880709318443714,7.084746558714056,41,4,2,0,1,0,Benign,0
1,0.043926621205012076,1,0,0,7,22,0.0769290129725391,8.566585758890106,39,5,3,0,1,0,Benign,0
3,0.023889215748922762,0,0,0,6,24,0.09790104954329938,2.4717949614615162,50,2,3,0,0,0,Benign,0
5,0.010574234853089764,0,0,0,5,32,0.2508352816442953,2.998236490752321,45,10,2,0,4,0,Benign,0
2,0.01831066026313459,0,0,0,9,22,0.24114835647872757,4.7123027505064385,48,11,1,0,0,0,Benign,0
2,0.6297535398121274,4,8,249,633,14,0.8128809506051672,126.68229654849638,21,9,164,1,48,2,Attack_DataExfiltration,1
2,0.0891101189699576,0,0,0,5,34,0.17817646579676377,4.2418609551500355,45,14,2,0,2,0,Benign,0
1,0.05657264092645505,0,0,1,9,29,0.12277269059507592,1.477892626782142,45,8,4,0,1,1,Benign,0
2,0.015079493044630916,0,0,0,3,26,0.1381264454618935,22.18987120875705,34,9,2,0,1,0,Benign,0
1,0.026332645205106444,0,0,0,4,20,0.06691217628508188,3.6762100422498807,39,11,1,0,0,0,Benign,0
1,0.06441243308957051,1,0,0,3,28,0.12309611406469206,2.620104627928068,30,8,2,0,0,0,Benign,0
1,0.09611442963299005,1,0,0,8,27,0.09363832746810909,13.030041968894745,33,12,1,0,2,0,Benign,0
3,0.849593258308089,6,1,271,581,8,0.7469199389186674,207.96160413060892,16,6,170,1,47,0,Attack_DataExfiltration,1
2,0.029403562562277243,2,0,0,6,27,0.13642465047197166,2.8815391372234176,42,10,2,0,1,0,Benign,0
1,0.006779192504965331,0,0,1,9,22,0.020359401390112882,3.6157133763000546,35,18,3,0,2,0,Benign,0
2,0.581006159658178,4,1,0,19,6,0.05580676370245924,0.42367458727751917,101,5,1,15,0,16,Attack_InsiderSabotage,1
1,0.9177469336060539,7,12,270,580,7,0.8155206671087426,185.70307426270853,23,7,168,0,45,1,Attack_DataExfiltration,1
1,0.125390213576105,0,0,0,2,28,0.2674112925151438,3.666622421256116,54,8,2,0,1,0,Benign,0
1,0.0638341643668958,0,0,1,7,25,0.0911649777390109,2.1996921188285765,38,11,1,0,0,0,Benign,0
6,0.057785295421645816,0,0,0,5,20,0.0423514602977538,5.662436078049464,34,18,3,0,2,0,Benign,0
3,0.11419179021613671,1,0,2,6,29,0.09038576481785651,7.471001210487749,42,7,4,0,2,0,Benign,0
1,0.6884960867576353,4,7,224,576,12,0.7444148107993903,105.28448594539613,18,5,165,2,45,0,Attack_DataExfiltration,1
4,0.08077387714467495,0,0,0,6,41,0.1298619409665412,1.7167466790793722,37,12,1,0,1,0,Benign,0
1,0.023101747709767317,1,1,0,7,29,0.11113710496463351,10.37905743516157,40,7,1,0,1,0,Benign,0
2,0.010625921274745848,0,0,2,6,34,0.13557814800115614,5.841701286618389,43,10,2,0,0,1,Benign,0
1,0.03239437958034969,1,0,2,7,24,0.13682343940109007,1.868755314287866,61,7,1,0,0,0,Benign,0
1,0.03156691122541405,0,0,0,6,34,0.16906582431055558,10.677250861691379,40,9,2,0,1,1,Benign,0
5,0.5908077451596745,7,1,0,10,3,0.09557013361701851,0.41818788127264117,88,8,0,12,0,17,Attack_InsiderSabotage,1
1,0.027040336601436156,0,0,1,2,25,0.2845834461038669,17.89107794762983,34,18,3,1,1,0,Benign,0
3,0.5990226113270877,3,1,0,14,4,0.11292201986921277,2.3116454610684185,102,2,0,17,0,18,Attack_InsiderSabotage,1
2,0.1155110453077354,0,0,0,4,27,0.21932354134053028,2.6800624117920964,59,9,1,0,0,0,Benign,0
1,0.046507943639603005,1,1,0,8,16,0.10553802733481765,0.1974571028099262,42,17,4,0,1,1,Benign,0
1,0.11764580944331442,0,0,0,6,25,0.08732209796169116,10.517751410683884,36,10,2,1,1,2,Benign,0
2,0.04766264914111859,0,0,1,4,22,0.08079707413295255,2.4429501582463313,40,11,3,0,0,0,Benign,0
2,0.01784750479357142,0,1,1,8,26,0.35137119984484455,0.30311464077533073,41,11,4,0,1,0,Benign,0
2,0.11491666753822707,0,0,0,5,15,0.04812998209630682,9.743042463073797,40,9,4,0,0,1,Benign,0
1,0.022717787760933607,0,0,0,5,31,0.06884299383399266,4.7573238689660515,43,8,5,0,1,1,Benign,0
6,0.5463545500094942,1,0,0,10,5,0.0529912364637494,0.4837147199251262,107,8,1,17,0,19,Attack_InsiderSabotage,1
1,0.13828363010984276,2,0,0,1,19,0.136572024564677,21.0135888311698,28,11,4,0,1,1,Benign,0
1,0.0003593246728682294,0,1,0,10,19,0.3361889417406191,1.6048088629368538,33,14,0,0,0,0,Benign,0
2,0.11587077578957783,0,1,0,4,26,0.5235545534458838,1.2689027221140932,50,9,4,0,0,0,Benign,0
1,0.009681897893799443,1,0,0,2,30,0.11068493013642382,1.3313637660142599,39,10,1,0,0,0,Benign,0
3,0.006830756676171624,0,0,0,2,19,0.26612535086644346,1.6474014936935912,44,15,3,0,3,0,Benign,0
2,0.964518806576313,2,7,259,542,15,0.8543933628686614,45.80639896514512,27,3,177,2,55,0,Attack_DataExfiltration,1
1,0.017785679198818127,0,0,2,3,25,0.16399713825423143,8.98702254584842,35,7,1,0,1,0,Benign,0
2,0.060212539177671755,1,1,0,5,14,0.07817956691701655,1.4475364397504145,40,10,2,0,1,0,Benign,0
1,0.04944828649847608,0,0,1,4,26,0.19789245291478497,3.3658615241493663,46,9,0,0,1,1,Benign,0
1,0.14387670348681506,0,0,0,9,22,0.15037923659089064,2.3582347213212724,39,7,3,0,0,1,Benign,0
2,0.014994203865990183,1,0,0,5,26,0.07371778574255934,0.6280701155818638,37,11,5,1,0,1,Benign,0
1,0.054962229195536616,0,0,0,5,23,0.13662496752843245,14.025100464665682,36,7,1,0,1,0,Benign,0
1,0.04127899328290068,0,0,0,9,17,0.010457375440392536,1.5604310437859061,47,8,0,0,1,0,Benign,0
1,0.0065200247652065415,0,1,0,5,23,0.03425826528551532,1.3352199686853543,36,12,2,0,0,1,Benign,0
7,0.6168665068049275,3,1,0,14,4,0.2456595431280562,2.531618803668045,98,5,0,10,0,17,Attack_InsiderSabotage,1
2,0.05924141646653736,0,0,0,3,26,0.04895911414362176,0.7569335881349465,39,8,2,0,0,0,Benign,0
1,0.004879236529064092,0,0,1,3,25,0.1584194334130822,4.0075731498646725,40,10,2,0,0,0,Benign,0
4,0.12037964095378169,0,0,0,5,25,0.11078078148570757,7.934952701438915,43,13,3,0,1,0,Benign,0
1,0.017329682736367518,0,0,0,4,23,0.08250655647783718,1.8572284645039154,35,8,1,0,3,0,Benign,0
1,0.03321274613479416,0,0,0,3,21,0.08646151857976894,3.080190175376347,37,5,3,0,2,0,Benign,0
1,0.01961827823070205,0,0,0,7,36,0.10569456627963941,0.9234493519661792,45,11,2,0,1,1,Benign,0
1,0.027958040950607468,0,1,0,10,20,0.2639780246891185,9.367826864910182,33,12,1,0,4,1,Benign,0
1,0.1472444380410432,1,0,0,3,30,0.10114868613916571,3.432545278477369,38,8,2,0,1,1,Benign,0
4,0.05364914492722742,0,0,0,7,19,0.1443088436957847,3.228312408057921,33,9,2,0,0,1,Benign,0
1,0.09586408201556297,0,0,0,9,10,0.18077159340810728,1.584357264739245,48,8,2,0,3,0,Benign,0
1,0.8211647797491664,7,3,236,572,18,0.7877973928412475,122.53481266796494,29,5,172,2,45,0,Attack_DataExfiltration,1
5,0.6725428764241246,0,1,0,10,11,0.1842523763034768,2.5487585890507045,110,3,0,13,0,16,Attack_InsiderSabotage,1
1,0.06595901493911059,0,0,0,3,13,0.2089908242916524,6.296741008917987,37,15,1,0,0,0,Benign,0
1,0.0006076151676092964,1,0,1,7,18,0.14844859612186545,1.5174630716887878,38,7,1,0,0,0,Benign,0
3,0.011870159149577024,0,0,0,5,36,0.2197365238358774,5.2255458542931486,39,10,1,0,1,0,Benign,0
2,0.11606448435001633,0,0,2,7,27,0.12855841210567417,1.141848813679499,35,10,4,0,2,0,Benign,0
1,0.10377261790415655,1,0,0,6,26,0.08667473539373981,0.9416821193899204,54,8,1,0,1,0,Benign,0
1,0.01005455284689965,1,1,0,2,27,0.10263775508157094,1.2473017562764241,41,9,1,0,1,0,Benign,0
1,0.0056633457437152875,1,0,0,3,17,0.26447648769843024,2.4566106680506183,34,8,2,0,0,0,Benign,0
1,0.07799128474951474,0,1,0,2,25,0.1529470289542151,1.0065803592295752,34,5,3,0,1,1,Benign,0
3,0.12397402161389788,0,0,0,2,21,0.16151447956903203,5.725734207795575,39,10,0,0,3,0,Benign,0
2,0.005621181995990784,0,0,0,7,23,0.35351827360619753,1.0224391666049581,37,10,2,0,2,0,Benign,0
1,0.0358280837719781,0,0,0,7,26,0.1973132524559889,4.4999575962505025,35,13,0,0,2,0,Benign,0
1,0.08383840985730048,1,0,0,3,20,0.021894225229831015,0.9075366119157044,35,11,3,0,2,0,Benign,0
1,0.03827123936084702,1,0,1,3,30,0.06224161110780439,1.1286002690161758,33,9,3,0,1,1,Benign,0
1,0.006641467351729875,1,0,2,5,31,0.00924229906523032,4.085243194103391,36,13,1,0,2,0,Benign,0
2,0.0019913601857131265,0,0,0,3,26,0.14410691544913318,1.8999882894541478,50,8,0,0,0,0,Benign,0
5,0.053460057093573495,2,1,2,2,24,0.04774261664526951,2.637190844389965,51,14,2,0,0,0,Benign,0
1,0.02207264305839395,1,0,0,8,35,0.23579190200384587,1.810515805743255,33,9,3,0,1,0,Benign,0
3,0.0010887171109733621,1,0,0,3,23,0.14219582760709587,3.1905973230842926,30,11,1,0,1,1,Benign,0
3,0.006417947297992084,0,0,0,9,31,0.17883557439155928,0.8352444102175548,35,7,0,1,0,0,Benign,0
1,0.08031330471585577,1,0,3,5,35,0.05592350383056493,8.321709101554418,33,9,0,0,1,2,Benign,0
1,0.16426927401147484,1,0,0,4,22,0.28382835749764873,7.680250754178888,48,15,4,0,1,0,Benign,0
1,0.5537771368182186,8,9,267,634,13,0.8786397497896474,191.07626567912817,17,6,176,1,62,1,Attack_DataExfiltration,1
1,0.12748019274779337,0,0,1,4,29,0.3912709977449023,1.924685325575089,36,7,5,0,0,0,Benign,0
2,0.012963355119044917,0,0,1,4,20,0.16498161550243523,2.5287247609271124,47,10,2,1,2,0,Benign,0
1,0.009139358961552106,0,0,0,4,33,0.2913475797514121,5.042607592145565,42,15,2,2,1,1,Benign,0
2,0.1502801154093242,0,0,0,7,23,0.16161311290633587,1.881110975350393,44,6,1,0,1,0,Benign,0
1,0.006092267044975498,0,0,0,0,21,0.21280780857168974,4.886796894230614,51,15,2,0,0,0,Benign,0
3,0.0009294454888777148,0,0,0,10,27,0.025943104161141924,5.698778714447049,42,9,4,0,2,3,Benign,0
1,0.04270365978366349,0,0,2,6,33,0.04399465897084786,1.9967977833200694,44,10,4,0,0,0,Benign,0
3,0.031174637331291298,0,0,1,5,17,0.20190149019453096,18.794033115461225,39,8,2,0,2,0,Benign,0
1,0.033876924011244175,0,0,1,5,20,0.2743872706588828,1.9727875566293296,42,7,4,0,0,1,Benign,0
1,0.0240173435697887,1,0,0,2,19,0.22190192664637143,0.3331439660457024,52,8,4,0,2,0,Benign,0
7,0.5185547651395614,7,1,0,11,9,0.19930417656544158,5.007711643137099,85,6,0,15,0,23,Attack_InsiderSabotage,1
1,0.07898978772626186,0,0,1,4,20,0.04829641249021112,1.2762776340782214,45,7,3,0,0,0,Benign,0
3,0.10917880241903727,0,0,0,4,23,0.1898744687571284,5.590199145128318,42,8,3,0,0,1,Benign,0
1,0.03201429248473626,0,0,0,8,34,0.0449178602830021,2.6695557832761585,41,9,2,0,0,0,Benign,0
2,0.11524790520062143,0,0,1,5,22,0.16351744220870673,1.6559575616590174,43,11,0,0,2,0,Benign,0
3,0.03954636094620187,0,0,3,5,21,0.07994364856636754,24.21147789610149,35,11,0,0,0,0,Benign,0
1,0.023991959574270666,0,0,0,4,25,0.28993635476770174,1.2647403801714714,49,9,2,0,0,1,Benign,0
2,0.011679383358671067,0,1,1,12,20,0.1333003467171715,0.6211933946378673,44,9,5,0,0,0,Benign,0
2,0.060509966942443684,0,0,0,3,23,0.12797380768650543,10.174246894154145,41,12,2,0,2,1,Benign,0
1,0.007776618875386092,0,0,0,6,21,0.16209730921508234,6.079765602801618,38,14,2,0,1,1,Benign,0
2,0.050328600076273204,1,1,0,4,36,0.25606436206702826,1.2753957418963735,48,9,3,0,0,0,Benign,0
3,0.04241990463375535,0,0,0,6,29,0.20096966599689847,2.7467717572471115,37,10,4,0,0,0,Benign,0
2,0.04861422498804533,1,1,0,5,18,0.043685309485590164,2.6521064330969377,51,6,0,0,1,0,Benign,0
1,0.03501224254698228,0,0,1,6,33,0.2575105834333195,3.8375778129379405,42,6,2,0,2,0,Benign,0
2,0.5674034405815994,3,0,0,10,4,0.040582608953531225,2.3873539978405325,88,3,1,17,0,25,Attack_InsiderSabotage,1
3,0.1061760638084511,0,0,1,2,26,0.06543124472220237,1.296546945800834,31,12,0,0,0,0,Benign,0
2,0.02961066878410667,0,1,1,0,18,0.18971839284810887,41.55516370511272,39,10,5,0,0,0,Benign,0
1,0.07196167655075358,0,0,1,5,31,0.1632426975237097,13.202949456967165,42,12,1,0,2,0,Benign,0
1,0.011938532277870303,1,0,1,6,25,0.13064420745408079,1.0414083280847548,33,9,3,1,0,0,Benign,0
2,0.01441334694848738,2,0,1,5,20,0.15620174975146692,2.134165638247357,40,14,3,0,2,0,Benign,0
1,0.028135131953131005,1,0,1,9,24,0.09547315286405586,0.6708012767836958,34,12,2,0,1,0,Benign,0
2,0.12812223496209868,0,0,0,9,35,0.15515707806355003,3.663221373944015,38,9,2,0,1,0,Benign,0
1,0.06349890374028044,1,1,1,3,27,0.18077540203881207,7.07055718098577,40,9,1,0,0,0,Benign,0
1,0.012146289702981917,0,0,0,9,31,0.06722395331266193,9.10463631383344,30,4,0,0,2,2,Benign,0
2,0.6393794225371134,7,4,232,570,11,0.9688798468339741,119.44539743094121,17,4,175,1,50,1,Attack_DataExfiltration,1
2,0.05216904496249695,0,1,0,6,26,0.041519094457003275,0.6396681656468328,34,10,1,0,0,1,Benign,0
1,0.094865409995936,1,0,0,3,22,0.03377800322007321,0.4381817561002543,46,15,3,0,1,0,Benign,0
1,0.6929147952925027,7,7,248,568,18,0.8089713639647786,253.58889937128785,21,6,173,0,43,1,Attack_DataExfiltration,1
1,0.069165993269707,0,0,1,9,24,0.15283124748764026,1.1596503300543641,48,7,2,1,3,1,Benign,0
1,0.004518878164464373,1,0,0,2,22,0.18316981641542765,9.204462277977003,31,7,2,0,1,0,Benign,0
1,0.09601547587975845,0,0,1,5,14,0.1623169031300495,2.532887686256344,34,8,1,0,1,1,Benign,0
3,0.05910494823216005,0,0,1,1,23,0.05243059085701927,3.4036761873345007,37,14,4,0,1,0,Benign,0
3,0.0033368266269050866,0,0,2,4,28,0.30580349150597225,15.473860302495087,47,7,1,0,0,0,Benign,0
3,0.015378848154694058,0,0,0,6,31,0.16341323773445246,4.693733286966886,35,7,1,0,2,0,Benign,0
1,0.09336007070699436,0,0,4,6,26,0.21350641184165672,14.564164235059266,32,8,5,0,3,0,Benign,0
5,0.048782494083922254,1,0,1,4,14,0.12378872301348713,0.41530611630363934,42,11,2,0,0,2,Benign,0
2,0.6260523134642145,6,2,249,562,19,0.8371001630914896,152.29052075719036,13,4,162,0,54,2,Attack_DataExfiltration,1
1,0.018988150987516654,1,0,1,4,34,0.0725503328954123,4.274764951920506,37,14,5,1,0,0,Benign,0
3,0.05008672617870707,0,0,0,7,25,0.23553573098275227,0.7172189829309802,38,13,4,0,0,0,Benign,0
2,0.11457846268920985,0,0,0,3,26,0.09678879077932317,1.5541013013660607,34,9,3,0,0,0,Benign,0
1,0.02189206989036031,0,0,1,5,24,0.03189036658192816,4.30061992748831,34,9,0,0,0,0,Benign,0
2,0.053305775901303976,0,0,0,8,29,0.07994611745794188,3.299209299294509,43,13,2,1,1,0,Benign,0
4,0.02280478606721578,0,0,1,2,21,0.25277522416018905,7.7522326861475825,41,14,2,0,2,1,Benign,0
1,0.032077865701042575,0,0,1,8,23,0.13773230279309048,4.347849705042124,34,11,3,0,1,0,Benign,0
2,0.07377037894785643,0,0,1,5,27,0.33753890994158997,2.088669183844562,40,9,2,0,1,0,Benign,0
3,0.11744040251344792,0,0,1,6,19,0.13809480218764505,4.437064337892027,40,12,4,1,1,0,Benign,0
2,0.0827018199280115,0,0,1,6,30,0.05826736049624764,5.494376409382186,35,9,2,0,1,1,Benign,0
1,0.8601755868930315,4,3,254,584,17,0.9794471200249248,219.92725891373877,17,9,175,0,57,0,Attack_DataExfiltration,1
1,0.10815427454425812,0,0,1,2,27,0.21241447906005248,3.037679425022344,48,14,2,0,2,0,Benign,0
4,0.906158265036435,5,7,269,645,16,0.579602609830561,209.45415224208463,23,3,188,0,43,2,Attack_DataExfiltration,1
5,0.016599740860950472,0,0,0,2,29,0.11796630239607209,1.1448347692347673,46,9,1,0,1,0,Benign,0
4,0.4466517569090192,3,6,268,566,10,0.8908433430882794,156.27346799733485,22,5,170,1,40,0,Attack_DataExfiltration,1
1,0.22431882755693217,0,0,0,3,33,0.11062915256081934,1.6026077838923276,51,10,1,0,0,0,Benign,0
8,0.4949926301853171,3,1,0,18,4,0.07066033824724031,2.006407546945485,94,3,2,14,0,18,Attack_InsiderSabotage,1
2,0.0558323625364309,1,1,0,5,21,0.1488350143607864,15.304485196072068,31,6,2,0,4,0,Benign,0
2,0.0286371062991094,0,0,0,6,19,0.5137930693304417,7.33460981648754,36,12,4,0,1,0,Benign,0
2,0.05380777102848938,0,0,0,7,25,0.18158082260049846,3.18169814613304,37,19,2,0,3,0,Benign,0
1,0.022145572866849074,0,0,0,6,26,0.3402501247392547,4.1368609034529475,42,12,1,1,0,0,Benign,0
1,0.06521599302208059,0,0,1,2,34,0.052577240261558314,6.548598435036687,37,8,5,0,2,0,Benign,0
1,0.04641884552665137,0,0,0,6,17,0.0570175415411952,0.7820036163462081,40,11,4,0,0,0,Benign,0
1,0.5642656187458082,3,8,235,613,12,0.8355630969801027,245.30319231208503,12,5,143,2,61,3,Attack_DataExfiltration,1
1,0.04900718251828837,0,0,0,3,24,0.04055567046683187,2.395080640175444,25,10,1,0,2,1,Benign,0
3,0.0117652977820867,1,0,0,7,26,0.032118004138989194,0.36500774609161196,40,6,2,0,1,1,Benign,0
1,0.007619927849265923,0,0,0,7,30,0.044491686655415495,4.489393709416474,36,10,1,0,3,0,Benign,0
6,0.7613287638199028,5,1,0,12,5,0.11899460922437975,1.37271306608097,109,5,2,12,0,20,Attack_InsiderSabotage,1
3,0.011295500924820321,2,0,0,4,19,0.1206869667850166,1.097504565610511,33,9,5,0,1,1,Benign,0
4,0.029156943732846392,0,0,3,5,28,0.31757502376537466,2.2910759654435173,42,13,1,0,2,0,Benign,0
4,0.09841999921237471,0,0,0,3,42,0.10160778705932057,1.495178552231798,41,10,0,0,1,1,Benign,0
3,0.028122792778399304,0,0,0,8,28,0.10764637843376194,2.686605804887736,42,14,1,0,1,0,Benign,0
1,0.00443420433839284,1,0,0,7,20,0.08577344313493311,0.6315235687000508,36,12,0,1,2,1,Benign,0
4,0.01792107578223268,0,0,1,5,16,0.3379931564490695,0.6987381158144291,28,13,1,0,2,2,Benign,0
1,0.07018895385233004,0,0,1,3,33,0.20601992782963593,4.0199130335407265,40,8,0,0,2,0,Benign,0
1,0.07268853252123073,0,0,0,7,18,0.07543383874902754,1.9336765167432755,46,6,1,0,3,1,Benign,0
3,0.010355882020549554,0,0,1,2,21,0.20898475361301555,10.0828258733885,39,12,1,0,0,0,Benign,0
4,0.008624747447934615,0,0,0,1,18,0.155181396288156,0.3302607589427897,38,4,3,0,2,0,Benign,0
1,0.019879788832433267,0,0,1,12,16,0.20597400715985945,2.176305229628953,39,10,0,0,3,0,Benign,0
2,0.04101190311085795,1,0,0,5,26,0.016325199585617803,9.059856982494454,39,12,1,0,2,0,Benign,0
1,0.05723558997685968,0,0,0,2,19,0.09240972585453085,3.658042075936515,51,6,1,0,0,1,Benign,0
2,0.015427645966176014,0,0,2,5,29,0.12439900425233089,0.6649573596780977,44,8,1,0,1,0,Benign,0
1,0.047720253981801825,1,0,0,3,20,0.16193165728225126,1.5935717590832479,40,10,1,1,1,0,Benign,0
1,0.034922064037982856,0,0,1,5,25,0.4634349219034444,2.9695523112722055,41,6,3,0,0,0,Benign,0
2,0.0007875411742998489,0,0,0,4,19,0.058388642860388903,7.37321356216272,37,8,3,0,1,0,Benign,0
1,0.012031473505343384,0,0,0,3,23,0.21722484632308905,4.692382803425319,35,10,2,0,0,2,Benign,0
1,0.04420514693664076,0,0,0,1,27,0.3574599550834038,0.5892083633485974,56,11,2,0,1,0,Benign,0
1,0.00964820698868833,0,0,0,8,21,0.18162776478589465,0.8630216895914515,39,10,0,0,0,0,Benign,0
2,0.05239334000847691,1,0,1,3,29,0.10495508778081927,1.669212143615265,32,10,0,0,3,0,Benign,0
1,0.05353717905705203,0,0,0,5,21,0.0891752564332534,1.9715677754046672,45,10,4,0,0,1,Benign,0
5,0.0241930617862406,0,0,1,8,27,0.1934880171109743,4.6944587804718445,51,10,2,0,0,1,Benign,0
2,0.016346258257704766,0,0,1,5,29,0.2782888323428942,1.64295938259912,43,11,1,0,1,0,Benign,0
6,0.3309880006494414,3,0,0,13,5,0.07537604373631826,0.5534216023985808,89,7,1,18,0,17,Attack_InsiderSabotage,1
1,0.05649256395340405,0,1,1,3,28,0.20381304120858879,10.250273784772151,29,12,1,0,1,1,Benign,0
1,0.1415243146545409,1,1,0,5,30,0.32972103082646964,2.5805293015161648,46,8,3,0,0,1,Benign,0
1,0.004311083309282873,1,0,2,5,23,0.19698378920877738,1.0037870724317794,30,12,2,0,0,0,Benign,0
1,0.6071714901087825,4,4,238,631,17,0.7853058459045327,194.8346788030633,29,2,168,2,57,0,Attack_DataExfiltration,1
1,0.09912857229406746,1,0,1,4,38,0.06626984724501837,1.7741947756692606,37,8,1,0,1,0,Benign,0
4,0.07208374335572233,1,0,0,8,25,0.24797139500201007,1.7758025868661471,49,17,2,0,2,0,Benign,0
2,0.014945972861614283,0,0,0,4,20,0.16284704820692433,5.099323493060467,43,8,1,0,3,0,Benign,0
1,0.014087144985510214,0,0,1,5,27,0.499264474511644,3.4426038818635067,52,9,0,0,1,0,Benign,0
5,0.6872137676828796,6,6,266,606,19,0.9421098620518732,105.91593849515847,17,5,174,1,47,0,Attack_DataExfiltration,1
3,0.03446163528654909,1,0,3,2,26,0.024916114070659724,16.367631498791614,36,10,1,0,0,0,Benign,0
4,0.14174596175372775,2,0,1,7,32,0.288891680330056,3.06339479581959,36,8,3,0,0,0,Benign,0
1,0.006055264702995447,1,1,0,3,31,0.01794690186711717,1.7340059791702154,37,10,2,1,2,0,Benign,0
1,0.005200637612341617,0,0,0,2,26,0.21537392140239922,1.257776106287589,48,15,4,0,0,0,Benign,0
1,0.024467192661034746,0,2,1,10,22,0.08227948425696317,1.6622112719269362,36,9,3,0,0,0,Benign,0
2,0.11517037489909354,0,0,0,5,24,0.1612789315175674,2.668936959379852,31,6,1,0,1,0,Benign,0
1,0.11791268176576161,1,0,0,4,20,0.1290077977361154,1.6033516934651972,45,10,6,0,2,0,Benign,0
1,0.04901941679715351,0,1,0,2,20,0.18006010394455094,2.905839201523707,46,9,3,0,0,0,Benign,0
1,0.03862045392332697,0,0,0,10,20,0.26905648601882676,1.2009921800334433,39,13,5,0,1,0,Benign,0
4,0.03369935884529057,0,0,2,4,27,0.14698280549818563,3.9394524416034846,36,3,0,0,1,1,Benign,0
1,0.12406135748555755,0,0,0,4,21,0.0332950312330539,3.9055467431915996,51,9,2,0,2,0,Benign,0
1,0.20063092455578363,0,0,1,5,28,0.23168384934244246,3.2292382597946165,43,12,3,0,0,0,Benign,0
1,0.010383870947394826,0,1,1,4,23,0.14299504393502827,1.612351966592843,40,14,2,0,0,1,Benign,0
1,0.028233426966667103,0,0,1,6,25,0.13572149396488029,0.5021156411230885,36,18,0,1,0,0,Benign,0
5,0.4972385762297697,7,0,0,5,5,0.03344073617359572,0.4630818861829882,94,7,2,17,0,23,Attack_InsiderSabotage,1
4,0.08128751397970584,0,0,0,5,25,0.07997316068476439,3.6936860511138234,45,8,3,0,0,2,Benign,0
1,0.0372033171615543,1,0,0,3,21,0.08003801644297366,1.2962650428297506,52,8,1,0,1,0,Benign,0
1,0.01774874795465016,0,1,0,5,18,0.39995153048805504,5.896559202614088,45,10,5,0,0,0,Benign,0
3,0.06669991975215966,0,0,0,6,30,0.40401953512983635,2.3174372956164366,39,14,4,0,2,0,Benign,0
2,0.05012822151914412,0,0,1,7,31,0.13454695185422608,5.183576741656357,39,12,2,0,2,0,Benign,0
1,0.024792333684464204,0,0,0,4,27,0.21631613364369331,2.1334622364189677,47,5,2,0,2,0,Benign,0
1,0.18149691733500944,0,0,0,4,18,0.19094462447935928,2.797002276408867,35,7,2,0,1,0,Benign,0
2,0.045356883884810684,0,0,0,7,22,0.15263368951356263,1.0327205052010417,32,7,2,0,1,0,Benign,0
1,0.024375185987978058,0,0,1,5,26,0.12746676364592774,5.649368670742791,35,9,1,0,1,0,Benign,0
1,0.0026085154631341027,1,0,0,7,27,0.5184150598019773,3.51835978821162,42,10,1,1,0,0,Benign,0
3,0.004108191560789624,0,0,1,3,25,0.15641887956239467,9.913124602797652,50,19,4,0,2,0,Benign,0
2,0.007499374883233406,0,2,0,8,19,0.08142958603898831,0.989712022807048,42,8,0,1,3,0,Benign,0
1,0.01488062545693233,1,0,1,4,22,0.14639372314241417,10.322890152412697,43,11,3,0,0,0,Benign,0
2,0.06688784883741067,0,0,0,5,27,0.08629466198249673,1.5295455843767867,34,16,2,0,2,1,Benign,0
3,0.08823294925577174,1,1,0,4,25,0.16623713528947684,1.561867372140888,36,11,4,0,1,0,Benign,0
1,0.768735705311678,8,4,257,616,12,0.748447226955161,107.99534398522067,28,9,151,0,44,1,Attack_DataExfiltration,1
1,0.0016989011380040809,1,0,0,4,25,0.069049653096298,3.970020471028704,29,8,0,0,2,0,Benign,0
1,0.04963324265348634,2,1,1,6,34,0.08764323808900462,11.118594651756569,26,9,1,0,2,0,Benign,0
2,0.02235658874253801,1,1,0,12,23,0.13337565838865484,1.9091878823630681,43,8,4,0,1,0,Benign,0
1,0.7825346531765156,4,4,221,656,10,0.6731183720177596,181.72284484492312,24,6,164,1,49,0,Attack_DataExfiltration,1
3,0.1130279595716398,0,0,1,8,29,0.07109915305756728,3.579604149734069,33,10,2,0,1,1,Benign,0
1,0.07458557587434324,0,0,0,7,20,0.37128751615363625,0.5578673819635159,33,10,1,1,0,0,Benign,0
1,0.08722777167745399,0,0,3,5,31,0.265011994409458,8.41796129485357,32,17,1,1,0,0,Benign,0
2,0.027642752632938816,0,0,0,5,26,0.5354320775116793,0.2538126795242773,38,18,1,0,1,1,Benign,0
5,0.1259653705229889,0,0,0,5,23,0.19857290178537337,9.335145693055749,33,10,4,0,1,0,Benign,0
1,0.17195532844069528,0,0,1,3,31,0.16910301861410665,4.756468556988757,31,10,4,0,1,0,Benign,0
2,0.002049321184312709,0,0,0,3,19,0.08580605561340746,4.14488155502441,41,15,3,0,1,1,Benign,0
1,0.16238581570608465,0,0,2,7,21,0.12374790172207042,1.078172249919927,48,7,3,0,2,0,Benign,0
2,0.02538500124251409,0,0,0,4,29,0.10699909812512223,8.526721786260975,35,13,4,0,0,1,Benign,0
6,0.5275834948729636,8,8,244,614,11,0.8768988343449369,94.71108285267856,18,2,171,0,55,0,Attack_DataExfiltration,1
1,0.0323554456774915,0,0,1,7,30,0.20586228340618878,7.589925165014708,40,10,6,0,0,0,Benign,0
2,0.6500528108469027,7,7,255,610,15,0.787205215832382,106.86269172391285,18,4,160,1,42,1,Attack_DataExfiltration,1
1,0.022291198028146393,0,0,0,6,25,0.08701619562459781,8.891861005133089,40,5,4,0,4,0,Benign,0
2,0.8198135292093497,6,12,246,602,13,0.7948454185111982,180.87719861830848,9,8,176,1,49,0,Attack_DataExfiltration,1
1,0.04894978788021074,0,0,1,5,25,0.1419409150445423,8.882080925639375,48,14,2,0,0,0,Benign,0
1,0.12803755058881677,1,0,3,3,19,0.3232606944998921,11.699678455329272,36,6,2,0,0,2,Benign,0
1,0.009911158745503497,0,0,1,7,21,0.1827810903945539,1.5780335169299462,49,8,4,0,1,1,Benign,0
1,0.009821119874970991,0,0,1,3,22,0.46597338798445836,4.983006594199064,51,8,0,0,0,0,Benign,0
2,0.005416085487203802,1,0,0,9,15,0.24020086878529198,0.5711606504721379,44,10,1,0,0,1,Benign,0
2,0.01563047062908422,0,0,1,3,22,0.0243184076026071,0.7372386967612836,32,10,1,0,2,1,Benign,0
1,0.043491464251230676,0,0,0,8,30,0.1713982457374547,5.312926978344554,36,10,2,0,0,0,Benign,0
2,0.04312880729320609,1,0,0,5,32,0.12586529648470893,1.0594298394261032,29,6,2,0,2,1,Benign,0
2,0.06475008308681245,0,0,0,3,23,0.3953177679192025,0.5314614339116635,40,15,2,0,2,0,Benign,0
1,0.7700942464011312,7,4,268,624,19,0.6412355832408325,60.021299990100374,23,3,156,0,59,2,Attack_DataExfiltration,1
2,0.015460545175965552,1,0,0,4,30,0.4629667252035935,0.2897531076029889,42,11,1,0,2,1,Benign,0
2,0.061950193577048736,1,0,0,4,23,0.2543700860860241,17.767514145751413,29,14,2,0,0,0,Benign,0
1,0.08451345981906203,2,1,0,5,27,0.15488442794108234,3.1642323555398084,37,10,2,0,2,1,Benign,0
1,0.56119726375288,9,7,226,564,15,0.8346283650339391,96.90067659689842,23,4,164,2,48,1,Attack_DataExfiltration,1
1,0.033250965267188334,0,1,1,4,32,0.2544770597346207,10.362931262016629,37,6,4,0,0,0,Benign,0
3,0.578250308607891,9,4,245,620,8,0.9668720840058601,162.84098538586758,15,3,165,0,37,2,Attack_DataExfiltration,1
1,0.002528449982345187,0,0,1,6,21,0.007690911772080078,5.267590993532276,45,8,2,0,2,1,Benign,0
3,0.09040683827388774,1,0,1,3,26,0.09954306009360124,0.639789566500532,47,5,3,0,1,0,Benign,0
1,0.06449429838157558,0,0,0,2,19,0.272301171673829,2.6605616478839167,36,7,2,0,0,1,Benign,0
6,0.5392285940650986,2,1,0,12,6,0.08620285662856451,0.6456444281013586,108,4,1,18,0,17,Attack_InsiderSabotage,1
1,0.11634778200047839,0,0,0,4,25,0.1296113821808958,6.9216976767235865,38,10,4,1,2,0,Benign,0
1,0.11016974787872852,0,0,0,4,29,0.26964380223560974,1.7946756937898036,35,8,1,0,1,0,Benign,0
1,0.09428835594239393,0,0,1,8,34,0.20575875767195342,1.7970590607157408,37,12,3,0,2,1,Benign,0
2,0.004600899474845857,0,0,0,6,29,0.057051985506867554,1.0947102390076833,52,6,1,0,2,0,Benign,0
6,0.5661798245542814,2,2,0,6,1,0.051905494420965176,0.3469846072346086,107,10,1,16,0,21,Attack_InsiderSabotage,1
1,0.06690191108486192,1,0,0,5,32,0.09573265917413344,4.014479341998757,40,14,3,0,0,0,Benign,0
2,0.1034536074947606,0,0,0,5,29,0.10046175947608747,1.0000639689485862,42,6,1,0,4,0,Benign,0
4,0.00444940020803561,0,1,0,7,30,0.09695533456008056,0.8954376319821301,38,9,2,0,2,0,Benign,0
3,0.06523597659693818,0,0,0,5,23,0.32309605638918804,1.5578931200535044,35,9,2,0,0,0,Benign,0
1,0.8766005622876955,2,10,237,604,19,0.8371590897630015,136.66539707127006,20,5,179,0,47,0,Attack_DataExfiltration,1
1,0.03979971738983605,0,0,0,5,23,0.15266745265174556,1.5795823398062447,41,17,0,1,0,0,Benign,0
3,0.03344730323225072,0,0,1,8,22,0.13245565868470022,1.179525416924978,28,13,2,0,0,0,Benign,0
1,0.02028398294335765,0,0,0,4,31,0.40812350539503633,18.936312896012502,41,8,2,0,1,0,Benign,0
1,0.031010053392227673,0,1,0,5,24,0.2317632815129683,3.0841309413532643,36,7,4,0,2,0,Benign,0
2,0.032568375309067706,0,0,1,0,35,0.24659132242060658,50.9426871456346,41,17,0,0,2,0,Benign,0
3,0.6892329813554425,6,7,213,649,12,0.69605656932618,210.5032897524144,26,2,191,2,55,0,Attack_DataExfiltration,1
4,0.4745085291044573,8,2,0,8,3,0.23764763951962642,3.7872365541009625,99,3,0,13,0,14,Attack_InsiderSabotage,1
1,0.11072160683829617,0,0,1,7,25,0.1531199302423976,0.7062137777185828,35,19,2,0,0,0,Benign,0
8,0.576826693581009,1,2,0,8,9,0.02376990656637694,1.116067699411153,104,3,1,20,0,23,Attack_InsiderSabotage,1
2,0.07049613173035588,0,1,0,5,26,0.17564512239423613,2.531470219778501,40,7,2,0,1,0,Benign,0
3,0.05384279866732912,0,1,1,5,22,0.28696975190443874,3.097596591511255,37,9,2,0,0,0,Benign,0
6,0.07785010276199675,0,0,1,2,28,0.21123734988772647,1.9482187700829816,43,10,0,0,0,1,Benign,0
1,0.07373482550452765,0,0,0,4,19,0.10244011864652905,3.7124828015598044,53,17,2,0,0,1,Benign,0
1,0.03671514757211025,0,0,0,7,23,0.2957175563830756,17.368763424348916,36,10,0,0,0,1,Benign,0
1,0.004408128138519255,0,0,2,8,27,0.27397567431592035,3.1960692987731094,39,12,1,0,0,1,Benign,0
1,0.10419914724043394,0,0,0,4,31,0.27260442385558964,4.556052411900741,36,10,5,0,2,0,Benign,0
2,0.096416818022355,1,0,2,6,27,0.07244013585680849,0.5334644793411089,36,15,4,1,1,1,Benign,0
3,0.09314141071725925,0,1,1,3,30,0.0017326869855526022,2.352019461512424,34,15,1,0,0,0,Benign,0
1,0.023689448489499925,1,0,0,3,28,0.15342048135006528,2.728248478254802,29,7,1,0,2,0,Benign,0
3,0.02917984285598617,0,0,1,5,21,0.08248353130650503,17.802560805050877,39,13,1,0,1,0,Benign,0
5,0.7164992191994841,4,6,246,609,20,0.8422897415673076,82.74784163540933,19,6,162,0,45,0,Attack_DataExfiltration,1
2,0.008072755669767059,0,0,1,5,25,0.1860577567270903,1.4361074507452496,33,9,1,0,0,0,Benign,0
3,0.8855016199623736,9,6,246,612,14,0.9147802073007022,123.53641913218333,19,6,175,1,60,1,Attack_DataExfiltration,1
2,0.09642950009986916,0,1,1,8,35,0.15921118809539378,7.085472589953986,36,7,3,0,1,0,Benign,0
1,0.0060569756114311896,1,0,0,3,20,0.22649701429244967,1.0526581103904529,45,13,1,0,4,1,Benign,0
1,0.0009224605201881097,0,0,1,8,32,0.11753328812917682,1.560862947757976,40,13,1,0,0,0,Benign,0
3,0.056876363060080974,0,0,0,6,21,0.27967064501544103,7.561103679862285,36,11,2,0,1,1,Benign,0
1,0.03249038718878699,1,0,0,5,30,0.3831977883223402,1.8378417918040928,35,11,2,0,1,0,Benign,0
2,0.6625432475808901,9,5,255,607,19,0.6756034328582099,131.72258031564374,19,2,172,0,42,3,Attack_DataExfiltration,1
1,0.025653384738594607,1,0,1,6,25,0.106876723133007,2.603253041559325,42,6,3,0,1,0,Benign,0
2,0.1486351163770021,0,0,0,2,22,0.14238190139326692,0.3262687388796934,42,7,0,0,1,0,Benign,0
1,0.096769719313009,1,0,0,7,25,0.17845088669260348,8.348938947130756,29,7,0,0,2,0,Benign,0
1,0.005031729075304713,2,0,1,7,27,0.06560940494204462,2.1054291777841345,50,11,0,0,2,0,Benign,0
1,0.09921942381250197,0,0,1,8,17,0.06510529322640017,1.1251370421508073,28,9,4,0,1,0,Benign,0
1,0.04256032472389138,1,0,0,6,26,0.25934204052239784,8.367852170784005,38,9,3,0,0,0,Benign,0
1,0.012360319604566313,0,0,0,7,35,0.07802018555542906,29.4632914648742,43,9,3,0,1,0,Benign,0
6,0.915811015826185,2,2,0,7,5,0.04460851628671483,0.4291074880896497,93,1,0,11,0,19,Attack_InsiderSabotage,1
1,0.043749458589994836,0,0,0,4,26,0.1305265490942555,0.9000956876687094,40,13,2,0,0,0,Benign,0
3,0.052387340903542065,1,1,0,5,32,0.09741904352341278,1.4371318788757428,29,8,1,0,3,0,Benign,0
1,0.7712300387373203,8,5,251,565,9,0.967825967311344,204.94828566754893,21,2,163,0,53,0,Attack_DataExfiltration,1
1,0.057772349525489736,1,0,1,7,32,0.31869786469536754,14.609568743823479,41,21,0,0,0,0,Benign,0
1,0.010927558244187358,0,0,1,9,25,0.11084151532165339,0.8060938447205009,40,6,3,0,0,0,Benign,0
3,0.014570872432283383,0,0,0,4,31,0.03360363745632867,3.268251618860222,34,11,2,0,0,0,Benign,0
4,0.026515142707735133,1,1,0,11,30,0.2803744514558004,1.2022188856791711,41,12,3,0,1,0,Benign,0
1,0.013676649817065623,1,0,1,4,19,0.1587486367150947,1.0515534549291015,43,14,3,1,0,2,Benign,0
1,0.08433405124706071,0,2,0,3,21,0.11662901861208176,2.6662054585679686,36,11,1,0,0,1,Benign,0
1,0.9207527968270184,9,3,229,586,11,0.8095118394529394,287.87454367649235,15,3,168,1,40,1,Attack_DataExfiltration,1
1,0.4966349104345152,4,10,242,588,18,0.8097234856556034,43.449784574610845,16,7,168,0,41,1,Attack_DataExfiltration,1
2,0.008005532356823003,0,1,0,5,34,0.15916666777339528,1.8107461928407826,36,9,2,0,3,0,Benign,0
4,0.45541122574781356,2,0,0,7,3,0.18687375405168863,0.8994637609862772,92,5,1,16,0,17,Attack_InsiderSabotage,1
3,0.022057154018546646,0,0,0,4,24,0.18829897446754948,3.179396276842686,47,10,2,0,0,0,Benign,0
1,0.03236182876960185,0,0,1,9,27,0.19838660216493537,10.371501286759276,33,17,1,0,1,0,Benign,0
1,0.04773485099355935,0,0,1,6,15,0.07077190694441723,3.2200240630454298,36,13,1,0,0,2,Benign,0
2,0.030536801778076068,0,0,0,4,28,0.12162357163141835,1.8817141123135053,34,12,4,0,1,0,Benign,0
1,0.07096732107349334,0,0,1,3,28,0.021368932532015023,6.9192693236884315,43,9,3,0,2,1,Benign,0
2,0.04120643200969421,0,0,0,2,24,0.15350604646457733,4.508160113065881,37,9,4,1,3,0,Benign,0
2,0.024242568454046213,0,2,0,5,25,0.16755105423030378,2.0061431942670596,39,9,2,0,0,1,Benign,0
1,0.019959844251144974,0,0,0,6,39,0.13511986707327747,1.7400370822019753,54,5,1,0,2,0,Benign,0
1,0.12380595839041784,0,0,2,6,16,0.16122713615829698,8.386945814979802,39,13,2,0,0,0,Benign,0
3,0.02038323482253045,0,0,1,4,21,0.09517998781939681,8.337267974421161,51,10,4,0,1,2,Benign,0
1,0.045931088027628304,1,0,0,5,25,0.1026657626587705,0.5646515952989397,43,10,2,0,2,0,Benign,0
1,0.07630477516051523,0,0,1,4,20,0.18419214322418007,7.43528587905408,39,10,3,1,2,0,Benign,0
1,0.02096207847766157,0,1,0,6,26,0.1723743023888494,1.5939273193463328,31,3,1,0,2,0,Benign,0
3,0.07276489913598852,1,1,0,11,25,0.2655771748744578,0.864113625015285,42,14,3,0,2,0,Benign,0
1,0.006749569036559294,1,1,0,8,20,0.09890660342880699,7.671503803253315,47,14,2,0,0,0,Benign,0
2,0.15879410159062235,1,0,2,5,25,0.04343064215030013,5.215405628157413,48,6,2,0,1,0,Benign,0
1,0.08917566301296352,0,0,0,11,19,0.12238400603343194,1.216446263785626,34,4,0,0,2,0,Benign,0
1,0.020849015241072393,0,0,0,7,21,0.1381342740419512,6.773429987714611,32,13,3,0,2,0,Benign,0
2,0.05565192897500638,0,0,0,7,28,0.13259323445644106,1.542071665171759,48,7,1,0,1,1,Benign,0
1,0.06749835430619158,0,0,0,2,18,0.058315798299610935,3.292036558644243,42,11,3,0,2,0,Benign,0
1,0.06770496611012891,0,0,0,6,31,0.14662853591978672,2.3614579989717153,37,12,2,0,0,0,Benign,0
2,0.1171930310427406,0,0,1,4,29,0.20419933981241759,0.4977269238807673,48,11,3,0,2,1,Benign,0
2,0.10043482097917371,1,0,0,4,20,0.31947758095763157,17.223135695711452,39,7,0,0,1,0,Benign,0
1,0.014668728524140537,0,0,1,6,31,0.08330601863131497,2.688675314332452,30,12,1,0,0,0,Benign,0
1,0.004669016372811435,0,1,1,8,22,0.1766931379107866,0.5756678523290364,44,12,0,0,1,0,Benign,0
1,0.035667587858730386,0,0,0,5,21,0.16874037489542829,3.849087375362975,53,4,0,0,2,2,Benign,0
4,0.2971187537598422,3,1,0,11,6,0.03766935128212472,5.2112141614918,83,6,2,17,0,13,Attack_InsiderSabotage,1
2,0.21692694173661717,1,0,0,4,18,0.2561361571615021,0.5343684477599782,42,14,1,0,1,0,Benign,0
1,0.001953192494375047,0,1,2,3,32,0.2775377827974766,1.2632452335335353,34,9,2,0,1,0,Benign,0
1,0.016497624017913784,0,0,0,3,27,0.1787118753511762,7.717270295825116,53,7,2,0,1,0,Benign,0
2,0.09744519741724104,0,0,1,5,34,0.06107732575799669,2.4187370669347703,32,11,1,0,2,0,Benign,0
2,0.09020807569933029,0,0,0,2,19,0.2798535986706793,0.9223860125417642,40,11,2,0,1,1,Benign,0
1,0.15536183263967948,0,0,1,2,27,0.09945198800625024,10.461464885499103,39,13,4,1,1,1,Benign,0
2,0.0037603589007945133,0,0,0,4,26,0.07700492242697866,6.630614161536025,51,9,4,0,1,1,Benign,0
1,0.00070836569681914,0,0,0,4,18,0.06432946889918185,3.2516765742947493,51,8,0,0,1,0,Benign,0
1,0.034844038948192005,1,1,0,2,22,0.37632757979364045,3.2636759671803923,55,8,3,0,5,0,Benign,0
2,0.015437150860163645,2,0,2,4,26,0.14788724471406575,2.598466929721296,42,11,3,0,4,0,Benign,0
4,0.07704383324078523,0,0,1,3,27,0.3286961715738161,1.5839634851488646,49,10,0,0,0,0,Benign,0
1,0.024185410795302887,0,0,1,6,27,0.005429388035774353,13.865356845990739,38,11,2,1,1,0,Benign,0
6,0.4823027795721227,2,1,0,10,4,0.036956234801703125,1.2642006253306233,112,4,0,16,0,16,Attack_InsiderSabotage,1
2,0.005207522259465637,0,0,0,10,24,0.23735820851773815,3.6387019684240993,51,14,2,0,0,1,Benign,0
2,0.038624012667934346,0,0,0,7,22,0.4506784089560277,6.118618043666566,33,10,2,0,0,0,Benign,0
1,0.6708157776856941,9,5,250,577,22,0.6986414827193087,237.3194110057942,20,7,171,1,52,2,Attack_DataExfiltration,1
1,0.09085036691772852,0,0,1,3,22,0.17165122877302896,1.6468057045589855,35,7,1,0,2,1,Benign,0
1,0.03580612086933296,0,0,2,5,26,0.2097705120902941,7.722818091498003,44,12,1,0,1,0,Benign,0
2,0.7263908076124328,6,1,0,8,4,0.001201109649444095,0.5870442912553607,94,3,0,17,0,15,Attack_InsiderSabotage,1
1,0.003932831360336374,0,0,0,10,22,0.14903635106408228,1.1186306000223387,42,9,1,0,5,1,Benign,0
3,0.3725777081943255,5,0,0,13,7,0.2810662607848126,1.02814064487423,104,4,1,18,0,26,Attack_InsiderSabotage,1
2,0.020784653177204772,0,0,0,2,32,0.04459186713274991,8.290724822955225,44,7,1,0,1,0,Benign,0
1,0.05342038186544251,0,0,0,6,28,0.27684724291225354,0.883278744929078,38,8,2,0,0,1,Benign,0
1,0.030456951123873328,1,0,1,6,19,0.03195572801798516,3.9143090884480527,37,9,3,0,1,1,Benign,0
1,0.741295465144317,4,6,257,583,14,0.641778619912327,76.01418165748437,23,3,173,0,47,1,Attack_DataExfiltration,1
2,0.04851129000151499,0,0,2,3,15,0.030875177035396145,1.8619761710360723,43,13,1,0,3,0,Benign,0
1,0.0007550378505212126,0,0,0,5,21,0.22181434481849271,3.901204150276012,33,9,2,0,2,0,Benign,0
1,0.006506587473967075,0,1,0,4,22,0.09533560093667136,5.943393458123962,39,15,2,0,0,0,Benign,0
1,0.06495308158161613,0,0,0,3,23,0.026965008510977734,0.75192235423119,43,13,1,0,1,0,Benign,0
4,0.027560960580430102,0,0,2,7,26,0.0905202626771877,1.6393574938496096,36,9,2,0,2,0,Benign,0
5,0.010261577853721969,0,1,0,2,25,0.16515604404360562,2.303325065121572,39,9,2,1,1,0,Benign,0
3,0.03672852634857423,2,0,0,4,30,0.04389843579887269,3.4159853534175517,32,7,2,0,0,1,Benign,0
1,0.030316685368497014,1,0,0,4,19,0.21264471760772605,5.069306384894093,45,4,2,0,0,1,Benign,0
4,0.5643278321791045,1,0,0,13,2,0.11250311394140787,0.5798857411099386,84,4,0,12,0,18,Attack_InsiderSabotage,1
2,0.03198857835596173,0,0,0,5,28,0.40146831196363947,1.8232184306048826,33,6,1,0,0,1,Benign,0
3,0.019336134441805066,0,0,0,6,34,0.030586588592138596,0.5043728795138491,44,7,3,0,1,0,Benign,0
4,0.05789249120171441,0,0,0,6,27,0.16438025048104613,5.900647486881572,44,11,4,1,1,1,Benign,0
3,0.013700156675279976,0,0,0,5,24,0.10610759540393287,8.249393983581166,39,9,2,0,0,1,Benign,0
1,0.06129458314752626,0,0,0,6,26,0.3028747330493169,1.468842322857137,38,9,1,0,1,2,Benign,0
3,0.008971581496502812,1,1,0,4,28,0.18151298465298246,2.447997749321128,41,8,0,0,1,1,Benign,0
1,0.02999501615440581,0,0,0,8,26,0.09632125708674048,1.566170167284542,35,7,5,0,1,1,Benign,0
3,0.10706758836033245,0,0,0,6,22,0.444690779349199,1.442797633801161,39,5,1,0,1,1,Benign,0
1,0.008923650787525977,1,0,0,5,26,0.12104056489486326,10.335490588922669,39,4,2,0,2,0,Benign,0
1,0.05841960045275018,0,0,0,5,19,0.11020806295787333,3.576647183291904,35,8,1,0,2,0,Benign,0
5,0.0327813906396953,0,0,1,3,21,0.32574538903356226,4.381851635277156,37,4,1,0,2,0,Benign,0
1,0.030969449103085602,0,0,0,6,32,0.25066972677163224,3.4032308823976765,38,10,1,1,0,0,Benign,0
3,0.025032645743488888,0,0,0,8,22,0.14427058096576195,1.1388238488261695,45,10,0,0,2,0,Benign,0
1,0.06880634567090745,0,1,1,6,22,0.13625017100653752,7.072849033394367,45,13,2,1,0,3,Benign,0
1,0.009120829700154496,1,1,0,1,29,0.33340732865903155,1.023568600361721,43,10,2,0,0,0,Benign,0
3,0.018322046403788636,0,0,0,3,28,0.1684924488123728,5.004437474964948,30,7,2,0,0,0,Benign,0
1,0.0229756187638563,2,0,0,5,29,0.24104139662436475,3.7874330074133,35,16,2,0,3,0,Benign,0
2,0.046100694809184786,0,0,0,5,28,0.10234953119257845,1.1404135922614909,40,9,1,0,1,1,Benign,0
3,0.00973795588202676,0,0,1,3,30,0.24853765283382007,4.255984751681271,43,16,3,0,0,0,Benign,0
1,0.042995699032134016,0,1,0,3,28,0.1689655404747308,3.3132342712771714,41,11,0,0,1,0,Benign,0
1,0.011259610040624852,0,0,0,0,26,0.09613515318051348,2.1730081325431163,39,13,1,0,0,0,Benign,0
1,0.10167339252641408,0,0,3,4,27,0.05310100613287537,3.410211010143769,41,8,0,0,1,1,Benign,0
2,0.06791638199454544,0,2,0,6,22,0.27638541213874,0.8609740322887046,40,10,1,0,1,0,Benign,0
4,0.0028039873471949125,0,0,0,4,21,0.1751423035280298,17.82693529145907,41,4,1,0,0,0,Benign,0
2,0.01292977602294095,0,1,2,5,31,0.1374712515827111,2.6714971676627575,45,15,2,0,0,1,Benign,0
1,0.008430266541391916,1,0,1,4,18,0.07664834670826974,2.5706873292324586,39,12,2,0,0,0,Benign,0
2,0.05098911406316871,0,1,0,4,25,0.19176324754181667,0.6973529691281741,39,6,1,0,1,0,Benign,0
1,0.03948342683305124,0,1,0,8,30,0.10567328770532683,7.088575754090557,43,11,3,0,0,0,Benign,0
1,0.030389905526809754,0,1,1,3,21,0.41237409968812005,9.213160582096275,37,7,1,1,0,2,Benign,0
2,0.7947225688336844,3,7,244,630,18,0.8271137315134661,171.09229233870067,19,3,151,0,42,2,Attack_DataExfiltration,1
3,0.1803101597223987,3,0,0,11,4,0.14742727259390195,0.2705520904742117,117,4,0,11,0,18,Attack_InsiderSabotage,1
1,0.04291663610594233,0,1,0,9,34,0.38805725938664937,0.8502151877068002,37,15,1,0,0,0,Benign,0
1,0.036688004881459145,1,1,0,6,29,0.2272274867259814,6.1768398293504685,29,10,5,0,1,0,Benign,0
2,0.1119377898772252,0,0,1,4,21,0.026888858330632686,5.6399931383537725,38,10,3,0,0,0,Benign,0
1,0.157629234304198,0,0,1,5,20,0.0376222907809071,1.3655573215340202,34,13,1,0,1,0,Benign,0
3,0.008551016134886432,0,0,1,8,24,0.11552998791463157,4.084734309414042,48,11,1,0,2,0,Benign,0
1,0.02358218891986187,0,1,0,2,22,0.20524647392136056,2.491977048332106,41,13,0,0,1,1,Benign,0
2,0.8644822048985076,3,4,260,625,14,0.5611138291800829,104.17001691185013,12,4,182,2,57,0,Attack_DataExfiltration,1
1,0.06490795153385819,0,1,1,7,32,0.030672578313274784,11.401091392892397,42,9,2,0,1,0,Benign,0
1,0.0693170870161575,0,0,1,4,29,0.07207557810211154,4.241432057478765,41,12,3,0,0,0,Benign,0
1,0.02154458350153432,1,0,0,6,33,0.20224921365311957,3.0328284736331312,45,11,2,0,1,0,Benign,0
1,0.021704840814977342,0,0,0,9,19,0.30214466212214564,2.0392357111812416,41,4,2,0,2,0,Benign,0
2,0.00043946860523857734,0,0,0,4,23,0.06561090740681744,0.874251467360401,34,11,3,0,1,1,Benign,0
1,0.039281200573404694,0,0,1,5,22,0.15569365450377545,5.4363633332136,35,7,4,0,2,0,Benign,0
1,0.07952776871977432,0,0,1,3,30,0.16180730251397077,5.935995749902041,31,11,3,0,0,0,Benign,0
1,0.05042125750751596,0,0,0,5,27,0.08921705573772198,4.094850418237392,46,7,0,0,0,0,Benign,0
1,0.008591733555962147,0,0,0,6,39,0.03505523289402993,3.8367546463189557,31,8,2,0,3,0,Benign,0
1,0.01779093925563957,0,0,1,7,24,0.19682254607138583,0.6472203045222593,42,13,2,1,1,1,Benign,0
1,0.031555200423823815,0,2,0,3,22,0.08949790689508602,1.5466806332611522,41,12,0,0,0,1,Benign,0
3,0.059839128551892634,0,0,1,4,28,0.028100747688850534,1.9645172232806354,36,10,1,0,2,0,Benign,0
1,0.07507958327425188,1,0,0,9,26,0.08219336580270735,1.8372075687240919,32,12,1,0,2,0,Benign,0
1,0.09495466443642588,0,0,1,7,26,0.12315357102673961,4.474267707781679,36,8,2,0,0,0,Benign,0
2,0.021317770369624355,1,0,0,9,17,0.19184730006616482,8.748400642572145,42,11,1,0,1,0,Benign,0
3,0.024299596932612525,0,0,0,4,34,0.282490751861486,2.7117205233908415,34,15,2,0,0,2,Benign,0
2,0.003239734396080011,0,0,0,4,28,0.1449676272024582,0.5029192861158733,37,10,3,0,0,0,Benign,0
3,0.028145795259399222,0,0,0,6,22,0.09799606185137617,0.634580374920529,31,7,2,0,0,0,Benign,0
1,0.8315489616182009,7,8,239,597,14,0.7343310602349015,274.437824726531,15,2,168,1,43,1,Attack_DataExfiltration,1
1,0.055992398722327044,0,0,2,6,30,0.14131934583557224,13.537147874581594,44,12,3,0,0,0,Benign,0
3,0.044974703781292334,1,0,1,4,25,0.20922667203387277,6.9777585276148795,37,12,3,0,2,0,Benign,0
4,0.0856488355934213,0,1,1,6,30,0.0390773355348546,0.7628770529083729,39,6,2,0,0,1,Benign,0
2,0.011875233256742255,0,0,0,4,20,0.14466236266465196,7.950105700609262,31,14,4,0,4,0,Benign,0
1,0.07094260151976181,0,0,0,7,16,0.12312549967793553,3.4811341582374675,47,7,5,0,1,1,Benign,0
1,0.014273021764550553,0,1,1,2,20,0.20484935349817096,5.106654322198227,37,6,1,0,3,0,Benign,0
2,0.25042767276229655,0,1,1,5,25,0.2546361289389961,1.243431398296913,42,11,2,0,0,0,Benign,0
2,0.05755964384222896,0,0,1,5,32,0.13541320106292315,0.6799987635730788,41,9,1,0,3,0,Benign,0
3,0.0934088838007587,0,0,1,2,26,0.15752277212872046,9.331172488875689,23,18,5,0,3,1,Benign,0
1,0.04360142309246844,0,0,0,3,22,0.1357403246925764,5.8166907910666525,38,6,3,0,1,0,Benign,0
3,0.02584474952021946,0,0,1,5,31,0.11391202775549768,2.4532941939650876,42,11,3,0,0,0,Benign,0
1,0.04232302291420253,0,0,0,6,24,0.19395852031977667,3.7304846051465477,39,7,4,0,0,1,Benign,0
2,0.008535678593967491,0,0,1,7,23,0.15947814216452702,2.59492578767291,41,11,0,0,3,0,Benign,0
3,0.003460909491769469,0,0,0,7,23,0.09246846664820924,2.681904566451169,44,11,4,1,1,1,Benign,0
1,0.022599192169411572,1,0,1,4,27,0.06639899427471582,1.1688678430047827,35,6,3,0,2,0,Benign,0
1,0.018366603245056134,0,0,1,8,28,0.052928389782282204,2.2931205936551216,43,8,1,0,1,0,Benign,0
1,0.01909755958813501,0,0,0,2,13,0.03559817399500166,2.8675131912406884,34,10,4,0,1,0,Benign,0
1,0.6594740907424733,5,7,279,621,16,0.9337274246200211,412.9493293405562,22,4,162,2,45,1,Attack_DataExfiltration,1
2,0.05388912886429827,0,0,0,5,32,0.19510747721668556,0.8872002731778172,36,12,4,0,3,0,Benign,0
1,0.0034812007762216315,1,1,2,9,24,0.12964153807010284,1.5085221319968491,42,9,2,0,0,0,Benign,0
4,0.03327625375840842,0,0,0,9,31,0.14644118353758442,18.107336994128502,40,11,0,0,2,0,Benign,0
4,0.4015224716316402,3,1,0,9,6,0.036233203140171234,2.5947237559000174,117,2,2,14,0,15,Attack_InsiderSabotage,1
1,0.011104647605222505,0,0,1,3,19,0.04266030191488359,3.382750633129102,42,6,5,0,0,0,Benign,0
1,0.018131622747285206,1,1,0,5,31,0.3021486337152053,5.442250559683979,34,15,1,0,0,0,Benign,0
3,0.06046109661180227,0,0,0,3,26,0.23776129894578396,3.3239376694658085,40,2,4,0,1,0,Benign,0
2,0.6489797159172733,5,6,261,570,15,0.9025160427661971,96.34012758416435,25,4,168,1,52,1,Attack_DataExfiltration,1
6,0.1405968453960811,0,2,0,13,6,0.01249412440383355,0.24801162837414373,82,5,0,13,0,19,Attack_InsiderSabotage,1
3,0.021311057651477762,0,0,0,8,21,0.37992452098733204,1.5806527743153413,40,10,2,0,1,0,Benign,0
8,0.5397555887973371,6,1,0,9,4,0.05248887541520538,0.562247607858605,100,3,1,12,0,20,Attack_InsiderSabotage,1
1,0.1613065101632322,0,0,1,6,22,0.1841943522494834,1.2824255981175356,43,7,2,0,3,0,Benign,0
1,0.594719547137521,6,5,250,615,14,0.6605060015953175,131.9419974665173,20,5,181,0,42,1,Attack_DataExfiltration,1
1,0.020938848159226673,0,0,0,7,21,0.17701868622564107,6.287674993059159,42,16,3,0,1,0,Benign,0
1,0.0015647917097297633,0,0,0,5,14,0.28681464274715285,1.0218910757683244,43,9,2,0,2,1,Benign,0
2,0.05774432049054628,0,0,0,6,30,0.03618781304174778,2.3417903132799576,44,13,3,0,0,0,Benign,0
2,0.08128131838217498,0,0,0,3,30,0.08277891006254853,3.6995968569563713,39,6,1,0,1,0,Benign,0
2,0.10182520927330684,1,0,1,7,26,0.18651775530132686,0.6300150996283166,44,9,2,0,2,1,Benign,0
2,0.48220932989860527,0,1,0,5,24,0.14720196080711404,0.9293462846199015,40,7,1,0,0,1,Benign,0
1,0.04038781265847222,0,0,1,4,19,0.2376899874838949,9.794256374602229,45,4,1,0,0,1,Benign,0
3,0.004057443498444449,0,0,0,6,31,0.27083815890711554,4.156891272790296,46,12,2,0,2,0,Benign,0
5,0.4006210038366367,2,2,0,9,14,0.3223321779655218,0.47231972800996386,87,5,1,14,0,14,Attack_InsiderSabotage,1
1,0.027817584762644305,0,0,0,6,24,0.10294782501754926,1.8710460756276257,52,8,1,1,1,1,Benign,0
2,0.0038437703664068496,0,0,0,1,25,0.18346965032144744,1.3843150242926556,45,9,3,0,2,0,Benign,0
2,0.02275362893131689,0,0,1,2,34,0.2528445788229886,1.0958243134567085,33,15,0,0,0,0,Benign,0
3,0.01849055268126809,1,0,0,1,30,0.13190077025964944,5.884256645839058,34,10,3,0,0,0,Benign,0
1,0.021981773140603365,1,0,0,8,27,0.13211843198342535,2.9280614006424237,42,12,4,0,0,0,Benign,0
2,0.03908474292420957,0,0,0,5,20,0.13187476406998444,13.636198705285919,32,10,0,0,1,0,Benign,0
2,0.44250970794220523,2,2,0,8,3,0.053270683342800024,6.853517561580463,102,4,0,13,0,17,Attack_InsiderSabotage,1
2,0.08098444843059938,0,0,0,7,22,0.22304594593652916,1.023141701836023,42,7,2,0,1,0,Benign,0
1,0.012177685413652033,0,0,0,9,28,0.019793655088444627,2.213494804578928,45,7,2,0,2,0,Benign,0
2,0.04155764716533861,1,0,1,7,21,0.12982938121702103,0.8528268475602657,38,7,0,0,4,0,Benign,0
1,0.06009806043534717,1,0,0,5,29,0.25215719566378564,1.439848677618992,38,16,1,0,2,0,Benign,0
3,0.020301176284031035,0,0,1,7,25,0.30339529866347204,4.085147792816454,38,6,3,0,0,1,Benign,0
5,0.07257963271529587,0,0,0,4,28,0.2846474473704588,4.49154084357251,44,20,1,0,0,0,Benign,0
4,0.3592375737721012,7,6,254,632,10,0.6712073021537875,119.04549452132807,22,6,167,1,49,0,Attack_DataExfiltration,1
3,0.6458998820951992,7,8,253,605,15,0.8848974385554923,82.32994443614534,20,5,173,0,40,1,Attack_DataExfiltration,1
2,0.04591810098803849,0,2,0,2,23,0.050338815384771966,4.789516286591534,41,8,2,0,0,0,Benign,0
1,0.009746014949427803,1,0,2,1,27,0.08757379294104307,1.2095433708897876,39,13,1,0,2,1,Benign,0
2,0.008636730437403765,0,0,0,4,24,0.14484917343255016,0.530893091275546,30,10,0,0,0,0,Benign,0
2,0.055685093913810185,1,1,0,4,19,0.010551013170757061,1.7914319210562168,42,13,2,0,0,0,Benign,0
3,0.05007632828252172,0,1,0,3,26,0.07677634268291725,1.2829343146639463,59,14,2,0,2,0,Benign,0
4,0.4726204579764444,4,8,261,608,21,0.9363921906612782,193.737336243344,21,2,162,1,61,0,Attack_DataExfiltration,1
1,0.16120673625512344,0,0,0,6,20,0.17092534670701795,20.26191965148581,31,9,0,0,2,1,Benign,0
2,0.07217908607990582,0,0,2,6,21,0.35312669446694944,3.6369367521220917,31,10,1,0,0,0,Benign,0
2,0.7847956945138581,4,5,264,619,16,0.8852096745751283,274.83151921300504,21,9,162,0,59,0,Attack_DataExfiltration,1
1,0.02649619632608681,0,1,0,5,25,0.12728945249126972,6.594267831047626,35,11,6,1,1,0,Benign,0
1,0.054652208985229656,1,0,0,3,24,0.32365251965306313,0.5258073765509653,45,9,1,0,1,1,Benign,0
1,0.14937050180524683,0,0,0,6,29,0.022561657690671293,0.3490059981945417,41,18,5,0,3,0,Benign,0
2,0.08805756946420037,0,0,0,5,22,0.14747902397877907,3.1353799242117506,37,7,2,0,1,0,Benign,0
1,0.016389030495390852,0,0,0,9,22,0.22220622533535758,1.3005296327491773,37,13,2,1,2,1,Benign,0
5,0.05620673978337217,0,0,0,6,32,0.1926470598770659,6.818078238074176,42,10,1,0,0,0,Benign,0
1,0.04152880176743386,0,0,0,5,24,0.42759241944004805,28.0801836967333,39,8,0,0,1,1,Benign,0
1,0.034620104994931164,0,0,1,6,20,0.19168958226735014,0.8558073766139639,37,11,3,0,3,0,Benign,0
1,0.08158591086745996,0,0,0,4,23,0.11047155208017412,4.623109220763939,34,8,2,0,1,1,Benign,0
1,0.09230806536113263,0,0,1,6,28,0.26644755271098536,0.6570064429226031,31,10,3,1,0,0,Benign,0
1,0.03905066914459148,0,0,1,1,27,0.07354414275638098,2.01319167956774,29,13,1,0,0,1,Benign,0
3,0.023431671670574337,0,0,2,2,32,0.12314641373682692,1.14047962405101,35,12,2,0,1,0,Benign,0
7,0.26605611775426113,2,0,0,10,5,0.03549022400990843,1.1491778591187523,92,5,0,19,0,17,Attack_InsiderSabotage,1
1,0.07892516764083475,1,0,0,1,23,0.12116229034835285,3.8727063906838697,42,17,1,0,3,0,Benign,0
1,0.03948278754968656,1,1,1,9,24,0.03379197231262963,1.0454151984717663,49,10,2,0,1,0,Benign,0
1,0.05952540503741246,0,1,0,3,24,0.11110093552920859,2.4454499360335804,51,11,1,0,0,0,Benign,0
1,0.003796526543604314,0,0,0,5,28,0.16825239732315264,2.237942533761123,33,11,4,0,2,0,Benign,0
2,0.0036133248429469932,0,0,0,5,35,0.04529330928130286,3.8612083793466048,41,10,1,0,0,1,Benign,0
13,0.37126187170960345,4,3,0,15,8,0.15661931307725824,1.7580237714896623,101,6,0,17,0,22,Attack_InsiderSabotage,1
2,0.07129345074095403,0,0,1,5,24,0.22188251615507726,1.052927463509311,56,10,3,0,3,0,Benign,0
2,0.002606486132447512,0,0,1,7,27,0.29574233109409864,1.3997001075677191,42,9,3,1,2,0,Benign,0
1,0.0008396890741742605,0,0,0,8,23,0.35779881010999687,0.5350831162373852,33,5,1,0,0,0,Benign,0
1,0.00016306349890394013,0,0,0,3,31,0.20376066096576947,9.161432499639956,35,8,1,0,1,0,Benign,0
1,0.12230467011775947,0,0,1,6,20,0.1379379905460756,0.3478910523729856,36,13,3,1,1,2,Benign,0
2,0.049904853187635524,0,0,1,6,26,0.05731330457821949,31.795669024675536,40,10,2,0,0,0,Benign,0
4,0.7800032542787542,5,2,256,605,17,0.804977588436323,106.86006758878493,18,4,190,0,52,1,Attack_DataExfiltration,1
1,0.04993321589669746,1,0,0,3,21,0.27581137978103554,1.8972719666640447,43,10,1,0,0,0,Benign,0
1,0.10365463513698667,0,0,0,8,21,0.13640548706639466,10.74566790790271,31,9,3,0,1,0,Benign,0
2,0.48372789366084784,3,7,251,625,17,0.7612773362930395,406.8398417096419,21,7,182,1,50,3,Attack_DataExfiltration,1
2,0.02430513096077664,1,0,0,1,27,0.10132715668712008,4.8555042012625655,32,8,2,0,2,0,Benign,0
7,0.8154698574693126,4,0,0,10,7,0.09234550486554523,0.42822864540879696,115,10,0,19,0,18,Attack_InsiderSabotage,1
1,0.04025084917328017,0,0,0,1,28,0.23377978188378512,2.2978176248359423,41,7,0,0,0,0,Benign,0
1,0.04796124720209267,1,0,0,5,32,0.03274131105151202,4.4218405844449,35,12,1,0,1,0,Benign,0
4,0.054990443091366886,0,0,0,5,34,0.20141912019462155,0.4837363432725149,38,11,3,0,0,0,Benign,0
3,0.026523458519460443,0,0,0,10,25,0.11427506029418569,1.5056040472311127,47,12,0,0,2,0,Benign,0
2,0.02826822544451304,0,0,1,2,28,0.10658183003851986,8.242222571050085,43,6,2,0,2,1,Benign,0
2,0.021323601612020696,0,0,0,8,35,0.02629671150964868,1.9465540611903833,47,9,2,0,1,0,Benign,0
3,0.050623496874019,0,0,0,5,28,0.08943167549111943,4.442215879016933,36,12,1,0,0,0,Benign,0
3,0.7811459116511086,7,8,239,604,16,0.9701298838862469,113.29648611222746,18,5,171,2,36,1,Attack_DataExfiltration,1
6,0.01689029723368913,0,0,2,4,27,0.06103076780018139,1.4977487741800688,29,7,0,0,1,0,Benign,0
3,0.056505462687461074,0,1,1,2,21,0.19039869097387194,1.3413200478016962,33,10,1,0,2,2,Benign,0
1,0.04697861304135238,0,0,1,5,30,0.045561247245258576,1.4242864605447707,37,5,0,0,0,0,Benign,0
2,0.006615635320118646,0,0,0,3,23,0.30935087490879926,2.4503585812878583,46,10,1,0,0,1,Benign,0
3,0.6742633089887106,7,5,236,623,17,0.6199041716251682,310.42313570631,14,6,196,1,58,2,Attack_DataExfiltration,1
1,0.10670443915996823,1,1,1,4,29,0.42247403930090055,7.425297215765177,46,6,3,0,0,1,Benign,0
1,0.11516055742275991,1,0,0,3,31,0.11794639988019288,4.796746923016342,29,8,3,0,1,0,Benign,0
1,0.06052525604587485,1,1,0,4,24,0.1844821198632176,3.0682130785185104,38,13,2,1,1,0,Benign,0
3,0.006281423616862535,0,0,0,3,32,0.0728637139293388,3.1920963885973705,44,4,3,0,0,1,Benign,0
1,0.019898867638576366,0,0,1,5,28,0.33251641047881586,1.1293285669924398,32,13,1,0,0,1,Benign,0
1,0.6658070485252946,7,6,241,599,15,0.943252289935118,94.2393614923815,27,6,158,0,51,1,Attack_DataExfiltration,1
1,0.01558229196048456,0,0,1,4,24,0.3067464147384691,0.24240608746580614,51,12,3,0,1,1,Benign,0
1,0.04173909401735054,1,0,2,4,24,0.09324284004282116,2.8318771489344274,32,14,2,0,1,0,Benign,0
1,0.03256940743153052,0,0,0,5,23,0.22434416808681235,1.0911637751868029,47,6,3,0,1,0,Benign,0
1,0.0008105502452588192,0,0,2,6,26,0.04455298800445147,4.217112451111544,29,7,1,0,1,0,Benign,0
1,0.01371244237525907,0,0,0,6,20,0.2003577512657246,6.834678288747562,44,12,3,0,0,0,Benign,0
2,0.16549657783232932,3,2,0,12,7,0.16810174040941767,0.7924188215294959,78,1,0,16,0,16,Attack_InsiderSabotage,1
2,0.07957802585181216,0,0,1,1,33,0.10918619774724311,8.84250379222293,48,19,5,0,0,1,Benign,0
1,0.012464664418070337,0,0,1,3,18,0.056747945181663866,11.123373390824884,48,10,2,0,0,0,Benign,0
1,0.15095066361107862,1,0,1,3,25,0.1612104277701994,2.7659707320146665,37,7,0,0,0,0,Benign,0
1,0.05503552921111237,0,0,0,1,20,0.166231169682464,8.829941126714267,34,16,1,1,2,1,Benign,0
3,0.564945779351091,4,1,0,12,7,0.07069646823947963,0.781543087077714,99,3,3,21,0,15,Attack_InsiderSabotage,1
1,0.006508068646841168,0,0,1,7,27,0.12322737006285234,3.9552928736279593,49,9,3,0,2,1,Benign,0
1,0.035384604534374836,0,0,0,5,28,0.11787143350175502,0.4364041612678853,38,14,4,0,2,0,Benign,0
1,0.03596478994341937,0,0,1,8,18,0.13277987819004894,3.499469135525304,36,9,0,0,1,0,Benign,0
4,0.0019699109205707594,0,0,0,7,34,0.19116690967202526,10.41234214266363,29,9,2,1,1,1,Benign,0
1,0.20056419553303242,0,0,1,4,24,0.12070653180846391,8.059734873190823,28,9,3,0,0,0,Benign,0
1,0.031159942415558355,1,0,1,6,21,0.14426207881781827,1.2428981996774884,45,14,6,0,2,0,Benign,0
2,0.11027600593370623,0,0,0,6,21,0.031399194372463135,3.0711079344386243,31,10,3,0,2,0,Benign,0
2,0.025822135330546343,0,0,0,4,18,0.15636427051231924,1.8054164638995036,53,12,1,0,1,0,Benign,0
2,0.022885082459730643,0,0,0,6,24,0.18411767392801842,0.9293900424884665,46,12,0,0,0,0,Benign,0
1,0.10547977375882941,0,0,0,6,23,0.2519014156906778,3.025519974987085,43,11,3,0,0,0,Benign,0
1,0.035730902960360564,0,0,0,4,23,0.08152994927242624,2.019418167844379,40,10,1,0,1,0,Benign,0
3,0.12207158878187398,0,0,1,6,30,0.14464514132135603,3.525186873027341,49,6,2,0,0,1,Benign,0
1,0.04507541465393239,1,0,1,5,25,0.05048939114018699,2.931171522219416,27,4,3,0,1,1,Benign,0
4,0.743580196214772,7,9,275,582,12,0.9548317440092231,208.64171482558172,19,6,178,1,49,4,Attack_DataExfiltration,1
2,0.07053657972029809,0,1,2,5,24,0.10834045372880785,6.578744135054004,30,10,1,0,1,0,Benign,0
1,0.05499367162217232,1,1,0,5,28,0.16349880018824087,1.700985858896118,39,6,2,0,3,0,Benign,0
1,0.00464953956550645,0,0,0,1,23,0.11481906917143525,0.5615381995864125,52,14,2,0,1,1,Benign,0
3,0.19015752312878365,5,1,0,12,10,0.010155852108038039,2.250452788457757,94,5,1,16,0,28,Attack_InsiderSabotage,1
1,0.023587238766079564,0,0,1,5,27,0.07558778139571813,1.0992971020153022,29,11,5,0,0,0,Benign,0
1,0.4493091076899038,3,6,274,613,16,0.9618414932091127,93.99516167102516,17,5,169,0,46,1,Attack_DataExfiltration,1
3,0.03244932210562085,1,0,0,7,20,0.10864786659763981,2.5532064033672794,39,10,0,1,0,1,Benign,0
1,0.1103020739755684,1,0,1,2,29,0.04579708250245986,4.81088971174088,43,7,3,0,0,1,Benign,0
3,0.05482131344608,0,1,1,5,15,0.12850716419645908,2.4579062951731085,40,5,1,0,1,0,Benign,0
1,0.007031784014876453,1,0,0,5,34,0.05637065448503204,2.454550512392385,36,10,1,0,0,0,Benign,0
2,0.06314241874924861,0,0,0,0,15,0.3069523603513327,5.223098731358887,51,14,1,0,0,0,Benign,0
1,0.033130073533811026,0,1,0,5,19,0.3579661051894429,11.086103036495292,31,16,2,0,1,0,Benign,0
5,0.024543720306475544,1,1,0,6,21,0.11715290655414937,14.407405050842506,30,16,1,1,1,0,Benign,0
3,0.004786240390727397,0,1,0,4,21,0.17573199717900276,1.8603585614980047,44,12,3,0,0,1,Benign,0
2,0.039261899006184764,0,0,0,7,26,0.055734796953040386,3.401901952358086,37,8,2,1,0,1,Benign,0
3,0.046751471158665014,0,0,0,7,29,0.593702003484121,9.218943311696682,41,9,1,0,2,1,Benign,0
1,0.013872498002659767,0,0,0,3,20,0.20891979445263284,1.1150517807090519,32,18,6,1,1,0,Benign,0
2,0.026945060226640994,0,0,0,1,20,0.12040282206416969,1.0132769366906216,42,8,1,0,1,0,Benign,0
1,0.043381783921550204,0,0,1,3,29,0.19004112425072905,2.9734984345424893,43,7,2,0,1,0,Benign,0
1,0.01867111545995886,0,0,2,7,29,0.14130323594040115,1.2176651597180206,52,9,2,0,1,0,Benign,0
1,0.005673508237729379,1,0,1,3,31,0.2176977417623144,0.20232656955798353,32,11,2,0,2,0,Benign,0
1,0.317571592342033,0,0,0,10,29,0.04368860483935171,1.2240060312441112,40,6,0,0,1,0,Benign,0
1,0.03422218194702448,0,0,0,2,24,0.04795856290910943,0.7693592722030391,30,4,1,0,1,0,Benign,0
3,0.03975742866807452,0,0,0,4,25,0.2866615934888165,9.192859000467678,34,6,4,0,1,0,Benign,0
1,0.005011291844746179,1,0,0,8,21,0.27067062754592053,3.9792208286265387,47,15,1,0,2,0,Benign,0
2,0.017300640241799028,0,0,1,8,23,0.4100872149435509,2.4693431172756477,37,10,1,0,0,0,Benign,0
4,0.11896023567962717,1,0,0,6,23,0.26999943897134365,7.910733293262666,47,19,3,0,0,0,Benign,0
2,0.6623400761639541,5,6,262,618,14,0.6862356981556845,102.03978522987597,18,11,196,2,48,1,Attack_DataExfiltration,1
1,0.026671164925854047,1,0,0,2,27,0.1139828820323659,1.8348464200185566,47,5,2,0,1,0,Benign,0
2,0.0014121386981689422,1,1,0,6,33,0.09164381882940267,12.90023914184786,34,11,3,0,0,0,Benign,0
1,0.004442055966003534,0,0,0,4,22,0.060266310078383324,1.9320645850502278,40,11,2,0,2,1,Benign,0
3,0.7372373346345918,6,5,254,619,13,0.8081532975244327,118.74992974613244,16,2,157,1,40,2,Attack_DataExfiltration,1
5,0.5766539879433249,4,0,0,15,5,0.04213146675115956,0.2187276477835952,106,4,2,12,0,24,Attack_InsiderSabotage,1
2,0.014885684733302157,1,0,0,5,22,0.3517469561409939,3.704893181173265,28,10,5,0,1,0,Benign,0
1,0.2189442050781305,0,0,0,3,26,0.20471395692972452,0.8603895809143879,47,11,0,0,2,1,Benign,0
3,0.012670820056370527,1,0,0,5,14,0.19437925926287258,2.3633101951568407,33,8,3,0,1,1,Benign,0
3,0.001711376588493118,0,0,1,8,29,0.1838953888830456,6.597532887617932,46,15,2,0,1,1,Benign,0
3,0.05800857245248592,0,0,0,4,29,0.08864430209260453,5.648218481729947,37,8,0,0,0,0,Benign,0
1,0.1174494929937684,0,0,1,1,27,0.248486710862236,7.7863616496094625,34,14,4,0,0,2,Benign,0
2,0.04056784305928912,0,0,0,2,29,0.025609547651453134,2.89101510396805,44,8,1,0,3,0,Benign,0
1,0.06001518818780682,0,0,2,5,36,0.04843280982888857,4.665575695775073,37,3,4,0,1,0,Benign,0
1,0.009464691607547843,0,0,0,7,23,0.17386543108632593,8.822595086978444,44,12,0,0,1,0,Benign,0
4,0.7674933326921273,3,2,0,8,8,0.02869019434870025,0.3623358377332944,95,6,0,13,0,22,Attack_InsiderSabotage,1
4,0.544919228911708,4,1,0,7,6,0.01002344949434686,0.9893611162743546,104,9,0,14,0,22,Attack_InsiderSabotage,1
1,0.024407477370732233,0,1,1,2,18,0.24141102633598582,0.43177841417029805,41,7,1,0,2,0,Benign,0
2,0.06101311577437973,1,0,0,2,25,0.11392013308757709,2.6201045527045657,39,11,1,0,0,0,Benign,0
3,0.025702953556956877,1,0,1,4,34,0.24234084992195176,5.115962951248747,46,9,2,0,0,1,Benign,0
1,0.004982618752901714,0,0,0,4,28,0.10335727242635084,0.43567164200862557,49,11,1,0,1,0,Benign,0
3,0.014343905815020016,0,0,1,9,37,0.17009876331622087,0.4747603479177879,35,8,1,0,1,0,Benign,0
1,0.016787339654531455,0,0,2,6,22,0.23761249709588714,9.939151824741513,40,7,2,0,1,1,Benign,0
1,0.01963309294742648,0,1,1,8,23,0.1838447325513137,4.883222984688885,40,9,5,0,0,0,Benign,0
1,0.030443367000856682,0,0,0,6,29,0.025068292960468436,1.6812880581095386,28,11,4,0,1,0,Benign,0
3,0.514375465965216,5,3,275,574,12,0.6623112925336774,157.40925312634303,21,5,153,0,47,1,Attack_DataExfiltration,1
1,0.01568308767267972,2,0,0,3,23,0.26539640772952605,2.897884293706544,39,9,2,0,2,0,Benign,0
4,0.07140072898983608,1,0,1,3,19,0.2771179760204079,1.6843197921540154,48,9,1,0,0,1,Benign,0
1,0.03364944537732724,0,1,0,2,34,0.24831348381533414,0.9428773578661104,35,7,3,0,1,1,Benign,0
2,0.031902840232944596,1,0,0,4,22,0.029945338731586127,0.5711620551405595,43,15,2,0,0,1,Benign,0
8,0.4832293601589991,4,2,0,5,5,0.015418140547597334,0.11991446426042947,113,1,1,9,0,22,Attack_InsiderSabotage,1
5,0.3494281866110508,2,0,0,8,3,0.09483261923553161,1.4150198863336285,113,11,2,12,0,24,Attack_InsiderSabotage,1
3,0.051186019807120405,0,0,0,5,28,0.21422603954833266,1.7035768271368847,31,8,0,0,3,0,Benign,0
8,0.7534421677328643,3,0,0,14,4,0.06283776733293822,2.1848501691244056,89,5,1,11,0,19,Attack_InsiderSabotage,1
1,0.03021144847845991,0,0,0,5,32,0.33438222445209703,9.296481026064026,37,9,1,0,1,0,Benign,0
1,0.045506727938271804,1,0,1,2,24,0.23562028189096298,4.040704521017026,42,10,1,1,1,0,Benign,0
1,0.005291406608819313,0,0,2,3,25,0.1899317257281671,1.999731459313244,41,13,3,0,0,0,Benign,0
2,0.09568130651536515,0,0,0,4,21,0.07357146858569805,2.7850931250620623,45,9,0,0,0,0,Benign,0
1,0.0052283024227729735,0,0,4,4,24,0.17778429238520096,3.7761010397319317,41,8,2,0,2,0,Benign,0
1,0.05625838282657969,0,0,1,7,15,0.1860196971171543,2.9619193247274076,41,11,4,0,1,0,Benign,0
6,0.0047249460312816455,0,0,0,3,23,0.176378451605318,1.3951627791385364,37,10,1,0,0,0,Benign,0
1,0.026423786304217597,0,0,0,6,26,0.14645484547541424,5.470962716022966,40,9,3,0,2,0,Benign,0
1,0.03396762317809313,0,0,0,5,27,0.13754866170449925,0.5705026071648084,47,8,3,0,0,0,Benign,0
1,0.051193712261920106,0,1,0,1,22,0.053871060758048796,2.0874946429574517,37,7,6,1,2,0,Benign,0
2,0.22478022133472186,1,1,0,1,26,0.06186150086744745,1.7212492900805876,39,10,1,0,0,0,Benign,0
2,0.0135413497192829,0,0,0,4,24,0.4301242562237996,0.7582452498777315,44,12,4,0,1,1,Benign,0
2,0.1606333138056174,1,0,0,3,22,0.25255568589512883,1.30581495064436,39,11,2,0,1,1,Benign,0
1,0.024060266297658995,0,0,1,2,23,0.11012615329483424,5.283144169360551,47,9,3,0,0,0,Benign,0
1,0.2078110522721128,0,0,0,5,29,0.3093372304152556,1.3857074996802456,53,6,3,0,1,1,Benign,0
1,0.4854875903667072,6,9,243,560,15,0.8232240532753898,120.49696755225341,18,8,169,0,42,2,Attack_DataExfiltration,1
1,0.011598461984969789,1,0,1,7,24,0.1614694560934384,1.9089176711122728,44,8,0,0,1,0,Benign,0
1,0.9565405566547946,7,4,249,584,14,0.909675837555229,171.44553593876032,17,5,154,2,42,0,Attack_DataExfiltration,1
1,0.9247172730060008,5,6,249,593,15,0.8763471775982976,120.03667743188639,26,3,158,0,56,0,Attack_DataExfiltration,1
2,0.8615068109901752,5,8,255,604,13,0.8033389876412187,109.77392148009315,25,5,189,1,51,0,Attack_DataExfiltration,1
1,0.06552569391711424,0,0,0,5,23,0.028877212343664697,1.1694241728111925,35,11,2,0,2,0,Benign,0
2,0.06051846923198745,0,0,1,2,30,0.21633331059234817,6.62843044799429,46,15,0,0,1,0,Benign,0
3,0.04603925615299144,0,0,1,4,24,0.11302774588787884,2.6347396192192507,33,9,1,0,1,0,Benign,0
1,0.827686298995677,5,4,259,569,12,0.9153444702009512,162.38434891280446,30,3,164,1,54,1,Attack_DataExfiltration,1
3,0.10996105841760685,0,0,0,4,26,0.34882424091859715,1.854389051442734,39,5,1,0,1,0,Benign,0
2,0.002192749827464943,0,0,0,3,25,0.2507554088501263,1.2669189675677681,34,12,2,0,0,0,Benign,0
3,0.0015622078580048216,0,1,1,7,22,0.29906664158145513,0.3418763435268966,37,6,3,0,0,0,Benign,0
1,0.10275099526558028,0,1,0,5,34,0.10580798345320634,9.646970388958133,37,9,1,0,1,0,Benign,0
1,0.03793686681055527,0,0,1,9,18,0.1981556830539498,1.2650925096598467,28,8,0,0,0,0,Benign,0
2,0.09810839081991515,0,0,0,10,24,0.12272403874716246,1.8239161419330665,48,5,1,0,1,0,Benign,0
1,0.034852031849978815,1,0,1,4,27,0.08019967784766208,1.7665232161889577,42,16,1,2,1,0,Benign,0
3,0.04311923633840211,0,0,1,4,19,0.11832317559185374,2.443512771245009,44,16,1,0,1,0,Benign,0
1,0.03827628999564596,1,0,0,7,27,0.10663807009256676,11.254703941583175,39,10,1,0,2,0,Benign,0
1,0.049613838240673155,0,0,1,4,25,0.1959271468038274,1.3753562733136433,27,11,2,0,0,0,Benign,0
1,0.01586392387285732,0,0,1,8,32,0.09718802687595207,12.165178292884518,41,14,2,0,1,0,Benign,0
1,0.038869441480272084,0,0,1,6,18,0.38296350497632087,1.6351809693055008,47,11,0,1,1,0,Benign,0
1,0.0025173521021356264,0,1,0,8,27,0.21799357373339376,0.9214212028763441,40,15,2,0,1,0,Benign,0
3,0.005473543884461442,1,0,0,5,36,0.3548708581101814,1.6195396176476444,41,3,3,0,1,1,Benign,0
1,0.006379316399670983,0,0,1,4,26,0.062449921102180395,1.9589647077871546,36,6,3,0,0,1,Benign,0
1,0.04649873889364166,0,0,1,9,20,0.14955852133838568,4.0428315256663305,37,6,1,0,2,0,Benign,0
2,0.06778257919966728,0,0,0,7,27,0.04867812522867464,5.019914507720677,39,10,2,0,1,0,Benign,0
5,0.40442429916550654,2,0,0,9,3,0.4647613061618616,0.5850030938364219,100,3,1,12,0,23,Attack_InsiderSabotage,1
1,0.058806583935705974,1,0,1,4,23,0.24373211794000688,2.177892512490764,35,11,3,0,2,1,Benign,0
1,0.05637128351546291,0,0,1,4,24,0.2863095219902103,0.6109809942966465,33,12,2,0,1,1,Benign,0
1,0.11029387923242928,0,0,1,4,31,0.18578993706530822,2.029469428016959,31,4,1,0,1,0,Benign,0
1,0.07140314208905153,0,1,0,4,25,0.07686031670726126,2.3911395135937004,40,4,1,0,1,0,Benign,0
1,0.061601478513794994,0,0,1,5,19,0.28633196120179766,2.375724753064249,43,17,2,0,1,0,Benign,0
1,0.004268131562037619,1,0,0,6,34,0.1453455202484026,2.8456381372006123,54,5,3,0,2,0,Benign,0
1,0.07959474809854815,0,0,0,7,20,0.0688122117748642,10.740545623519973,46,10,6,0,0,0,Benign,0
1,0.019490681880345386,0,1,0,5,28,0.12765378036859365,7.6664816680240575,42,8,1,1,0,1,Benign,0
2,0.03026593461434383,0,0,1,4,14,0.04203414154549312,4.6257398754770165,35,9,1,1,0,0,Benign,0
3,0.03775734382546266,0,0,0,6,27,0.2951002957973254,3.3143542853925787,45,13,3,0,2,1,Benign,0
1,0.13665243869215035,0,1,4,5,30,0.29647169610732865,19.15294520600833,42,12,2,0,0,0,Benign,0
6,0.8923115336993522,6,4,251,602,17,0.8514568052579135,356.45764584530326,15,3,178,1,48,0,Attack_DataExfiltration,1
1,0.10163934211456493,0,0,1,2,26,0.3171718580250416,18.75394642763654,40,8,2,0,0,0,Benign,0
1,0.023082351442258165,0,0,0,3,34,0.1534486602010492,1.8656960990111096,29,7,2,0,3,1,Benign,0
1,0.06345040518780987,0,1,0,4,27,0.05200517299061136,5.654289506628455,37,9,3,0,4,1,Benign,0
1,0.03647113112583644,1,1,2,3,25,0.2158005834696776,2.0067865879312534,45,5,3,0,2,0,Benign,0
1,0.057273453579272396,0,1,1,5,22,0.17802674395229673,10.612229365950789,36,9,2,0,1,0,Benign,0
1,0.752950743246755,5,4,247,569,14,0.6176098443588323,133.97558291320095,17,2,177,0,60,1,Attack_DataExfiltration,1
1,0.09928996413344975,0,0,0,8,21,0.18184393771754714,6.542867243343899,31,13,3,0,0,1,Benign,0
2,0.08945962482661263,0,1,2,10,23,0.030139261268890712,14.525626240241515,38,14,3,0,1,0,Benign,0
2,0.027075171806069193,0,0,0,2,31,0.03166432390158862,6.605580789423847,36,10,2,0,0,2,Benign,0
2,0.012141484931280378,0,2,1,6,25,0.1456358747491849,6.013139897744753,46,8,1,0,1,1,Benign,0
1,0.11800541850815642,0,0,0,6,20,0.12299903299733407,2.5712743561201132,37,10,0,0,1,0,Benign,0
5,0.6597493372062824,4,9,251,581,11,0.9450176460032111,30.483875151582513,17,7,165,2,50,2,Attack_DataExfiltration,1
1,0.024763896883271075,0,1,0,4,31,0.015400128328264982,4.912025043114278,35,8,1,0,1,1,Benign,0
1,0.004310684333630734,0,0,0,4,25,0.22132509218046673,2.046670719208056,34,5,1,0,3,0,Benign,0
2,0.01600300212783441,0,0,1,3,26,0.08603189135397066,0.898415042614722,29,11,3,0,0,0,Benign,0
4,0.6990721079334311,4,1,0,17,9,0.08580038488527672,1.8149257659071045,139,7,1,13,0,17,Attack_InsiderSabotage,1
2,0.06618304012465333,0,1,1,9,28,0.23917040715331342,6.636348873136681,47,10,0,1,0,1,Benign,0
1,0.06328605713911452,0,0,0,6,25,0.14001571044891495,11.227021685538562,33,18,2,0,0,0,Benign,0
1,0.6392049735638057,3,4,242,591,9,0.6075051967716365,162.81590081261174,14,5,174,0,51,2,Attack_DataExfiltration,1
2,0.01140070312146197,1,0,2,3,28,0.21200822091610858,0.5237225998026027,47,14,0,0,0,1,Benign,0
2,0.006122505063101932,0,0,0,3,34,0.135063979500852,17.689725725242536,49,13,3,2,0,0,Benign,0
1,0.08941438588875253,0,0,1,3,24,0.1590193928601847,5.555815990702214,44,9,1,0,4,1,Benign,0
2,0.014862250329519575,0,0,0,7,22,0.10939881563580092,0.4929392618883181,35,7,2,0,0,0,Benign,0
2,0.07703310181644095,0,0,1,8,36,0.13913768599888365,2.4722318888930737,49,10,3,0,0,0,Benign,0
1,0.028449134847986727,0,0,0,2,24,0.0536894602923145,5.093396049034187,39,11,2,0,0,1,Benign,0
1,0.04247211743638758,0,0,0,6,23,0.30091285217160324,3.806632958315132,43,9,2,0,2,1,Benign,0
4,0.02101351457639649,0,0,1,2,27,0.15987159370537601,4.086624933025641,46,4,0,0,3,0,Benign,0
2,0.002190655240486939,0,0,0,7,15,0.1924447694889542,0.8570051338637036,41,12,3,0,1,0,Benign,0
2,0.01574029753080663,1,0,0,2,28,0.23187171676439688,2.0345531410284927,36,7,2,0,0,0,Benign,0
1,0.06019943526792361,0,0,0,8,22,0.12629786366987303,1.9476773092562374,35,9,4,0,1,0,Benign,0
2,0.04607649812126909,0,1,1,6,21,0.4320017386371321,2.315291683742974,34,6,0,0,3,0,Benign,0
3,0.03756139020835784,0,0,0,8,28,0.2693718825093303,9.492900475656503,40,7,0,0,0,0,Benign,0
3,0.06330092789813206,1,0,0,6,16,0.41782800689485644,4.819872970402269,32,15,5,1,1,0,Benign,0
1,0.09655416602698999,1,1,2,5,24,0.28874745447026173,10.662374584608838,45,10,2,1,0,0,Benign,0
2,0.02353934028162195,1,0,1,2,20,0.1354050787069254,1.9964406211229153,35,7,4,0,1,0,Benign,0
3,0.008443702508025574,0,1,1,5,32,0.18074959761276,1.2529103036138733,47,13,1,0,0,0,Benign,0
1,0.013245161834502913,0,1,1,4,30,0.07760381739817757,0.7709050850297945,27,13,1,0,1,0,Benign,0
1,0.01392861595708546,0,1,0,6,22,0.12461574305364592,3.8369372397918475,37,14,2,0,0,0,Benign,0
1,0.010603232642952274,0,0,0,5,22,0.27415419058950435,4.146383183950506,44,6,4,0,1,0,Benign,0
1,0.42872463121713456,2,5,257,580,13,0.7088948120054598,366.6209602867849,31,1,177,3,54,0,Attack_DataExfiltration,1
2,0.12269920036512708,0,0,1,1,29,0.0289986415179476,4.699557456585258,36,7,1,0,0,1,Benign,0
3,0.02382107637498704,0,0,0,5,27,0.19544347313240612,1.8510938633081815,48,10,0,0,1,0,Benign,0
2,0.6504063528036313,9,5,242,576,13,0.8258033545816694,441.82130507356214,17,2,185,0,47,2,Attack_DataExfiltration,1
2,0.030595538062951243,0,0,0,5,25,0.36603863493113037,6.859914915503846,42,13,0,0,1,0,Benign,0
1,0.0806222934608554,0,0,0,6,28,0.28813194150761307,1.4790919848530868,38,12,0,0,2,0,Benign,0
2,0.05778979287424302,1,2,0,5,27,0.14217631473778053,1.044385711235162,37,11,2,0,1,0,Benign,0
2,0.01605535670264151,0,0,0,4,23,0.04234035008201104,0.9843347712447976,49,7,4,0,0,0,Benign,0
1,0.04001653763824067,1,0,2,6,34,0.20843412624491706,3.4243123069300743,49,7,1,0,1,0,Benign,0
1,0.010385201951177203,1,0,0,3,16,0.16842269307307509,0.7540920088205152,35,12,2,0,1,0,Benign,0
3,0.04754753736690278,0,1,1,3,16,0.06365340313503337,4.947091188282504,41,13,1,0,2,0,Benign,0
1,0.029251717632847264,0,0,1,3,25,0.2255411549552229,0.6977776019356509,44,4,4,0,0,0,Benign,0
6,0.22023484787769015,11,3,241,594,16,0.9076674268909768,301.64765724961956,19,4,183,0,62,2,Attack_DataExfiltration,1
1,0.12621493462832545,0,0,0,6,19,0.10759166009017082,1.7538710913703486,34,8,3,0,1,0,Benign,0
1,0.0007143842867796888,0,0,0,4,19,0.28224006944443714,1.2024746377664175,38,12,0,0,0,0,Benign,0
2,0.030207474694050614,0,0,1,4,19,0.07184247935728956,3.5930444709274862,43,7,0,0,0,0,Benign,0
7,0.3447808790240546,3,0,0,10,4,0.07449636658675718,0.5186171861799208,113,3,1,13,0,21,Attack_InsiderSabotage,1
1,0.04260718775963823,1,0,1,4,29,0.16575146300614427,9.982109735222355,32,6,0,0,1,0,Benign,0
1,0.0720859026710714,0,2,0,5,26,0.07438428549128483,0.9507461857073721,47,10,0,0,0,0,Benign,0
1,0.02832831338209985,0,0,0,7,22,0.27762010567478235,3.6644983949983576,33,9,2,0,2,0,Benign,0
1,0.0005601292811867545,0,0,2,2,20,0.04238981655710766,0.5994305658402015,47,9,2,0,0,0,Benign,0
1,0.06521472065277528,0,0,1,2,24,0.2554062170052976,7.23700953583064,39,8,0,0,2,0,Benign,0
3,0.011282601617870348,0,1,1,6,33,0.23236075135208095,1.4199299044346365,42,12,1,0,1,1,Benign,0
1,0.845321334831241,6,4,265,590,18,0.7113113947141381,159.63675597296523,16,3,165,0,44,2,Attack_DataExfiltration,1
1,0.02614858803262264,0,1,0,2,24,0.2926097923661023,2.3235292935625482,42,10,3,0,3,1,Benign,0
1,0.03228328993292272,0,0,1,5,26,0.14964166326858003,0.228083594608241,43,8,3,1,1,0,Benign,0
2,0.036813793883994105,1,0,1,4,29,0.1021973443486729,2.3367280821245213,38,9,3,0,2,1,Benign,0
2,0.0046273641935623494,0,0,0,7,32,0.1557235583185216,1.858979148087337,44,11,1,0,2,1,Benign,0
1,0.04079334390993914,1,0,0,9,27,0.049221924454690855,17.383874099884455,38,7,3,1,0,1,Benign,0
1,0.01854957632854764,0,0,0,5,28,0.05921819815182274,3.8242788816801765,42,11,0,1,0,1,Benign,0
4,0.18900331379534968,0,0,1,2,16,0.35526880385402115,9.838246484918795,37,10,2,0,1,0,Benign,0
1,0.03255537737735647,0,0,0,2,19,0.22441573818596575,0.8330079809020585,44,13,0,0,0,0,Benign,0
1,0.07815016768608023,0,0,1,6,21,0.1894613801064969,0.5370775964715474,40,20,2,0,0,0,Benign,0
2,0.021213800283170017,0,0,1,3,30,0.2381717229571999,10.563800470271397,39,12,0,0,4,0,Benign,0
2,0.049970925137287736,0,0,2,7,28,0.11983229104564957,2.7439380947447316,40,8,0,0,1,0,Benign,0
1,0.21137120233159978,0,0,2,5,24,0.08854765613202953,3.790387181627314,40,11,1,0,1,1,Benign,0
1,0.04435870153871551,0,0,1,4,23,0.22151334030022718,4.47857550212521,45,6,1,0,3,0,Benign,0
1,0.012760983791554947,1,0,0,7,27,0.15291189340204248,1.7291175658524067,39,8,7,0,2,0,Benign,0
1,0.030895682735101928,0,1,2,7,29,0.30231237445284626,0.5534256733894048,42,12,2,0,0,1,Benign,0
2,0.020382447401928683,0,1,2,6,27,0.201688816188854,1.8088898856571491,39,9,0,0,1,0,Benign,0
1,0.017888936066281946,1,0,0,4,26,0.14369938388204612,4.9291236922123725,38,15,3,1,1,0,Benign,0
2,0.05259871120566738,0,1,0,3,31,0.18102571211729654,3.4745935930002805,43,9,1,0,2,0,Benign,0
1,0.013835726257678815,0,0,0,8,20,0.20050540509367956,0.8424774521529887,34,14,1,0,0,0,Benign,0
1,0.011110040256213064,0,0,1,1,24,0.006491050446664803,10.584812804969497,31,8,1,0,1,0,Benign,0
3,0.07664701681636789,0,0,0,4,30,0.09190572845634162,4.996278212412387,40,6,1,0,1,0,Benign,0
2,0.003246925282211436,0,0,1,3,30,0.3365064797959656,2.1706144658894564,39,10,1,0,2,0,Benign,0
3,0.7478279595686602,1,1,0,8,5,0.050013355288117435,0.4161747110529712,94,5,0,8,0,17,Attack_InsiderSabotage,1
1,0.3825824409268995,5,6,244,587,20,0.8692792213041415,92.65795279174002,23,8,146,2,53,2,Attack_DataExfiltration,1
2,0.04302238834259564,0,0,3,6,16,0.05500367610670986,3.323734449491998,41,11,1,0,0,0,Benign,0
2,0.1367363591520856,1,0,1,4,20,0.0993690017581087,7.049519376483495,43,13,1,0,1,0,Benign,0
4,0.016670498383117016,0,0,0,6,28,0.09158619828397932,3.1589536774372764,34,11,1,0,3,0,Benign,0
1,0.011989463956888668,1,0,0,9,24,0.115065064930768,0.9207691340701419,43,12,0,0,1,0,Benign,0
3,0.02435871174283852,0,0,1,4,17,0.36760869563364895,22.26512817299857,51,3,4,1,1,0,Benign,0
7,0.4776417954885811,8,4,277,612,22,0.7742369866597705,142.5096265659742,26,7,164,2,55,0,Attack_DataExfiltration,1
1,0.001961158945662636,0,0,0,3,27,0.06551955773754901,1.84973778081147,42,9,2,0,1,0,Benign,0
2,0.025400934476906015,0,0,0,2,21,0.2140564649464316,7.353601693572637,42,9,1,0,0,0,Benign,0
1,0.027033482475682324,0,1,1,6,18,0.07103789323448052,4.269570467154037,31,10,0,0,2,0,Benign,0
2,0.007313379566697966,1,0,1,3,23,0.05638663471001495,8.082549419030585,43,8,2,0,3,2,Benign,0
1,0.16072553111795795,1,0,0,4,20,0.19370160882237847,2.0553434722705117,42,13,1,0,5,0,Benign,0
4,0.8350076357094965,8,9,268,611,11,0.9345271002561907,142.795189155484,28,3,186,0,47,1,Attack_DataExfiltration,1
2,0.004616920485087295,0,0,1,8,28,0.10246557178915823,1.2903142522942024,44,4,2,0,4,1,Benign,0
2,0.024066303468018385,0,0,2,1,24,0.13191572335240356,1.13156674501023,43,13,1,0,2,0,Benign,0
1,0.008691441134607717,1,0,0,1,17,0.11765513082035087,0.24975345608237515,33,12,1,0,2,0,Benign,0
3,0.11119099609226431,0,0,0,5,24,0.08129096390763478,1.5160060048106996,40,16,2,0,0,1,Benign,0
3,0.049413017506566036,0,0,1,1,18,0.15816482445058297,1.208300047956924,30,8,2,0,1,1,Benign,0
3,0.47431071740259945,4,6,245,601,18,0.8271049292185679,164.50453648747063,24,4,171,1,42,2,Attack_DataExfiltration,1
2,0.055263967740585535,0,0,1,8,33,0.2424936064598168,0.8814801980804416,36,7,1,1,1,0,Benign,0
1,0.016247750170527427,0,0,0,3,28,0.0819908084447381,1.1816417216548927,38,6,2,0,1,0,Benign,0
1,0.034941556021961515,0,0,2,6,27,0.13341736538189763,0.7746977739613018,34,9,2,0,3,1,Benign,0
1,0.0568569013519355,0,0,0,7,22,0.04141552197331513,1.6529925281545703,40,12,2,0,2,0,Benign,0
1,0.061691854053357954,1,0,0,6,23,0.08824607673745333,0.138497096573973,30,4,3,0,0,1,Benign,0
1,0.15424653592535598,0,0,1,5,28,0.2791005119453041,0.5809043231087675,30,14,3,0,2,0,Benign,0
2,0.013606448529299028,0,0,0,7,22,0.09428937865498838,7.797295608787824,40,14,2,0,1,1,Benign,0
2,0.38741034346073266,2,1,0,13,6,0.06959441020958561,2.0211761665693,78,4,1,17,0,18,Attack_InsiderSabotage,1
2,0.020471605661126886,0,0,1,11,21,0.11042930491030144,3.9898693451303533,39,5,2,0,1,1,Benign,0
2,0.03608457174804851,0,0,2,1,31,0.26190338956524467,21.708697358001963,49,9,4,0,2,1,Benign,0
9,0.3745491253218313,1,0,0,7,7,0.018152311039803425,1.1992464816368806,102,4,3,15,0,22,Attack_InsiderSabotage,1
1,0.17686631891119634,1,0,1,5,28,0.03159041762886172,2.4993599862599485,37,12,2,0,0,0,Benign,0
1,0.7542494426426887,7,4,270,618,19,0.9168813103781641,241.4934921578522,18,6,181,0,61,0,Attack_DataExfiltration,1
1,0.8885181743272867,1,5,246,614,14,0.8526667334459058,307.63105565922547,16,5,173,1,33,0,Attack_DataExfiltration,1
2,0.03228583346698446,2,1,0,6,24,0.28177954637422165,10.592760411021098,42,8,2,0,1,0,Benign,0
2,0.08232363760267733,0,0,0,2,20,0.10250454920536306,2.177106093066789,51,14,1,0,2,0,Benign,0
1,0.8523690119848695,6,6,249,607,15,0.8792403556524597,107.02374242594392,23,8,172,1,38,3,Attack_DataExfiltration,1
1,0.12242388665134578,0,0,0,8,19,0.24212762958658327,1.4629884854929662,34,7,3,0,0,1,Benign,0
3,0.7226209871657885,3,0,0,10,7,0.0002061387437273952,4.228007566218818,101,10,2,15,0,20,Attack_InsiderSabotage,1
2,0.061256155151571,0,0,1,4,24,0.25206001342440404,1.8005754693348013,34,5,0,0,0,2,Benign,0
1,0.036026545596264774,0,0,0,7,29,0.12493577796254933,6.405381825496539,25,12,3,1,2,0,Benign,0
1,0.072010000355303,0,1,0,3,24,0.2531429336381272,2.6797197914377264,31,11,1,0,0,0,Benign,0
1,0.01918475932698361,1,0,1,4,25,0.01140700323889486,2.0109174198211477,48,11,6,0,0,0,Benign,0
1,0.13480879653425393,0,0,1,3,26,0.08663961188664425,0.9412077008130644,47,10,3,1,0,0,Benign,0
1,0.014917346676285711,0,0,1,7,23,0.04243848747482653,28.557523306902407,39,12,3,0,0,0,Benign,0
1,0.10533645370967493,0,0,0,6,25,0.05677673554303751,0.5704183170702849,37,8,1,0,1,1,Benign,0
1,0.8379032345292111,7,7,256,612,15,0.7877953207113433,193.25277869705275,22,2,169,0,55,3,Attack_DataExfiltration,1
1,0.012298954582076905,0,0,0,5,24,0.11266452814531744,1.4741781092342703,42,8,1,0,0,0,Benign,0
1,0.029467107952401497,0,0,1,6,29,0.17428830959775543,0.8463336951546472,44,14,1,0,2,0,Benign,0
3,0.6869219291349657,3,1,0,16,5,0.007130679578206087,1.5442233154949057,113,4,1,9,0,20,Attack_InsiderSabotage,1
1,0.0074664542516413865,0,0,0,4,23,0.13054381787954233,1.1528281725761436,30,10,5,0,1,1,Benign,0
4,0.28615529166091913,2,1,0,16,6,0.08703874735219745,12.368588743901201,108,6,1,14,0,27,Attack_InsiderSabotage,1
3,0.058056976502612524,0,0,0,2,21,0.06705322664796505,2.9886452438055255,43,12,1,0,0,1,Benign,0
1,0.11578678482243805,1,0,0,3,26,0.08345711324711799,1.7970299476519882,44,10,0,0,1,1,Benign,0
2,0.06317966022773165,0,0,4,7,17,0.25294372441710683,7.381009443547118,35,10,4,1,0,0,Benign,0
4,0.04824790593305961,0,0,0,2,14,0.17316851778063966,0.32952531592933537,51,9,2,0,1,0,Benign,0
2,0.006183674485937197,0,0,1,2,28,0.09605489947247482,2.0014459424444992,45,5,3,0,0,1,Benign,0
3,0.049005145555113316,0,1,0,4,34,0.16063888730948978,4.79105367956098,40,13,0,0,0,0,Benign,0
1,0.005033676390379538,0,0,0,2,24,0.2124774149824833,2.142653440947263,49,12,1,0,3,0,Benign,0
1,0.6112428368108959,5,3,269,596,15,0.7686870715570877,56.17822835975555,24,1,169,0,33,0,Attack_DataExfiltration,1
1,0.060088207788330655,0,0,0,3,16,0.19714487479394294,4.556227278198622,41,10,0,0,0,0,Benign,0
2,0.04407109423706483,0,0,1,8,16,0.027142308309290996,2.0897226149364614,34,5,3,0,0,0,Benign,0
3,0.06373556323523401,0,1,0,7,22,0.24599023054332372,5.7863081976543755,29,7,3,0,0,0,Benign,0
4,0.5812943150042447,1,5,223,593,12,0.9014337189032667,130.9724592799526,20,9,168,2,50,3,Attack_DataExfiltration,1
2,0.1094470918740438,0,0,1,6,24,0.12023344518217127,2.3572626557517617,34,11,1,0,0,1,Benign,0
1,0.9594608736857748,7,6,250,644,22,0.7768548937056448,143.9324741772928,17,5,176,1,51,0,Attack_DataExfiltration,1
1,0.019159376395177546,0,0,1,5,24,0.0957087998564586,1.2513937905395753,50,8,0,1,1,0,Benign,0
2,0.020974033556128327,0,0,1,6,22,0.32268629595483894,3.283113264947595,36,9,2,0,0,0,Benign,0
1,0.0813365767469513,0,1,1,7,19,0.040762159119984785,14.749122371502803,46,11,4,0,1,0,Benign,0
2,0.09079503823447924,0,0,2,3,37,0.13436311672555293,2.3980129000124855,43,7,1,0,1,0,Benign,0
2,0.09655018152337892,0,0,0,5,19,0.14811361140262452,0.9841075262030137,33,7,2,0,0,0,Benign,0
1,0.008273532572447161,1,0,1,5,25,0.19935770786698184,1.0274759272620286,45,17,3,0,0,0,Benign,0
2,0.022521166200392694,0,0,0,7,22,0.03671469212432118,5.0249666237671375,36,8,3,0,0,0,Benign,0
1,0.035923791242257405,0,0,1,5,29,0.11406777701007124,3.3550135974027593,37,10,5,0,1,0,Benign,0
1,0.0561015770812797,0,0,0,5,24,0.08730441840244436,2.124599044598286,44,12,3,0,2,0,Benign,0
3,0.6829511361663799,6,5,245,568,10,0.8970677708969814,137.52054954044564,25,5,184,1,53,0,Attack_DataExfiltration,1
1,0.043432245312194036,0,1,1,4,21,0.1560830114981522,1.2424538347204113,32,10,4,0,1,0,Benign,0
2,0.07346753236643629,0,1,1,7,22,0.21948417475799822,0.6193848292387244,42,6,3,0,1,0,Benign,0
1,0.016628699075488283,0,0,2,10,30,0.1627715437677045,0.22878574269620225,41,13,1,0,0,2,Benign,0
1,0.017765254962736603,0,0,0,2,28,0.46853415996787523,2.305306548361819,44,13,6,0,0,0,Benign,0
1,0.038614594601326574,0,1,0,3,24,0.17693570116470755,2.8330854362840987,34,8,1,0,2,0,Benign,0
1,0.08428437227097735,0,0,0,3,24,0.22079191265008072,2.015388119948255,40,14,1,0,0,0,Benign,0
1,0.018539749244750867,0,0,0,8,25,0.03174560882911497,2.1353060582314547,35,11,1,0,0,0,Benign,0
2,0.012992222265437288,1,0,0,6,28,0.04491015477932586,4.40240754915632,43,10,4,0,0,1,Benign,0
1,0.0036961603073599352,0,0,0,10,22,0.029581346412711235,2.0281695013216687,34,7,3,0,0,0,Benign,0
10,0.5541648267409097,4,0,0,8,8,0.06099637308542027,1.039975365779612,96,5,0,12,0,14,Attack_InsiderSabotage,1
2,0.15743796501206983,0,0,0,2,28,0.49043915496788065,2.144626656934265,41,10,3,0,1,1,Benign,0
1,0.01879894886589701,0,0,0,6,30,0.1167473554480335,3.100240520275545,36,12,1,0,0,1,Benign,0
2,0.5892111861471614,4,13,256,606,12,0.7682235088802941,93.02023297515133,25,3,163,0,46,2,Attack_DataExfiltration,1
1,0.0031847326995492315,0,0,0,6,21,0.14411417956700698,4.051876423626424,35,9,2,1,1,0,Benign,0
3,0.05401305458801208,0,2,0,4,26,0.5433875753895883,1.4272020827627618,43,13,2,0,1,0,Benign,0
3,0.05624593742526997,1,0,0,2,28,0.20084578756615784,6.60549134649156,36,13,3,0,0,0,Benign,0
1,0.004134928668009792,0,1,2,5,26,0.061700224055798544,3.3639866988270892,34,7,3,0,3,0,Benign,0
2,0.0310407395170033,1,0,1,5,17,0.28904065184917016,1.4947618773730902,38,13,1,0,0,0,Benign,0
1,0.007343162542531433,1,1,1,2,27,0.1589475738728251,2.2798669950967794,33,9,1,0,0,0,Benign,0
2,0.0483834927636344,0,0,0,1,24,0.18732858370930552,1.3060068160913159,56,12,1,0,1,0,Benign,0
1,0.008878021128162274,0,1,1,7,35,0.27050451469454245,5.029335063646132,38,9,3,1,2,1,Benign,0
1,0.015806742219911372,0,0,0,7,27,0.22015872902905856,0.2024598784280634,52,12,2,0,1,0,Benign,0
3,0.13545213794215683,0,1,0,4,27,0.2743756640079562,10.192738168594612,25,12,4,0,3,1,Benign,0
2,0.07734763245927932,0,1,0,6,31,0.20037565281454153,3.3833893579500303,36,11,1,0,1,0,Benign,0
1,0.005362708395874847,0,0,1,4,33,0.14875432908743355,6.241392025722685,47,10,1,0,0,0,Benign,0
1,0.008859836022143068,2,1,1,5,25,0.08735260101568713,1.129505190616048,42,11,0,0,2,0,Benign,0
1,0.012577990312909597,0,0,0,5,21,0.14149968712488784,1.7381953601186542,36,13,1,0,0,0,Benign,0
3,0.9268766933543637,7,6,271,598,20,0.6647973079295239,304.230736580018,16,5,174,1,42,1,Attack_DataExfiltration,1
1,0.054742701048100195,0,0,0,3,26,0.1059403294012713,1.2962141637956281,36,12,0,0,1,0,Benign,0
2,0.015987998708572763,0,1,0,3,34,0.023703985181717027,0.9108432535776931,37,14,2,0,0,0,Benign,0
2,0.04239932211339196,0,0,1,6,29,0.1296622862087698,0.4032227878250949,54,8,2,0,0,0,Benign,0
2,0.007658940535980253,0,0,0,5,31,0.152097142284857,5.5864761452606695,40,9,1,1,4,0,Benign,0
1,0.02178783384683424,0,0,0,4,24,0.10451219880602113,5.531144843292293,44,9,3,0,4,0,Benign,0
2,0.031148165918533106,0,1,1,5,18,0.12227626891077323,4.01874464871754,36,9,6,0,3,1,Benign,0
1,0.03817756641875272,0,0,0,2,33,0.07097674371390432,1.630085943862424,35,12,1,0,0,0,Benign,0
2,0.06375171731366469,0,1,0,4,24,0.1339233501060449,2.2052197617935936,46,9,3,1,0,1,Benign,0
3,0.07944821650152525,0,0,0,3,28,0.19727166154112447,2.0543501864733247,50,15,2,0,1,1,Benign,0
1,0.03287999108024416,0,0,1,7,28,0.19024286653101916,1.7747051738496669,52,14,4,0,1,0,Benign,0
1,0.002865079442920321,0,0,0,7,24,0.061626675468028365,4.134161401537973,40,12,1,0,0,0,Benign,0
1,0.029505381944356122,0,0,0,4,32,0.07968661831848806,6.628445039788421,36,11,1,3,0,1,Benign,0
1,0.004951777405801358,0,0,0,0,36,0.044018265156860525,4.283449360537594,44,8,3,0,0,1,Benign,0
1,0.06036826107711169,0,0,0,5,22,0.06945652408235393,0.7166770838127702,39,8,2,0,0,0,Benign,0
1,0.021764497261464195,0,0,0,2,21,0.11602736642344527,1.8593152040761487,42,5,2,0,0,0,Benign,0
1,0.08440502906561508,0,0,0,3,27,0.0872564417000021,6.936381850207155,44,11,1,0,0,0,Benign,0
1,0.017797284580857123,1,1,0,4,26,0.09879214330387454,4.962711076457186,38,8,1,0,1,0,Benign,0
1,0.039765336766590345,0,0,1,5,19,0.12002499810685122,1.9083647873762979,40,11,5,0,0,0,Benign,0
3,0.07689071177611852,1,0,0,5,21,0.08240254537427436,1.9490360882190516,36,6,2,1,4,0,Benign,0
3,0.3450744299332006,4,1,0,11,3,0.23363761870671115,1.1191372126831558,102,2,0,11,0,18,Attack_InsiderSabotage,1
3,0.0433839491482257,0,0,1,9,33,0.08102502705621244,1.6436602026780232,41,9,1,0,0,0,Benign,0
6,0.0761809493093491,0,1,1,7,28,0.02961048961909116,1.0126965112997035,42,11,1,0,0,0,Benign,0
3,0.5621197360502036,9,9,249,583,17,0.9330174895138742,141.54631924033148,20,0,158,1,46,2,Attack_DataExfiltration,1
1,0.01481180945578035,0,0,1,4,27,0.038475314672233446,2.7749039157949658,46,8,3,0,1,1,Benign,0
1,0.03099220486667143,0,0,2,3,22,0.3514351441690931,3.460795692106483,42,14,6,0,0,0,Benign,0
2,0.004399817099319788,0,0,1,6,28,0.3519308507197041,1.4452006339799233,41,6,1,0,0,0,Benign,0
3,0.06557805887870537,0,1,1,0,25,0.11340379235478251,0.2917063230105029,43,4,3,0,0,0,Benign,0
2,0.8589321558738624,5,6,266,564,10,0.877469080814316,109.91357415892489,20,9,164,1,40,0,Attack_DataExfiltration,1
3,0.002887347452168852,0,0,0,5,21,0.034069556046704426,1.4113957349892208,39,8,2,0,1,1,Benign,0
4,0.07890974834447226,0,0,2,6,24,0.12733370697068033,2.4496963314771105,42,11,2,0,1,0,Benign,0
1,0.06543476947274238,0,0,1,3,19,0.08242769202658783,2.2348032399648226,33,7,3,0,1,0,Benign,0
4,0.2704505029459308,1,1,0,11,8,0.001082476357017271,2.628013924717477,86,7,1,16,0,19,Attack_InsiderSabotage,1
1,0.023142859972795464,0,1,1,6,27,0.29489711369041566,6.252798786010517,39,8,1,0,0,1,Benign,0
1,0.022938528384536788,0,0,1,6,26,0.1640705003000913,0.8614501184601763,47,7,2,0,1,0,Benign,0
1,0.059963524069863605,0,0,0,4,22,0.18671284756555204,1.4425546770391342,29,11,1,0,1,0,Benign,0
2,0.05414133893203098,1,0,0,6,23,0.14676410373843826,0.9929133322716686,39,9,4,0,1,1,Benign,0
2,0.007540800670635871,0,0,0,4,25,0.28607182756979044,3.088828172503808,44,10,2,0,2,0,Benign,0
3,0.025606322489290675,0,1,0,5,25,0.3955036213287419,1.9018317050578601,30,7,0,0,0,0,Benign,0
1,0.1156929549579207,0,0,0,3,19,0.05522191496092206,2.4228117007458425,38,13,3,0,1,0,Benign,0
1,0.040413906572216184,0,0,1,6,29,0.24974350056421682,0.7074589506148996,33,10,4,0,1,0,Benign,0
6,0.5977837725793914,2,2,0,7,4,0.09554916481885159,1.7967100682729156,91,6,2,13,0,17,Attack_InsiderSabotage,1
2,0.00016705882032419297,0,0,0,6,24,0.03637125866745945,4.923198156099607,34,12,3,0,3,0,Benign,0
4,0.0013852044529935213,0,0,0,10,32,0.27313815551871584,1.5852728377963268,41,10,2,0,0,0,Benign,0
1,0.0034454679637469215,0,0,0,8,30,0.2460388673236271,4.074214487465705,34,12,2,0,1,1,Benign,0
3,0.027219859602684054,0,0,0,8,27,0.21063989234613384,11.015770027634913,41,8,3,1,1,0,Benign,0
3,0.028306125480656103,0,0,0,8,40,0.3353688908186429,14.96785556357572,49,6,2,0,3,1,Benign,0
1,0.03081538332504574,0,0,1,7,20,0.07345950906503225,4.0670314896523045,40,9,6,0,0,0,Benign,0
1,0.013333457860791438,0,0,0,4,24,0.007114781918864851,2.8838162419882094,34,16,1,2,1,0,Benign,0
3,0.06599613699362306,0,0,0,3,32,0.11026934582019149,1.6050807814793286,45,7,1,0,1,1,Benign,0
1,0.01101232029446015,0,0,0,8,21,0.33278655812198443,13.488099951139155,39,4,2,0,1,1,Benign,0
2,0.0790611939705911,0,0,1,3,24,0.17083187455437343,1.077467592384042,38,13,1,0,0,0,Benign,0
4,0.846545922498137,2,4,260,599,23,0.8691360781789821,140.6383657993666,21,6,165,2,54,0,Attack_DataExfiltration,1
1,0.0067226134472689455,0,0,0,6,37,0.140332649161745,5.205543261935962,40,8,3,0,0,2,Benign,0
1,0.0873763389210885,0,0,1,3,29,0.06999769357762957,5.144538867102436,49,11,2,0,1,0,Benign,0
2,0.048818551425134867,1,0,1,4,38,0.240050673911601,5.992857082946362,33,16,2,0,1,0,Benign,0
1,0.027353437116528333,0,0,1,7,27,0.11630549319731229,1.151946576856597,39,10,1,0,0,0,Benign,0
2,0.042825311421722,0,0,0,6,35,0.4294032500400569,16.776764449598502,40,7,3,0,4,1,Benign,0
2,0.009287609929933697,0,0,1,2,28,0.07924503474862418,1.6324146288664556,41,14,1,0,1,1,Benign,0
3,0.07519020306539465,0,0,1,4,28,0.1873610174037672,5.015419749296565,31,8,2,0,0,0,Benign,0
2,0.05192542160824303,0,0,1,3,23,0.08443381674778881,2.1877074207434615,42,11,3,0,1,0,Benign,0
3,0.018859841392434396,0,1,1,8,33,0.04700616851384067,2.206221821821988,31,13,3,0,0,1,Benign,0
1,0.006656882554016375,0,0,0,6,29,0.11793271826113998,0.24907190490622233,36,14,1,1,4,0,Benign,0
2,0.11173022903469144,0,0,1,2,27,0.14073691014385595,1.121947582039729,29,9,1,0,0,0,Benign,0
6,0.7565656719140819,5,1,0,14,4,0.09793952382834326,0.1421682819302904,99,7,1,23,0,23,Attack_InsiderSabotage,1
6,0.01444016672743201,0,0,0,3,23,0.06774028159039562,7.46965262246526,33,12,1,0,1,0,Benign,0
3,0.030927403759087972,0,0,0,7,29,0.08677552327725994,7.490585545215512,23,7,0,0,0,0,Benign,0
2,0.0366331823214116,0,0,2,8,36,0.2128045452793159,10.822909043153599,31,8,3,0,1,0,Benign,0
2,0.02408228657773661,0,0,0,5,32,0.32699449524810453,3.128809481967164,32,8,2,0,1,1,Benign,0
1,0.02649310607642852,0,1,0,4,22,0.1333108974081889,1.4172575945414543,35,7,2,0,0,0,Benign,0
1,0.011004083551252273,0,0,2,6,23,0.04011775130403345,0.5845306813608663,34,14,0,0,1,2,Benign,0
1,0.01846587888773336,1,0,1,4,24,0.12010621238015101,5.913848258511536,42,9,4,0,0,1,Benign,0
4,0.5404280357814135,1,12,235,600,12,0.8224460109841506,142.54796688748775,18,4,182,1,65,1,Attack_DataExfiltration,1
3,0.07827800061875345,1,1,0,7,33,0.35045498301042466,12.342263946260665,49,4,1,0,0,0,Benign,0
1,0.012340586176898349,1,0,0,1,33,0.1735394661285497,4.108301409823137,42,9,5,0,0,0,Benign,0
1,0.031594003360063204,0,0,1,7,17,0.06778777158512732,4.196443289278024,40,18,2,1,1,1,Benign,0
2,0.03728044139214506,0,0,0,4,28,0.10183605265365267,0.7531291048049753,34,11,1,0,0,0,Benign,0
1,0.5313038430475934,6,5,242,568,20,0.836829082583722,140.99671001831408,25,1,170,1,43,0,Attack_DataExfiltration,1
1,0.890187847542485,3,5,261,621,18,0.7424689438349488,133.00101434349725,27,1,156,3,34,1,Attack_DataExfiltration,1
2,0.03294559143179899,0,0,0,5,20,0.17689282446291957,2.5787257682695492,39,10,3,0,1,0,Benign,0
2,0.01262273143654803,0,0,0,7,17,0.1807346479228211,1.4031637470707297,43,9,4,0,0,0,Benign,0
1,0.8237738775196175,9,8,248,595,14,0.8780707128322414,188.83377742662577,18,6,172,1,44,4,Attack_DataExfiltration,1
1,0.004882678201413672,2,0,0,4,31,0.23062517861692966,4.383599536405456,45,11,3,0,1,1,Benign,0
1,0.1352880756900341,0,0,0,5,30,0.1685589573627312,4.682306191156941,46,11,2,0,4,0,Benign,0
2,0.02429649203511003,0,0,1,3,18,0.04295979868627519,8.866016624488093,38,10,1,0,2,0,Benign,0
1,0.13556075537299087,0,0,2,3,31,0.1049288926453917,6.636796310857952,45,11,5,0,0,0,Benign,0
1,0.2772654010029872,0,0,0,5,24,0.06449797560010073,9.163007736800944,39,13,0,0,1,0,Benign,0
2,0.05160352084638374,1,0,0,1,28,0.20412181791138653,1.1303250331793129,47,10,2,0,0,1,Benign,0
1,0.07603200750663727,2,1,1,5,22,0.2562854907141909,0.5733268251371649,43,10,2,0,2,0,Benign,0
1,0.057487798562192535,0,0,2,5,40,0.11341706369881249,20.01220358452694,34,7,3,0,1,0,Benign,0
1,0.020268570595983363,0,0,0,5,32,0.0995165181534854,5.3039874544953705,40,13,2,0,0,1,Benign,0
1,0.05456409758651888,0,0,0,12,20,0.19851349833867615,0.7882593591481671,44,8,3,0,1,0,Benign,0
1,0.011430603569324118,0,0,0,4,21,0.4564509266123786,3.6990748882600335,39,12,2,0,2,0,Benign,0
1,0.6504658143570076,10,6,244,576,9,0.8329010538080746,79.30274688115995,22,8,184,2,51,1,Attack_DataExfiltration,1
1,0.06835943525130599,0,0,0,4,27,0.059148774304270055,6.273120842283595,29,12,1,0,4,0,Benign,0
3,0.03532880226797112,0,1,0,3,26,0.10357964863682667,3.788936085055542,51,10,3,0,1,1,Benign,0
7,0.4616973740467651,3,0,0,10,2,0.121192148810567,5.014252847609928,86,3,0,16,0,28,Attack_InsiderSabotage,1
1,0.05318137413539448,0,0,1,5,20,0.12038169600852675,2.170829894598365,43,10,4,0,0,0,Benign,0
1,0.08887004289318917,0,0,0,9,41,0.2003731883545461,1.8559507973595892,41,8,2,0,0,0,Benign,0
1,0.15662656740378966,0,0,0,4,21,0.16223643226643708,2.095548094314365,37,9,1,0,1,0,Benign,0
3,0.05491912587953153,0,0,2,2,24,0.17272968336844532,53.007140622333,41,9,4,0,1,0,Benign,0
3,0.4146353817030504,3,0,0,13,2,0.13054241496923719,0.7323652200973367,111,3,3,9,0,19,Attack_InsiderSabotage,1
3,0.05975549836885268,0,0,0,5,26,0.07607341108459238,22.650517807875556,40,9,0,0,1,0,Benign,0
1,0.03634993559545245,0,0,0,4,19,0.1761712913595166,1.6857665639675594,34,7,2,0,3,0,Benign,0
1,0.06844541944945584,0,0,0,8,29,0.10080839345974414,3.2864761315416375,41,9,2,0,2,0,Benign,0
1,0.019570914083621122,1,0,0,8,31,0.09148755773899825,1.6054216976869866,35,24,0,0,1,0,Benign,0
1,0.1530132104370606,0,0,1,3,32,0.1453231607849269,1.8067861719035951,39,8,1,0,0,0,Benign,0
4,0.0014552121291223036,0,1,0,7,31,0.0827241207690103,9.06375810595754,51,10,4,0,2,0,Benign,0
1,0.02401315762745777,0,0,1,5,31,0.0628075329865997,2.7621911259671057,48,11,1,0,0,0,Benign,0
2,0.09163956323753208,0,0,2,6,28,0.10415690844784112,1.262818894239151,37,13,2,0,0,0,Benign,0
2,0.02370870081197141,0,0,0,4,31,0.15559512700255654,4.314590166731542,35,9,1,0,0,0,Benign,0
2,0.0017326868566226504,0,0,1,6,27,0.03404835444174448,2.7067232352723134,37,9,0,1,0,0,Benign,0
1,0.39785179300619766,0,0,0,4,15,0.09606156214825097,1.4452112468600053,30,11,0,0,0,0,Benign,0
2,0.021256701368111648,0,0,0,0,28,0.2294534589624449,1.4184408677392164,44,14,1,0,1,0,Benign,0
2,0.007685626734259577,0,0,0,3,38,0.48243962112154337,0.7330729335948252,37,8,1,0,0,0,Benign,0
2,0.04058296724814476,1,0,0,8,19,0.12110785393065505,0.31618594330521876,39,3,1,0,1,0,Benign,0
1,0.030908919225392892,0,2,0,4,17,0.11134219346550908,1.2850309132814828,44,12,0,1,0,0,Benign,0
3,3.783066328578225e-05,1,0,1,3,27,0.06266435462482685,18.292648116804173,39,9,1,0,1,1,Benign,0
3,0.010618903142638173,0,0,1,2,18,0.19818463542525416,2.3341666742352745,47,7,0,1,1,0,Benign,0
4,0.08757018317236881,0,0,1,5,26,0.08174175909020161,5.162697201419988,39,10,0,0,0,1,Benign,0
3,0.7079978770862944,2,13,261,610,13,0.8517485162270522,208.9189832129345,21,5,183,3,47,2,Attack_DataExfiltration,1
1,0.027073978327646322,0,0,2,4,26,0.14685714982026282,1.2122727733046652,41,11,2,0,1,1,Benign,0
1,0.06272992437878772,0,0,2,6,22,0.03439733298782558,7.860235475768528,39,5,1,0,0,0,Benign,0
2,0.029297327052411865,0,0,0,9,17,0.2483533892171257,3.583699181482564,37,9,2,2,2,0,Benign,0
1,0.03492519058387301,0,0,0,3,32,0.552304129043694,0.9393894377233383,35,12,1,0,1,1,Benign,0
1,0.03729621559247669,0,0,0,1,26,0.21787991820284547,2.3745605625197026,48,8,1,0,1,1,Benign,0
3,0.03688950039198555,0,0,0,1,28,0.06223604876525105,3.9594558414848535,43,9,2,1,0,0,Benign,0
2,0.020825248813244088,1,2,0,3,24,0.091006743171752,2.8077242968702616,35,6,1,0,1,0,Benign,0
2,0.09236932256046781,2,0,0,10,26,0.06288472918176348,5.156198639309173,31,7,0,0,1,0,Benign,0
1,0.020346927944050415,0,0,0,3,24,0.15646827763149554,2.697596317255711,42,9,2,0,1,0,Benign,0
1,0.03051992636170542,0,0,2,4,22,0.14429077284905262,14.07726616786155,44,7,1,0,1,1,Benign,0
1,0.07618390264261958,0,2,1,3,38,0.16482750351860678,0.8227201565172014,30,9,3,0,0,0,Benign,0
1,0.005420639802623845,0,0,0,4,24,0.01971351145963021,7.950256010561493,40,8,3,0,3,0,Benign,0
1,0.019845656503981603,1,1,1,3,35,0.11176675266256714,0.8504616001648377,44,11,3,0,1,0,Benign,0
2,0.016305668988375245,0,0,2,5,30,0.10208033336375313,2.838509128786981,37,9,2,0,0,0,Benign,0
3,0.8282781588627091,6,7,252,583,13,0.8066624267257071,129.20960795660812,22,2,175,1,56,0,Attack_DataExfiltration,1
2,0.006898215845486735,1,0,0,4,27,0.06275258806277176,0.6735648809912997,42,10,1,1,0,0,Benign,0
2,0.03424010233848887,0,0,0,6,18,0.07244447844618847,1.4821456655062546,50,7,0,0,0,0,Benign,0
1,0.1373876704515926,0,0,0,8,32,0.17543624416910084,4.353571249765928,35,12,1,0,2,0,Benign,0
1,0.018227237453052592,1,0,1,3,30,0.12264026631937948,2.452316109976444,29,13,2,0,0,0,Benign,0
2,0.02135683710329054,1,1,1,4,36,0.25257823997227835,4.147483116493065,53,8,4,0,2,1,Benign,0
1,0.005879288486029257,0,0,1,4,23,0.07874879891088131,1.320159268432056,42,7,3,0,1,0,Benign,0
1,0.8309284242530839,7,6,254,650,12,0.8417956696591413,93.8202729462605,11,6,172,2,53,1,Attack_DataExfiltration,1
3,0.13280047431633651,0,1,0,6,21,0.045840004411769435,0.9361490513493067,42,8,2,0,2,0,Benign,0
2,0.049585862640245434,0,0,1,3,24,0.23939488837293743,2.031602017589882,46,10,4,0,2,0,Benign,0
4,0.019915767972649604,0,1,0,6,26,0.31389241938648926,7.248579366897838,36,8,2,0,0,0,Benign,0
2,0.03982129769794089,0,0,0,7,25,0.06969344445259983,1.5306556411276584,28,9,2,0,0,0,Benign,0
9,0.6037567609152135,4,1,0,8,7,0.09761903639988674,0.5759472852210089,99,2,1,12,0,18,Attack_InsiderSabotage,1
3,0.07645719343181381,0,0,0,9,36,0.10150337447544248,6.608953835930777,48,6,1,0,1,1,Benign,0
2,0.050166329700879655,0,0,0,9,27,0.32749625984710506,10.077867482282699,44,16,4,0,1,0,Benign,0
1,0.05487783549374625,1,0,2,5,26,0.20678392941827414,0.7416570686728465,35,10,1,1,0,0,Benign,0
3,0.05860523385181967,1,0,0,6,26,0.020466867286708566,1.8767155520298302,44,11,2,0,1,0,Benign,0
1,0.0024955730415281625,0,1,1,5,25,0.06924234877787645,2.6400895899947243,49,8,4,0,1,1,Benign,0
2,0.03943761966850625,0,1,0,3,32,0.2017850549759817,2.7723544118596757,42,8,2,0,1,1,Benign,0
1,0.035567861907881734,1,0,1,6,29,0.08158915486070037,1.9479880007498862,39,7,3,0,1,1,Benign,0
2,0.005204235105586866,0,0,0,4,29,0.07570066518646054,0.1682683458831518,29,3,3,0,2,0,Benign,0
1,0.02069206214141546,0,0,2,5,34,0.15271812312382338,6.080423626450037,39,9,1,0,0,1,Benign,0
2,0.08319378640616729,0,1,1,3,29,0.11352381372130355,0.6009011214857544,34,10,3,0,1,0,Benign,0
1,0.024784150056601662,0,0,0,4,20,0.23551180652729553,15.28371335226256,24,13,3,0,1,1,Benign,0
1,0.11899516384235016,0,0,0,3,17,0.08906989935842678,2.9912157869311633,42,5,3,0,0,0,Benign,0
1,0.08177084969988693,0,0,1,1,22,0.27792044013664763,1.3144285271081446,40,16,3,0,2,1,Benign,0
1,0.06173664058166801,1,1,1,5,34,0.10596617063790909,2.0501706818418612,47,8,1,0,1,0,Benign,0
1,0.0019349502889574528,0,0,1,9,21,0.136930212058228,12.856460631704987,36,5,3,0,1,0,Benign,0
1,0.007597070461703232,0,0,0,5,28,0.16054275887906666,2.28398322132101,41,13,2,0,3,0,Benign,0
6,0.0398267387271686,0,1,0,3,32,0.1074725191815995,3.3016078722585003,37,13,2,0,0,1,Benign,0
2,0.006157759866473032,0,0,0,5,19,0.15689968928899103,1.0412423525548868,31,4,3,0,0,1,Benign,0
5,0.4080216899937905,2,1,0,12,4,0.1090519636855736,1.9524364569342803,107,4,0,10,0,17,Attack_InsiderSabotage,1
2,0.7199120635698497,2,4,253,592,13,0.6051365381390615,270.19001228986707,15,5,163,0,47,0,Attack_DataExfiltration,1
1,0.03511426829756621,0,0,1,4,26,0.24237040665479329,4.0686494934464665,44,9,6,0,2,2,Benign,0
1,0.008479651143511756,0,2,0,3,18,0.13398754746657354,2.210086061212557,47,7,1,0,1,0,Benign,0
1,0.023462089139616366,0,0,1,7,23,0.11323248058959719,0.9596457157273514,33,6,0,0,1,2,Benign,0
1,0.06263990382507194,0,0,0,6,22,0.20458221952676334,2.731074659428222,45,5,3,0,2,0,Benign,0
5,0.7300518770900294,0,1,0,7,2,0.061925059061019604,4.4609819797862915,126,4,1,14,0,12,Attack_InsiderSabotage,1
1,0.019421938618565192,0,1,2,2,24,0.15376345376157494,2.4996033237662663,46,16,1,1,1,0,Benign,0
2,0.01845672168071761,0,0,0,3,21,0.23684007579701552,5.6542226129467235,36,11,0,0,0,0,Benign,0
1,0.5412596942926859,5,7,236,632,11,0.8902993688134252,188.25187150759058,27,4,168,1,57,1,Attack_DataExfiltration,1
1,0.03040951016633724,0,0,1,6,22,0.12041482962056396,0.6567317007043879,38,10,3,0,2,0,Benign,0
1,0.007376322354273787,0,1,0,3,26,0.10628029839562639,10.510090944610745,43,10,1,0,0,0,Benign,0
1,0.054675296345674064,0,0,0,4,22,0.16512423696018264,12.413928265446582,29,12,1,0,2,0,Benign,0
1,0.028837736459280335,0,0,0,4,30,0.43821393384532276,0.4522312302621089,29,12,4,0,0,0,Benign,0
3,0.20880635796048055,0,0,0,4,21,0.44159230436308416,8.72677630940897,43,9,1,0,0,0,Benign,0
5,0.5979428985703588,4,0,0,14,4,0.004283897045962503,1.1528002962563264,125,5,0,17,0,18,Attack_InsiderSabotage,1
4,0.045906911659264325,0,1,1,6,21,0.04885060095651028,1.186132504360091,40,11,2,0,1,0,Benign,0
3,0.03405282856446161,1,1,0,3,26,0.4739557851112132,2.8829767431265645,45,11,1,0,0,0,Benign,0
2,0.12695675434504766,0,0,0,1,31,0.12295379309010537,9.340990624819435,44,15,1,0,1,0,Benign,0
1,0.0395902356491866,0,0,0,4,22,0.18978053073864345,0.8189270368972706,42,12,1,1,2,0,Benign,0
4,0.001039618834345655,1,0,1,11,19,0.19518367287503058,9.28740479380441,53,11,1,1,1,1,Benign,0
1,0.05307828448910974,0,0,0,7,22,0.09951410561910654,3.5097511484880166,40,10,2,0,2,0,Benign,0
1,0.009740008915970329,1,0,2,2,25,0.027901359871210913,2.334689317146153,37,13,3,0,1,0,Benign,0
3,0.02477941060529365,0,0,1,2,33,0.18610057717600836,1.6241962733533082,38,14,3,0,3,0,Benign,0
1,0.14195921576757017,1,0,0,5,23,0.13845161894649063,16.76794728751147,41,4,0,0,1,0,Benign,0
1,0.10967675571602807,0,1,1,3,22,0.24933114442705662,3.824437612694092,44,8,0,1,0,0,Benign,0
2,0.004777160080196756,1,0,0,3,24,0.17910532601083848,1.620442885985549,49,10,1,0,1,0,Benign,0
3,0.01692113525316658,1,0,0,10,21,0.1528285747978408,8.256760153616968,40,10,1,0,2,1,Benign,0
1,0.022496497382062705,0,0,0,6,14,0.11989886418428164,3.750602604321562,38,7,0,0,0,1,Benign,0
1,0.18585835612318874,0,0,2,3,39,0.29624690544693294,1.3759034386931188,42,14,1,0,2,1,Benign,0
2,0.7488692221296135,3,5,224,600,16,0.9377733259948681,131.61595640835048,19,7,183,0,49,1,Attack_DataExfiltration,1
4,0.019991871168107418,0,0,3,8,32,0.2047762183059492,3.566421194203793,44,7,3,0,0,3,Benign,0
2,0.07621554990384237,0,0,1,1,24,0.28673637984360595,2.2843195322334826,35,7,4,0,0,0,Benign,0
1,0.009730234786975949,1,0,2,3,25,0.04265876735266021,2.694045260732533,43,15,1,0,3,0,Benign,0
4,0.08196087876092702,0,0,2,4,17,0.18771327643825378,0.5884966453481978,46,10,4,0,2,2,Benign,0
5,0.05221580024477991,1,0,1,10,22,0.07136332266679157,1.8752574174684593,38,9,4,0,1,0,Benign,0
1,0.03007307045715266,0,0,0,4,28,0.1295111838949326,0.7640569946314069,40,10,3,0,3,1,Benign,0
2,0.08935626836943271,0,0,0,4,32,0.08573376919827617,35.37003477668985,42,12,3,0,1,0,Benign,0
2,0.04974660275717564,0,0,0,4,21,0.10565661157195386,0.4286920986099959,40,10,6,0,4,0,Benign,0
2,0.010334185208098479,0,1,0,2,28,0.06743589239927261,1.2864444384499392,34,4,2,0,0,0,Benign,0
1,0.571620005806321,4,7,234,651,14,0.8129840299508123,76.76677563933701,23,6,163,1,51,0,Attack_DataExfiltration,1
1,0.03262397872363253,0,0,0,8,31,0.22128776697627833,3.73136079117213,39,8,2,0,0,0,Benign,0
1,0.8543276814559099,7,6,247,563,25,0.8374395206909143,214.9107110585306,22,5,166,0,59,1,Attack_DataExfiltration,1
1,0.04453797666930239,0,0,0,5,23,0.11271295428131484,3.161637657239521,34,10,4,0,0,1,Benign,0
4,0.06994735003064902,0,0,0,10,29,0.21610999435572859,11.496165843623768,45,8,2,0,2,0,Benign,0
1,0.007117172765485035,1,0,1,4,26,0.22085663880211007,2.6360566308165834,38,9,4,1,2,0,Benign,0
1,0.023296450807041246,0,1,0,2,27,0.023638449721293323,0.9582153205665878,47,9,2,1,2,0,Benign,0
1,0.0032445113087001443,0,0,1,4,29,0.11482969349153371,2.7949186054585717,40,13,1,0,1,0,Benign,0
1,0.02183195912995598,0,0,0,6,24,0.12143414860853101,2.753632877171189,46,5,1,1,2,1,Benign,0
4,0.9758771652463524,2,5,257,598,9,0.8086441573957914,117.195288733882,19,7,175,2,38,1,Attack_DataExfiltration,1
1,0.007374546495915828,0,0,1,9,29,0.26733397192336456,1.0364696150568478,47,14,3,0,1,0,Benign,0
6,0.42336227058053116,1,0,0,12,6,0.013228217870819542,0.20926785038855353,93,9,0,12,0,18,Attack_InsiderSabotage,1
1,0.42814749645193845,7,6,231,623,25,0.8464805586761155,110.71271380229814,22,4,171,0,50,0,Attack_DataExfiltration,1
1,0.023072505948909288,0,1,1,5,22,0.2624872637336506,0.6032845138110552,49,9,1,0,0,0,Benign,0
1,0.02921312996062041,0,1,0,6,22,0.37347620401108894,1.026158822048945,40,4,3,0,2,1,Benign,0
1,0.019282760405950502,1,0,0,3,25,0.1789299707105185,1.132035531436571,44,8,1,0,1,0,Benign,0
2,0.01886626931788191,0,0,0,7,24,0.16358143685126167,8.723873532571822,36,9,1,0,0,0,Benign,0
1,0.01673523846637994,0,0,0,4,27,0.23449847946285202,0.2509516637761037,32,7,3,1,0,1,Benign,0
1,0.010805561471530663,0,0,1,4,27,0.1226257152940509,1.430664133507566,32,10,1,0,1,0,Benign,0
1,0.021611531943285266,1,0,0,3,25,0.010803833429570007,2.726779718573558,43,10,2,0,3,1,Benign,0
4,0.11135961361653016,0,0,0,6,24,0.24552004012211795,19.692616358859237,41,12,2,0,0,0,Benign,0
2,0.03788570199982492,0,0,0,5,22,0.2091063974213229,2.7777907377579543,35,6,2,0,1,0,Benign,0
3,0.061272838755320934,0,0,0,6,19,0.20726984089501777,0.7586528092922119,49,8,2,0,1,0,Benign,0
3,0.0647263853589112,0,0,1,3,24,0.03643177020597154,18.150013810094663,48,7,2,0,3,1,Benign,0
2,0.0836328927517194,0,0,1,9,23,0.053210182729242675,1.801648592020691,40,10,1,1,1,1,Benign,0
1,0.019018600549616085,0,0,0,6,26,0.09443846449016041,5.371516312794943,32,13,0,0,2,0,Benign,0
1,0.02180923678717391,0,0,1,2,27,0.1517344253437949,0.5771272834632865,40,10,3,0,1,0,Benign,0
1,0.11160347620073938,1,1,1,7,23,0.0701686144971554,0.8352292280354193,40,5,0,0,0,0,Benign,0
2,0.4768982571054725,6,6,270,632,13,0.9103513023766473,298.50092980596753,21,11,152,2,45,0,Attack_DataExfiltration,1
2,0.04607582063537552,1,0,0,5,22,0.015856763404982304,0.10690246010550511,35,10,0,0,0,0,Benign,0
2,0.03563856649445772,0,0,0,4,17,0.2133793220340682,0.7768638810849019,39,9,4,0,1,0,Benign,0
2,0.025601553081706207,0,1,1,5,34,0.20871743474895949,3.683843662740156,50,9,2,1,1,1,Benign,0
1,0.0028752794782341985,0,1,1,6,27,0.07952324903890212,0.33507004889551484,39,15,2,0,0,0,Benign,0
2,0.0022063837228932996,0,0,0,6,32,0.057520740993914105,0.9956446731035361,34,11,0,0,0,0,Benign,0
1,0.09496103596632838,0,0,0,6,24,0.060471882426970124,5.323430734378379,38,5,1,0,1,1,Benign,0
1,0.8270780231228152,7,8,255,594,16,0.8794382331029801,86.25123906919501,18,7,171,0,48,3,Attack_DataExfiltration,1
2,0.039447644481510884,0,0,0,7,29,0.10460787482045757,4.935174901015064,43,7,1,0,0,1,Benign,0
2,0.0719865661650023,0,0,0,6,25,0.07969258816785872,14.850703951764226,44,8,3,0,2,0,Benign,0
1,0.06788532499487691,0,0,0,10,24,0.04294309791410708,0.9561984625686704,37,11,1,0,1,0,Benign,0
3,0.03815665871541769,0,0,1,7,25,0.07911399125906474,0.8120346831628876,50,12,2,0,1,0,Benign,0
1,0.004260205558034479,0,0,0,6,21,0.0916372028179213,13.04405343231438,40,5,2,0,1,0,Benign,0
1,0.12424271307694615,0,0,0,5,28,0.21965574961550155,4.145859771379687,30,9,2,0,5,0,Benign,0
1,0.00121815783216144,0,0,2,10,29,0.1732580689470384,31.925479086683197,44,13,1,0,0,0,Benign,0
1,0.049117934696704064,1,0,3,3,23,0.14519086400522857,18.00560441486942,37,9,2,0,0,0,Benign,0
2,0.005364310682388398,0,0,3,8,31,0.38846107086962145,7.477929744005944,42,17,4,0,2,1,Benign,0
3,0.005805795201419994,0,0,0,3,24,0.09492108370750856,2.93591818620448,46,8,2,1,1,1,Benign,0
1,0.05289174878943218,0,1,0,5,23,0.14733996565730742,0.8519205451360872,31,14,1,0,1,0,Benign,0
2,0.034002188304398884,0,0,1,8,32,0.2582200123073169,1.486507235260107,41,12,2,0,2,0,Benign,0
1,0.03736920949780448,1,0,1,9,23,0.07434955790592318,4.669411384127951,56,8,1,0,1,0,Benign,0
2,0.012310604572561175,1,0,0,6,35,0.08192210778843505,6.666473859598649,37,11,1,0,0,1,Benign,0
4,0.005258913454640778,0,0,1,3,30,0.08510972783341161,2.348856778557768,42,11,1,0,1,1,Benign,0
1,0.014053898379204136,0,1,0,1,25,0.34301535940925987,5.892150469299318,53,6,1,0,1,1,Benign,0
1,0.0401218333537575,0,0,0,4,25,0.3581946730021643,3.8640913761476186,48,9,1,0,0,0,Benign,0
4,0.012860786353255342,1,0,0,5,29,0.4546388269571205,0.9791160446809941,39,13,3,0,0,0,Benign,0
1,0.0007320911443838021,0,0,1,7,24,0.14595416797449903,1.995971616975824,24,11,2,0,1,0,Benign,0
4,0.06540304941396027,0,0,0,3,25,0.08838654683238514,1.4152587431505033,39,17,0,0,0,0,Benign,0
1,0.0013090124072264648,0,0,1,6,21,0.16854048439563887,5.576202125129965,35,13,0,0,1,0,Benign,0
2,0.040568284663977966,0,0,1,6,26,0.14538426882650612,2.780290958866137,47,10,1,0,0,0,Benign,0
1,0.004994872024246848,0,1,1,2,20,0.3331775633986405,0.7850888234976184,44,4,3,0,1,0,Benign,0
1,0.012635016930054492,0,0,1,6,27,0.012485603099275199,10.803124924310334,39,17,3,0,0,1,Benign,0
2,0.16843968018072458,0,1,0,3,21,0.25449688645490837,1.3531785724612637,32,9,3,0,1,0,Benign,0
2,0.039327957953595824,0,0,2,3,21,0.06473486486999272,2.2940573489009766,40,9,5,0,1,0,Benign,0
2,0.00850395169415579,1,1,2,4,28,0.2476854888531212,4.249161431483769,41,11,2,0,2,0,Benign,0
3,0.03757057177074025,1,0,2,5,26,0.26049382474121086,0.4724755525818372,42,12,1,1,1,0,Benign,0
1,0.001424336467368951,1,0,1,4,23,0.1300648262047537,1.3738457707185179,33,11,5,0,0,1,Benign,0
2,0.036047883385756534,0,0,0,10,25,0.32073806775603997,7.888199132620146,33,10,5,0,1,0,Benign,0
2,0.09549380049173783,1,0,0,8,23,0.2883628994609635,7.221113240291649,37,10,1,0,4,1,Benign,0
2,0.06694150597779798,0,0,0,8,30,0.17483382731976527,2.856689838382568,38,12,3,0,1,0,Benign,0
1,0.0833900015931659,0,0,0,7,26,0.061912901871889144,3.4218735570244787,34,13,2,0,0,0,Benign,0
5,0.04169016965917319,0,0,0,7,18,0.27209554222805077,3.7012145333075224,33,10,1,0,2,0,Benign,0
1,0.06784889954282701,0,0,1,4,23,0.07867882055354476,5.825385066722673,56,10,3,0,0,0,Benign,0
1,0.046187600231330055,0,0,0,6,35,0.11371230399113161,3.7351393429100304,34,7,1,0,0,0,Benign,0
1,0.003264863794129958,0,0,1,1,25,0.16489156576953728,0.9958902670184961,45,7,5,0,1,0,Benign,0
1,0.03266214523535739,2,0,0,6,22,0.17607844208492718,2.7181372365831695,47,16,1,0,0,0,Benign,0
4,0.08046295119830407,0,0,0,2,22,0.1545395116970362,3.4666718745038385,33,9,2,0,0,1,Benign,0
1,0.8093774289203309,5,6,264,607,15,0.737921809163912,122.68620383834501,27,6,155,2,51,2,Attack_DataExfiltration,1
1,0.03869827754708835,0,0,0,4,23,0.10342281792715091,1.9032518782124046,42,15,1,0,0,0,Benign,0
4,0.004680424234133242,0,0,0,3,20,0.1276201716607403,0.9570286925800582,46,11,2,0,0,0,Benign,0
1,0.09309646344486071,0,1,1,4,18,0.25559387376580806,3.2521560207353537,38,7,0,0,0,0,Benign,0
6,0.11626007368371659,1,0,1,7,19,0.08318352558633732,3.1565207287885046,52,12,3,0,0,0,Benign,0
4,0.009172128380876554,0,0,1,6,21,0.1859120778196855,16.779560420641516,34,11,0,1,0,0,Benign,0
1,0.01697651969355938,0,0,0,8,25,0.13934506199682195,7.477701757237189,48,10,2,0,1,0,Benign,0
2,0.014631054560302548,0,0,1,4,28,0.0733888779253851,2.571313503538413,39,10,3,0,0,0,Benign,0
1,0.008327551934458676,0,1,0,3,31,0.06116660444824339,0.5711919662397282,46,11,5,0,1,0,Benign,0
4,0.07274070464008717,0,0,0,6,24,0.25689113349558806,2.2205400436874334,35,6,1,0,0,0,Benign,0
1,0.06646447719055106,0,1,0,6,22,0.13057643612222705,0.92477076370543,34,13,4,0,1,0,Benign,0
2,0.12623802972151937,0,0,0,4,30,0.18556771078433512,4.292917475803525,50,11,4,0,2,0,Benign,0
2,0.03976838740078144,1,0,1,3,29,0.23467277249032337,1.1062048071757093,34,9,3,0,1,0,Benign,0
2,0.1989760519439207,0,1,1,6,23,0.17227397619960189,5.398251129715735,30,11,2,0,3,1,Benign,0
3,0.08767897743831611,0,0,0,6,21,0.32187399267596334,4.1983787960612355,43,8,3,0,1,0,Benign,0
1,0.03553420678934046,0,0,0,4,31,0.3543250083249855,0.7904429242996043,37,8,3,0,0,1,Benign,0
1,0.04693633454855528,0,0,1,7,17,0.08271718546095418,0.23465721002456627,39,8,1,0,1,2,Benign,0
1,0.038095425016602194,0,0,0,3,33,0.19376269950504565,0.8433440578237412,32,13,0,0,1,0,Benign,0
1,0.010733744061752403,0,0,0,3,18,0.2234301423300347,2.33876153129022,36,12,2,0,0,0,Benign,0
2,0.06732426195615168,0,0,0,4,21,0.4660001073437159,1.857381594660732,33,15,2,0,0,0,Benign,0
1,0.05133867079789883,0,0,0,4,18,0.1524583390607561,7.557457452288521,44,16,0,0,0,1,Benign,0
2,0.0903002828768792,0,0,1,3,29,0.2071134418604318,2.1723893813317794,42,5,2,1,0,0,Benign,0
1,0.026055884292631903,0,0,0,6,24,0.28946839062201846,1.6233268854335612,44,14,1,0,0,0,Benign,0
4,0.05360942111141004,0,0,1,5,16,0.33816200803513463,8.532536140754095,45,12,1,0,1,0,Benign,0
1,0.10448331745104834,0,0,0,6,19,0.039316801127959156,1.842337036036584,33,18,1,0,0,0,Benign,0
1,0.11520807867370317,0,1,0,6,25,0.043286601309840834,3.27299620297553,32,11,2,0,2,0,Benign,0
1,0.05719283575167085,0,0,0,10,26,0.009605034963164082,1.284035866249325,38,12,5,0,3,0,Benign,0
2,0.007665791853209454,0,0,0,2,29,0.14944129625930536,17.91384635225048,38,10,2,0,1,1,Benign,0
6,0.3200843015713979,3,0,0,5,5,0.02874470363183817,1.105654797665354,97,2,1,16,0,18,Attack_InsiderSabotage,1
1,0.0011772283565740565,0,0,1,3,27,0.15464819320141393,1.2925108318402077,45,8,3,0,2,1,Benign,0
1,0.05333578533306644,1,0,1,6,29,0.26286657662769414,2.291886610374826,48,7,1,0,1,0,Benign,0
1,0.037737187428769206,0,0,1,5,26,0.23761620099025416,11.058032659722516,30,8,4,0,2,0,Benign,0
2,0.7148376681110851,6,6,274,624,18,0.7225047744500308,66.59789688309604,17,5,159,1,42,0,Attack_DataExfiltration,1
2,0.08115934705176145,0,0,2,6,16,0.18608848781350334,1.3298288172652086,42,2,2,0,1,0,Benign,0
1,0.04297181681348214,0,0,0,7,29,0.07236069132323512,1.3644755628508753,33,10,2,0,0,0,Benign,0
1,0.021669160556138756,0,1,0,4,21,0.14217964784164314,8.119129506961364,39,7,3,0,2,0,Benign,0
4,0.005406975243439397,0,2,0,5,18,0.05631764065755387,3.874024795220953,46,8,1,0,0,0,Benign,0
3,0.060389596701701694,0,1,0,6,16,0.18209045665457047,8.685894004114562,35,10,1,0,0,0,Benign,0
4,0.4012065937245162,5,1,0,8,6,0.05942449466900077,0.185277590247427,96,3,0,12,0,26,Attack_InsiderSabotage,1
1,0.0024799490601468224,0,0,0,5,18,0.19057697341713897,0.9323425213379313,35,8,2,0,2,0,Benign,0
2,0.049225224346383954,0,0,2,4,28,0.041644690509148125,4.66327545181315,34,10,8,0,1,0,Benign,0
1,0.010973367812517015,0,0,0,9,40,0.3290978145977108,2.0539652791691543,53,3,2,0,1,1,Benign,0
1,0.08266529188737304,0,0,3,3,23,0.1536254561522845,2.2895570208419755,40,9,1,0,0,0,Benign,0
1,0.059215750610918556,0,0,0,5,22,0.18414627161460723,1.4655843085180784,37,18,3,0,0,0,Benign,0
1,0.009695136759540833,1,1,0,10,19,0.5003945939691877,8.242874149474458,37,13,1,0,0,1,Benign,0
1,0.08192140257397258,0,1,1,3,32,0.08124121011079083,7.131569044845402,38,14,3,0,1,0,Benign,0
1,0.003102928518663518,0,1,0,2,24,0.3156009844274185,4.362992009639072,45,17,6,0,1,0,Benign,0
1,0.029120485551683527,1,1,0,6,30,0.14047009226884596,2.881545650514347,47,12,1,0,1,0,Benign,0
1,0.008832322961129438,0,0,1,3,21,0.07370865229222141,2.3730711976991645,46,6,0,0,0,1,Benign,0
4,0.1710417545412019,1,1,0,5,22,0.09594192077780568,0.3574466199957404,46,11,2,0,0,0,Benign,0
5,0.4104714179863906,1,0,0,9,9,0.0046007503884852455,0.13606717344554362,103,3,1,17,0,17,Attack_InsiderSabotage,1
5,0.05442317587744411,0,0,2,3,18,0.09825957217340708,1.0234878658660609,40,7,0,1,2,1,Benign,0
1,0.0732354924929007,0,0,2,3,21,0.16185052417666992,0.8063262203094007,44,6,1,0,0,0,Benign,0
3,0.03940700013169531,0,0,0,8,29,0.05213865124672314,11.264811110669143,32,15,2,0,0,0,Benign,0
1,0.0429532649789462,0,0,0,4,23,0.35444957590422993,1.748299147059356,50,11,1,0,1,0,Benign,0
1,0.0010462996079269864,0,0,0,6,16,0.1593886644265146,1.1309123705731143,42,8,2,0,1,0,Benign,0
1,0.03278696971296154,0,0,0,2,36,0.23334550326534867,10.697620408093591,33,6,1,0,0,2,Benign,0
1,0.04954815805989054,0,0,0,5,34,0.07082048405468258,0.5981685456457815,38,13,1,0,1,0,Benign,0
1,0.06916986017718309,0,1,0,7,20,0.37161630652475525,3.0968382190517305,38,15,0,0,1,1,Benign,0
1,0.039635509964484214,0,0,0,12,31,0.12327109693643538,9.215858281654338,27,19,1,0,0,0,Benign,0
1,0.028714215042531705,0,1,0,8,24,0.17815374766577377,1.0738966559228442,43,10,0,0,0,1,Benign,0
11,0.4663427832492582,3,1,0,12,4,0.003689829799988065,0.3136770977941786,109,8,1,14,0,18,Attack_InsiderSabotage,1
2,0.5727078310920433,9,4,244,559,11,0.6876546626459908,150.4432222962145,15,4,157,0,53,2,Attack_DataExfiltration,1
1,0.028166788468058594,0,0,0,6,15,0.17892362823629945,8.876967922461692,40,6,4,0,1,0,Benign,0
2,0.05684730789944609,1,0,0,6,28,0.12075988195967899,3.1154653346470824,41,13,1,2,3,0,Benign,0
1,0.0030094823876237607,1,0,0,4,35,0.22128962173588868,8.12719286932545,33,5,3,0,0,1,Benign,0
1,0.003262446574679068,1,0,0,3,19,0.005798872616873351,1.2408969400104857,53,10,2,1,1,0,Benign,0
3,0.015129263961665395,1,0,1,3,26,0.12877654748687725,0.9069074443982309,33,6,2,0,1,2,Benign,0
1,0.022365073813170527,0,1,0,4,31,0.11244979288809986,3.667200523257417,56,8,3,1,0,0,Benign,0
1,0.0017260841057999956,0,0,0,7,20,0.14917122670145339,2.7616814067996738,29,8,2,0,1,0,Benign,0
1,0.005958418580936809,1,0,0,4,22,0.12324882937776659,2.4905138896824397,44,8,3,0,0,0,Benign,0
1,0.0614468776170087,0,0,0,5,19,0.10575177256820693,5.400502125802064,47,8,3,0,0,1,Benign,0
4,0.15245452081110972,0,0,1,4,26,0.19080700384373392,3.8941287460622944,29,16,6,0,2,2,Benign,0
1,0.047389939504991346,0,0,2,6,38,0.1780426551529862,2.824994860456618,35,10,3,0,1,0,Benign,0
2,0.07932929796252418,0,1,0,5,16,0.11879929885494098,4.739915685775349,43,9,1,0,0,1,Benign,0
5,0.7052923264384622,3,6,249,589,24,0.8187759715538524,91.4054182870408,16,8,169,1,64,1,Attack_DataExfiltration,1
3,0.0006884809098281845,0,0,1,7,27,0.11730151699317444,5.3550110099892505,36,15,2,0,1,0,Benign,0
3,0.8637541429935174,5,10,246,621,13,0.7904853932465127,201.48260270437632,20,8,158,0,60,1,Attack_DataExfiltration,1
2,0.7538764905248856,5,8,260,623,17,0.7263907999859768,181.1070743788953,26,5,157,2,45,4,Attack_DataExfiltration,1
1,0.028378865112694204,1,0,1,6,24,0.20659436662431463,2.640875344811342,37,10,0,0,2,0,Benign,0
1,0.14313836596777718,0,0,1,8,17,0.2160377780584719,3.162671542101536,39,15,0,0,0,0,Benign,0
4,0.7664562029119787,1,0,0,10,4,0.0743941952683096,3.0728349329899927,110,3,1,17,0,19,Attack_InsiderSabotage,1
2,0.07123797005657351,0,0,1,4,23,0.10568806294630342,0.6630684813182737,42,5,1,0,1,0,Benign,0
3,0.009019881831753677,1,0,0,7,31,0.07628620532856219,1.466488367612319,31,8,2,0,1,0,Benign,0
1,0.002314995597464316,1,0,1,10,27,0.10265539036534205,0.9193003707253427,45,13,4,0,1,1,Benign,0
2,0.7649822002747829,4,8,271,609,13,0.8834200825292868,157.3270663743974,13,2,166,3,52,1,Attack_DataExfiltration,1
1,0.061189123807358525,0,0,0,7,18,0.09825421602474511,0.5390689305810508,37,8,2,0,0,0,Benign,0
1,0.024203900994907185,0,0,0,9,28,0.08816719123952792,1.0946770647071722,41,13,1,0,2,0,Benign,0
2,0.0008434590645588382,1,0,1,3,16,0.17728169036821806,1.0431968784667687,34,10,7,0,0,0,Benign,0
1,0.07337219448625551,1,0,0,4,30,0.16225225805431795,4.50670563878654,34,8,4,0,2,0,Benign,0
2,0.03457815736935495,0,0,2,3,28,0.0949254247944949,0.7839833638770359,36,10,0,0,0,0,Benign,0
1,0.9331085495937235,5,7,229,606,9,0.8349941757872672,176.50062066769607,16,4,180,1,47,1,Attack_DataExfiltration,1
1,0.029023605247382164,1,0,0,6,31,0.08859471508281651,5.839960245819306,47,8,4,0,3,0,Benign,0
1,0.06854166322869527,0,0,2,7,32,0.18401945464455344,1.1275362140140426,43,5,0,0,0,0,Benign,0
2,0.03669294170577428,2,0,1,3,24,0.08775682428086068,6.201346478511776,38,14,2,0,0,0,Benign,0
1,0.5266733878364307,3,9,246,599,17,0.9416728482352228,133.79706046348838,20,7,157,0,68,1,Attack_DataExfiltration,1
2,0.014838646904201667,1,0,0,6,19,0.19908155216754223,0.9389417019659818,39,18,1,0,1,0,Benign,0
1,0.02980821312401353,0,0,0,4,22,0.11982285531970341,3.3373150367064524,35,12,3,0,0,0,Benign,0
2,0.001924615296202826,2,0,1,8,38,0.2728985334970987,3.17642853696891,40,2,1,0,0,0,Benign,0
1,0.07553736627887815,1,1,1,8,31,0.07145441720146399,3.4115234900170353,31,10,2,0,1,0,Benign,0
2,0.09541971706563084,0,0,2,6,22,0.19858943665941645,0.4774071337083787,35,6,2,0,0,1,Benign,0
1,0.09649591130087835,1,0,0,5,24,0.18524400381237804,2.5295227317084152,40,11,2,0,2,0,Benign,0
2,0.002431703082971723,0,0,0,3,23,0.2954477293104652,7.130056472937412,38,11,0,0,1,0,Benign,0
3,0.009554663247587183,0,1,2,9,20,0.4062295094986094,0.5780641317039229,45,9,1,0,1,0,Benign,0
1,0.976650605953861,2,3,251,590,15,0.607311710238943,117.58602249095982,19,6,184,1,52,3,Attack_DataExfiltration,1
1,0.008648421643216225,0,0,1,2,28,0.20736954507332883,1.3591187002830514,46,7,5,0,0,0,Benign,0
1,0.006164871472107702,2,0,0,5,25,0.22025303322665302,2.740079769501963,33,11,1,0,0,1,Benign,0
1,0.06257725675692602,0,0,0,4,25,0.13847184676445723,2.8713956927053537,28,11,2,0,0,0,Benign,0
1,0.6800988132431088,5,4,246,625,19,0.8284712813232212,195.26976862365743,23,12,170,2,54,0,Attack_DataExfiltration,1
2,0.6289586086323856,10,4,231,599,13,0.913863317596934,127.38127031420055,19,3,155,2,65,2,Attack_DataExfiltration,1
1,0.0372121253676551,0,0,0,3,21,0.0346148429483587,1.2864641289217145,45,15,1,1,0,0,Benign,0
5,0.011198839203443993,1,1,0,7,32,0.13401278334930047,3.725451907188738,37,6,4,0,4,0,Benign,0
2,0.09595086124481667,2,0,0,2,16,0.18599810486810434,5.994249837802565,42,12,2,1,2,1,Benign,0
2,0.007607893034527108,1,0,0,5,25,0.08424274884374607,6.685159179021987,35,17,0,0,1,0,Benign,0
3,0.7075121776756875,7,8,241,616,14,0.8074191440048061,101.14956300908253,23,7,169,1,31,1,Attack_DataExfiltration,1
2,0.008993977756297789,0,1,1,3,24,0.3132615659413964,1.2070132040459225,42,6,0,1,1,1,Benign,0
1,0.11186602188797964,0,0,1,7,30,0.036661106808157706,1.1436102781591937,43,8,1,0,0,1,Benign,0
1,0.8218374986316502,4,6,260,645,11,0.724516617613761,331.5621859462014,19,5,183,0,50,1,Attack_DataExfiltration,1
1,0.006207497563578505,0,0,0,8,31,0.05121700769548333,2.9804154824789264,43,8,3,0,0,0,Benign,0
1,0.030070979395646145,0,1,0,9,15,0.30963533378619124,1.1560713532101887,34,17,3,0,0,1,Benign,0
1,0.08916215527697043,1,0,0,6,21,0.27107048450600313,10.409102464075474,35,8,3,0,1,0,Benign,0
5,0.46801205021250014,9,7,263,617,16,0.7490542872612191,156.21599068986058,16,4,168,1,56,1,Attack_DataExfiltration,1
2,0.10462538573455797,0,0,0,8,12,0.15196855758428113,11.195508719413487,49,8,1,0,4,1,Benign,0
1,0.09094248033726836,0,0,0,5,19,0.3215682272599922,11.97318658623355,46,14,3,0,1,0,Benign,0
2,0.025112734450879665,1,0,3,5,20,0.1057106304818288,2.189059874519304,42,5,3,0,1,1,Benign,0
4,0.0493835074610938,1,0,0,3,22,0.2049248640304139,9.327093013491039,28,11,3,0,0,1,Benign,0
2,0.018767397105701963,1,2,0,4,23,0.17148920908413817,12.654365786944219,31,6,3,0,1,0,Benign,0
1,0.0515265551778626,0,1,0,5,29,0.12643072731794908,1.778270590172536,42,8,3,0,1,0,Benign,0
1,0.03412711586102411,0,0,0,3,26,0.17201948378106569,5.388647493241388,40,11,1,0,0,0,Benign,0
1,0.11402984622038861,0,0,0,6,24,0.11832521489482052,1.7764896891793658,36,10,3,0,2,1,Benign,0
1,0.08028190978550523,0,0,0,5,33,0.14277045431828844,3.244432400071395,35,15,0,0,2,0,Benign,0
1,0.23080453706153956,1,0,1,6,32,0.12388501570167468,1.2651576870397265,25,13,0,0,2,1,Benign,0
4,0.44834946642617624,5,1,0,7,5,0.11755297033763562,3.6043356170353165,100,5,0,9,0,20,Attack_InsiderSabotage,1
3,0.04203595562892023,0,0,0,2,19,0.38003173896185827,1.813836056329565,40,12,4,0,1,0,Benign,0
0,0.14235260080371467,2,0,0,11,4,0.027726469836024267,2.0210229714362016,85,2,1,23,0,14,Attack_InsiderSabotage,1
1,0.028222373991426283,0,1,3,7,27,0.020695389684136273,6.728409732187515,36,13,2,0,0,0,Benign,0
1,0.01203206033398217,0,0,0,4,28,0.3164846098133935,3.2877565976724012,40,11,2,0,1,0,Benign,0
1,0.04008338120815326,0,0,0,5,22,0.20928393525511363,21.53226984136727,52,12,3,0,1,0,Benign,0
1,0.006444707817561731,0,0,0,6,33,0.09260738371749783,1.7483157321700473,40,13,3,0,1,0,Benign,0
1,0.000731682782395435,0,0,0,6,29,0.1774031954135578,0.9707770845074635,43,12,0,0,0,0,Benign,0
7,0.17858848831396068,2,0,0,11,13,0.026217564201693022,1.1613950812069336,101,6,1,18,0,20,Attack_InsiderSabotage,1
3,0.060499737295881664,1,0,1,2,19,0.43003033192583884,4.988058461175213,44,17,0,0,0,1,Benign,0
1,0.024457456018532275,0,0,1,6,25,0.2524647328216729,1.4320418466266056,36,17,3,0,0,0,Benign,0
4,0.011199810102992184,0,1,3,2,28,0.27477408503349765,5.668770078767357,36,8,3,0,1,1,Benign,0
3,0.9278174035113184,6,7,234,615,13,0.7146175310803087,54.77099838441307,27,5,166,1,47,1,Attack_DataExfiltration,1
2,0.08944815535109933,0,1,0,8,24,0.05906251982120145,10.073099860506826,39,15,4,0,2,1,Benign,0
2,0.0657486459730346,0,0,0,4,16,0.04843401371524737,1.3600799659451484,39,12,5,0,4,0,Benign,0
5,0.3675692387284267,4,1,0,10,2,0.11401466876920986,2.1176716501203585,86,3,1,18,0,14,Attack_InsiderSabotage,1
3,0.030245601891317943,0,0,0,0,29,0.08404450808611423,3.0230033021299354,42,9,1,0,0,1,Benign,0
2,0.053244097612003,0,0,0,5,32,0.026896774538586177,2.8054736345052893,40,8,0,0,1,0,Benign,0
1,0.019196775880320333,0,0,0,5,21,0.0747352570898687,4.667149960496624,32,13,0,0,0,0,Benign,0
2,0.005725010104851295,0,0,0,2,23,0.12301098800640531,0.9260469472421253,36,10,5,0,4,0,Benign,0
1,0.022718825741629724,0,2,1,7,24,0.25107969766460914,0.43553744378272474,47,8,3,0,1,1,Benign,0
3,0.028970318361990537,0,0,1,5,20,0.12209895943409972,7.345875628584488,34,9,1,0,1,0,Benign,0
2,0.15842612594227778,0,0,0,7,30,0.24895132086296134,2.4720184715349616,41,12,2,0,3,1,Benign,0
4,0.0044729338633531434,1,0,2,7,22,0.09548730723465336,6.022746524885678,37,7,1,0,0,0,Benign,0
1,0.860565110006383,4,5,235,576,8,0.9043758595995288,117.70642756270689,26,3,187,2,51,0,Attack_DataExfiltration,1
1,0.00396201922715612,0,0,1,5,23,0.1836245513885712,1.1066685940961474,37,12,4,0,3,0,Benign,0
4,0.036725987940689965,0,1,2,3,16,0.15915272791267834,5.720739764445098,58,8,1,0,0,0,Benign,0
1,0.7612395569356791,6,5,267,610,14,0.9519816330279073,94.43243686140576,16,5,165,1,51,0,Attack_DataExfiltration,1
1,0.08883877823117858,1,0,0,6,31,0.2866040113522467,0.651248339307855,45,11,4,0,1,0,Benign,0
3,0.0753586242246191,0,0,0,4,24,0.3108786924468344,2.2456778288694594,39,7,1,0,0,2,Benign,0
1,0.013946705148105542,0,0,0,2,25,0.12162416740746557,1.0535345296941967,27,5,4,0,0,0,Benign,0
1,0.04014073645605318,0,0,1,3,15,0.09819630043547675,0.541136546700897,28,10,3,0,0,0,Benign,0
3,0.07015112620086156,0,0,1,11,35,0.08135822586991731,13.075944894728742,42,6,3,1,2,0,Benign,0
1,0.08970688267846158,0,0,0,5,31,0.15141239269596854,2.7225987162872687,42,14,3,0,1,0,Benign,0
4,0.03172022550239071,0,0,0,3,30,0.057936932410808696,6.460096112183932,32,11,5,0,0,0,Benign,0
2,5.6161705930964705e-05,0,0,1,4,36,0.15809274457216735,3.0428149806578952,43,10,1,1,0,0,Benign,0
1,0.43993330442653006,5,4,240,614,16,0.8548722045652688,150.06379970663735,21,2,172,0,46,1,Attack_DataExfiltration,1
1,0.026946597031430295,0,0,1,2,33,0.15653639287315044,15.720813671479378,42,14,3,0,1,0,Benign,0
7,0.800975283922695,2,1,0,7,7,0.0047841701927861515,0.11929008544170744,102,3,2,24,0,17,Attack_InsiderSabotage,1
2,0.005722244565035927,0,0,0,2,30,0.20097002670869407,0.9524303738141304,42,10,4,0,1,0,Benign,0
1,0.0006353039786981862,0,0,0,4,27,0.05567322285429347,4.075389981480126,36,8,2,1,0,0,Benign,0
2,0.0718626683179174,0,0,1,5,31,0.005904554557942605,0.6190932110891209,38,12,1,0,2,2,Benign,0
1,0.014597315835600876,0,0,0,6,34,0.19717316881266497,6.1190765964343665,29,13,1,0,0,0,Benign,0
1,0.025714092046473326,0,0,0,9,26,0.12204640624158529,2.643585981702007,43,6,2,0,1,0,Benign,0
1,0.013645071916827373,0,0,2,1,23,0.37953617529861733,1.117945018705435,34,13,2,1,0,0,Benign,0
1,0.0025950697036340622,0,0,0,9,28,0.123366663351924,28.56266774361312,39,10,3,0,1,0,Benign,0
9,0.37555104717330257,1,1,0,10,3,0.018601612900032958,1.1668323279815267,98,5,1,15,0,25,Attack_InsiderSabotage,1
1,0.12156736369398419,0,1,1,4,27,0.22594017280467657,1.130329767660788,38,8,2,0,0,0,Benign,0
3,0.016491072111930072,0,0,0,10,23,0.32639478390738835,4.421005908293128,40,9,3,0,0,1,Benign,0
2,0.010115896498752793,0,0,0,2,39,0.07864852962409277,1.0254157847470675,44,11,0,0,1,0,Benign,0
7,0.4801626151097477,3,1,0,8,5,0.12659526274104707,0.5574151081967863,100,3,1,12,0,13,Attack_InsiderSabotage,1
1,0.04693740286696493,0,0,0,6,28,0.0800032006903349,1.9041337108448793,45,12,3,0,0,0,Benign,0
3,0.015226459645986392,0,0,0,5,22,0.21474254375116833,1.202142843272822,31,12,1,0,2,0,Benign,0
2,0.0006120328356702508,1,0,0,4,14,0.13864608090161454,8.644772902312077,37,12,1,0,4,0,Benign,0
2,0.052839696519029665,1,0,0,4,20,0.17910984409616718,9.120823581902158,39,8,0,0,2,1,Benign,0
3,0.03503171385744609,0,0,0,4,25,0.1865841257625636,3.0215088879245386,44,8,3,0,1,0,Benign,0
2,0.07322698741906893,0,1,1,2,28,0.32325405921404593,1.249719199386621,38,10,3,0,3,0,Benign,0
2,0.10891616276592167,1,0,3,3,24,0.2699797241117198,3.0755574251319664,42,10,3,0,3,0,Benign,0
2,0.052150186190372046,0,1,0,6,25,0.25679797104725316,0.6419112679884454,51,16,4,0,0,0,Benign,0
1,0.04025193897156049,0,0,0,6,27,0.3089119421232883,34.26937753034352,34,9,1,1,1,0,Benign,0
2,0.6549671080429372,11,10,246,585,12,0.7580210247190904,84.4890157154243,24,4,184,0,52,0,Attack_DataExfiltration,1
2,0.00873320340801507,0,0,0,2,18,0.31073304746766284,1.1390845780554555,48,6,0,0,2,1,Benign,0
1,0.6943109915500787,2,6,257,596,16,0.8610895394998496,208.12777455109412,21,2,185,0,54,1,Attack_DataExfiltration,1
1,0.9582658180590002,5,8,255,627,16,0.7476713017503359,131.38658457533438,16,1,174,1,48,1,Attack_DataExfiltration,1
2,0.6188313889769282,2,6,233,603,15,0.7983453210514548,275.3047518883357,21,6,165,2,43,1,Attack_DataExfiltration,1
1,0.8765057855122855,4,7,262,610,13,0.8002143861723824,90.4657089282979,14,4,185,1,53,2,Attack_DataExfiltration,1
3,0.031428948486266886,0,1,1,4,30,0.13985123602646923,4.772920654511195,41,8,4,0,2,0,Benign,0
2,0.016579975909043133,0,0,1,5,23,0.1924021552333689,3.0757017219693834,34,7,1,0,0,1,Benign,0
2,0.039627166522853384,1,0,1,7,25,0.04398653908544809,38.786303899440064,35,12,2,0,1,0,Benign,0
1,0.010626284195397845,0,0,0,8,25,0.08384252497231344,8.245718425539357,53,12,2,0,2,0,Benign,0
3,0.025905705013237783,0,0,2,5,18,0.22727544570200042,1.1459368853243315,48,9,5,0,0,1,Benign,0
1,0.07981137973669082,1,1,1,1,24,0.425222321946703,1.6133521122714856,36,5,2,0,1,0,Benign,0
3,0.007218298810725914,0,0,1,7,17,0.2213417249249991,3.502399895888574,34,12,1,0,1,0,Benign,0
1,0.7697778138384738,3,6,252,601,20,0.9210541819486208,145.04693162186393,17,2,188,2,48,1,Attack_DataExfiltration,1
2,0.02170566178571323,1,0,0,4,18,0.09756350107837931,5.734185112223784,42,10,0,1,1,1,Benign,0
4,0.4432563899173041,3,1,0,10,1,0.024627769049268496,1.109738039465252,102,3,2,18,0,17,Attack_InsiderSabotage,1
1,0.10992273849731432,1,2,1,8,28,0.24113368043400016,2.119733726085322,40,8,0,0,0,0,Benign,0
1,0.005870391342382818,0,1,0,2,22,0.10960555874028775,1.1935761902268893,32,7,0,1,2,0,Benign,0
3,0.02772110550928631,1,0,0,6,31,0.26835684243363533,1.2202111034726655,36,13,3,0,1,0,Benign,0
1,0.014749207646361793,0,0,2,1,22,0.32802125437043883,1.8987607146841574,43,12,3,0,1,1,Benign,0
2,0.10271871175808323,0,1,0,6,25,0.28534673688379875,5.552061353519044,56,11,1,0,0,1,Benign,0
1,0.05018287133240969,0,0,1,3,25,0.11612915740856078,3.1923823403427014,46,5,3,0,1,0,Benign,0
3,0.20251090999788413,0,0,2,6,20,0.07231789508581274,1.688855344851305,41,14,0,0,1,0,Benign,0
1,0.03844166490792625,0,0,1,3,24,0.27465618905515576,0.541418954924129,32,8,1,0,1,1,Benign,0
1,0.798452189924417,4,5,258,567,12,0.9010926869559803,86.5242375797315,22,1,161,0,50,1,Attack_DataExfiltration,1
2,0.015972263085820407,1,0,0,5,24,0.44984307853962174,4.901745755013576,36,14,1,0,0,0,Benign,0
3,0.01224140259107785,0,0,1,6,28,0.3162850288526861,1.2765031541626197,36,10,4,0,0,0,Benign,0
1,0.02105627498916005,0,1,0,5,28,0.038556424739489635,1.1138576401886404,37,16,0,0,1,1,Benign,0
3,0.00836185139536209,1,0,5,3,25,0.11970732771860201,0.8448847623937314,42,8,3,0,1,0,Benign,0
1,0.0619202383306246,0,0,1,6,27,0.23947282618350313,2.0570876762710038,51,11,3,0,1,0,Benign,0
1,0.03452042341415948,1,0,0,4,26,0.09447830684479985,0.6172787061056365,51,7,3,0,0,1,Benign,0
1,0.010951917757017336,0,1,1,4,21,0.06702056980472779,1.7968266558803017,31,13,1,0,0,0,Benign,0
3,0.025118406586004352,0,0,0,4,26,0.031642982858413125,0.42257497713706843,35,7,0,0,2,0,Benign,0
4,0.1622991272026575,0,1,1,5,21,0.07265556559230288,0.15016248739479818,43,15,1,0,0,0,Benign,0
1,0.649599897798094,7,7,278,592,16,0.7922031755375352,304.2349977771279,20,5,168,0,44,2,Attack_DataExfiltration,1
1,0.08349357280244889,0,0,0,7,25,0.011036511941703409,7.270006253304712,39,9,0,0,1,0,Benign,0
3,0.0027368918104145996,1,0,1,2,30,0.0281631041764641,6.712431651632088,53,15,1,0,0,1,Benign,0
1,0.05626330476352444,2,0,0,8,29,0.3311381846065565,3.2769838811439924,40,7,0,0,0,0,Benign,0
1,0.0223292311492191,0,0,0,5,29,0.08201377521165705,2.2738610727478696,36,10,1,0,1,1,Benign,0
1,0.08828393206309795,0,0,0,7,23,0.11260553714913162,1.7850636268423965,48,7,3,0,1,1,Benign,0
1,0.004848214321789337,0,0,0,7,26,0.16459934613528635,1.2318895588720298,40,7,3,0,0,1,Benign,0
5,0.8195659090881463,6,7,256,595,17,0.9117021498505036,75.3205813335546,10,11,175,1,47,1,Attack_DataExfiltration,1
1,0.003906269512389361,1,0,0,6,37,0.11911948875735787,3.8849985727142706,47,7,2,0,0,0,Benign,0
2,0.013939516777150007,1,1,0,4,26,0.33877110165399965,3.731922623467719,33,9,2,0,2,0,Benign,0
3,0.006620764749774694,0,0,2,3,29,0.20894661407912063,8.616218915611457,35,6,0,0,1,0,Benign,0
1,0.0047291567525357655,1,0,0,4,26,0.1641214678232444,21.051889355136026,38,8,2,0,0,1,Benign,0
1,0.06594904978825393,0,2,2,6,24,0.16255491583070084,0.28839146095903523,30,9,4,0,2,0,Benign,0
2,0.05537628873601876,0,0,0,4,14,0.10790378932053644,5.343667470131906,41,8,3,0,0,0,Benign,0
1,0.04671880206780857,1,1,0,1,19,0.12032285029473368,3.216000827313159,47,8,2,0,1,0,Benign,0
5,0.019243807108997257,0,0,0,3,21,0.21925387512897407,1.0390144953952771,31,13,3,0,1,0,Benign,0
2,0.03761862269071433,0,0,2,3,27,0.07483654175694464,1.4601677179970607,49,12,2,0,0,0,Benign,0
2,0.12421519991722987,0,1,0,7,22,0.25403308822784015,3.17943381164189,26,9,1,1,0,0,Benign,0
2,0.1558425476626247,0,0,0,4,21,0.20740221501422593,1.5374225327888564,39,2,2,0,2,0,Benign,0
3,0.009401606144241325,0,0,0,7,25,0.17132097205863966,0.9767255078087835,35,10,4,0,1,0,Benign,0
1,0.07607089422732922,0,0,0,5,35,0.1816300818791599,8.38254119233546,29,12,5,0,2,0,Benign,0
1,0.0007831962725865228,0,1,0,4,21,0.21716316501794705,0.49716071459603,47,13,1,0,0,0,Benign,0
4,0.675289930232736,4,5,265,627,16,0.8056420562699917,122.15845664912253,24,3,177,1,63,5,Attack_DataExfiltration,1
1,0.014959161361866516,0,0,1,5,26,0.0803664337572029,12.204095815767973,35,7,1,0,1,1,Benign,0
1,0.022410513280836895,0,0,0,8,34,0.19194505991817287,1.3233470887167962,36,12,1,0,1,0,Benign,0
3,0.09790591651787345,0,1,4,7,24,0.09308674171379605,1.1389997948038435,32,8,2,0,0,0,Benign,0
2,0.05911031651232647,1,0,2,3,24,0.09959813384666517,3.5944228214434633,30,6,2,0,1,1,Benign,0
2,0.021638461266530844,0,0,1,8,20,0.18099856803799785,2.945821926803965,36,15,1,0,0,0,Benign,0
1,0.1614368646140936,0,1,2,4,16,0.18775122469583627,1.0861894633855942,40,8,7,0,0,0,Benign,0
2,0.009866088216627222,0,0,1,6,36,0.167847165512811,11.968520056548325,42,12,0,0,1,0,Benign,0
1,0.05314213289769536,0,0,0,2,26,0.1442607700357907,3.4871171468859345,36,12,1,0,0,0,Benign,0
3,0.028407537719836364,0,0,1,4,17,0.1670882021477474,1.8965912380093128,44,15,1,0,0,0,Benign,0
4,0.8243812963281217,5,6,255,599,18,0.8197329289037468,198.13768453702636,19,5,181,1,49,1,Attack_DataExfiltration,1
1,0.08232621470299382,0,0,0,2,25,0.21280027621149386,4.326962293050737,51,11,1,0,0,1,Benign,0
1,0.1162006620553211,0,0,1,3,26,0.37668195491571904,4.137744612523347,50,12,2,0,3,1,Benign,0
3,0.017111902101424627,0,0,0,7,18,0.10016742081769596,6.6862427682730505,37,7,2,0,1,1,Benign,0
2,0.0541582276301765,0,1,0,7,20,0.4523549286762491,9.424533420739738,43,10,1,1,0,0,Benign,0
2,0.1420310882024035,0,0,2,6,38,0.41932640996698023,3.3045988517624574,41,6,2,0,1,0,Benign,0
4,0.009660435076236778,0,0,0,6,24,0.2276787131431217,6.229543079665044,43,13,1,0,0,0,Benign,0
1,0.6439908396513522,2,7,247,582,16,0.8208289734163169,68.91025983698101,22,1,163,1,45,1,Attack_DataExfiltration,1
1,0.10086945965471125,0,0,1,6,18,0.05659839982702078,4.043119951639639,40,15,2,0,2,0,Benign,0
1,0.04521385163932129,1,0,0,3,15,0.1416165706109884,2.7352042189545904,41,8,2,0,0,1,Benign,0
1,0.047705502021801405,0,1,0,4,20,0.1180700355416534,1.9380653894896867,46,8,3,0,2,0,Benign,0
1,0.05621258110828956,0,1,1,2,16,0.0455756241048783,1.6895776545521584,32,12,3,0,0,1,Benign,0
1,0.015741739977904266,0,1,1,6,23,0.2115919272745535,2.9377811301954875,35,10,2,0,1,0,Benign,0
3,0.008660721038232943,0,0,0,3,29,0.18392723180700063,2.4958994618876966,38,14,3,0,1,0,Benign,0
1,0.12293380525784939,0,0,0,8,27,0.17098934782675468,1.6859364147781537,43,15,2,0,1,1,Benign,0
2,0.00621248462152732,0,0,1,7,21,0.06015082732699284,0.6639711720036682,32,4,1,0,2,1,Benign,0
3,0.047836517233572316,0,1,1,6,19,0.20185504939384338,9.019064092611716,45,14,2,0,1,2,Benign,0
1,0.07661067713453372,0,0,0,3,26,0.156209635956161,2.719356886079578,43,12,4,0,1,0,Benign,0
1,0.029790413556401055,0,0,0,7,26,0.15849423013097658,7.825737841896805,35,13,0,0,1,1,Benign,0
1,0.043154979760207914,0,1,0,5,23,0.12025962375480767,7.120067768253899,37,9,3,0,0,0,Benign,0
1,0.1200382976619363,0,0,0,9,30,0.02368806978855826,2.127960701326254,34,12,0,1,1,0,Benign,0
1,0.07125294043540044,0,0,0,7,25,0.1252977625236363,5.591708611822026,34,7,2,0,0,0,Benign,0
1,0.6768349836028538,2,4,226,611,18,0.9808447487349184,165.5882016514114,17,6,164,0,39,0,Attack_DataExfiltration,1
1,0.009710724965922499,0,1,2,8,30,0.42628864246869586,6.062059644346127,39,11,1,0,0,0,Benign,0
6,0.02077665586980092,1,0,1,5,28,0.3017965041610665,7.908385766686631,48,11,3,0,1,0,Benign,0
2,0.025135439930582,0,0,0,11,23,0.26351201210394665,0.7495875035018591,40,10,3,0,0,0,Benign,0
2,0.16777254050092608,0,0,1,6,24,0.13139856245151796,1.6088025523119571,28,12,2,0,1,0,Benign,0
4,0.007155762106483224,0,0,0,4,19,0.16041967678559244,3.384381775434047,49,8,2,0,0,0,Benign,0
2,0.049136949366934274,0,0,1,7,28,0.292768343978506,17.988606237151725,38,8,1,0,2,0,Benign,0
1,0.1738297975389852,0,0,0,9,20,0.08280161941347843,2.5578836975685517,42,14,1,0,1,0,Benign,0
3,0.0463568984580833,0,0,1,8,33,0.24133102383443558,2.163355444356557,49,9,2,0,3,0,Benign,0
1,0.030714532315153132,0,0,1,3,24,0.11300640043805274,6.357998597290888,39,5,4,0,0,0,Benign,0
1,0.6420317180574996,2,10,265,604,15,0.5669971362970719,140.24858363826218,20,5,193,4,58,1,Attack_DataExfiltration,1
3,0.034513196529792366,0,0,0,1,29,0.11283056246736696,2.399288618564973,40,10,3,1,1,0,Benign,0
1,0.02118020136073795,0,0,0,4,29,0.22650011782846324,2.390731565403064,39,9,1,0,1,1,Benign,0
1,0.02361935937130935,0,1,0,5,28,0.2544406917069878,3.9901284034135434,42,9,1,0,0,1,Benign,0
3,0.004822980487494461,0,0,1,6,27,0.22985335302916243,0.3794233113357345,37,11,1,0,2,0,Benign,0
1,0.062015097525132824,0,0,1,5,20,0.1463733056175656,10.421369627363893,44,9,4,0,0,0,Benign,0
1,0.7543314318198531,4,5,261,602,16,0.8679870580380066,68.20694914395258,20,4,192,3,52,1,Attack_DataExfiltration,1
1,0.02277843188058489,1,0,0,6,23,0.16508618874748493,2.0402108097088547,38,8,1,0,2,0,Benign,0
1,0.02731085030535208,0,0,0,4,27,0.08862383938980053,15.373618244623936,35,7,2,0,0,0,Benign,0
6,0.2777398024753248,3,0,0,3,1,0.15154892085846083,1.4293967685079652,93,4,0,16,0,13,Attack_InsiderSabotage,1
2,0.00852891023169916,0,0,1,5,18,0.24487850227343036,1.319270833139025,39,12,2,0,2,0,Benign,0
2,0.06533059713473717,0,0,0,8,31,0.12377684566893733,1.1505589012494324,39,10,4,0,2,1,Benign,0
1,0.02814169975714004,1,0,3,5,26,0.13507850181252223,0.932076381808441,41,8,1,0,2,1,Benign,0
2,0.14433329939231299,0,0,0,3,30,0.08944325052794765,8.933430273702692,33,10,1,0,3,0,Benign,0
1,0.0074390243755413825,0,0,0,7,26,0.07352954231383234,8.81943360304263,42,11,3,1,1,0,Benign,0
1,0.01267959328641578,0,0,1,6,18,0.21223871002535136,0.991953478665737,46,13,0,0,1,0,Benign,0
2,0.10258036754137977,0,0,0,4,20,0.2273788834521981,1.408302800319995,44,8,2,0,0,0,Benign,0
1,0.15118227725984565,0,0,0,3,32,0.27612143344315787,1.2819182433492409,35,16,1,0,1,0,Benign,0
1,0.032519259003264474,1,0,0,6,23,0.07340845817615395,2.7590515799584616,45,16,0,0,0,1,Benign,0
8,0.6700750996115036,5,1,0,8,3,0.005129123224384377,1.1722369281042087,96,2,1,15,0,20,Attack_InsiderSabotage,1
1,0.6119767737207418,5,10,242,548,23,0.8578660295801669,274.80810022879103,28,6,147,4,47,1,Attack_DataExfiltration,1
1,0.017136001475603888,0,0,0,3,23,0.16551966444012917,4.47895555416583,36,10,4,0,1,0,Benign,0
2,0.0015257322571728515,0,0,0,7,23,0.18782903034526824,1.687919133848174,37,5,1,0,1,2,Benign,0
2,0.01255260163563462,0,0,0,6,30,0.19556729644951393,8.790684407166312,44,6,0,0,0,0,Benign,0
2,0.11598072642412989,1,0,0,5,17,0.13240593324346736,1.1215493522799012,26,11,2,0,0,0,Benign,0
1,0.052572218605497004,0,1,0,4,26,0.10727072111517849,2.21909883461146,38,10,0,0,0,0,Benign,0
4,0.014674324369502651,0,1,0,7,19,0.07444147211228944,0.8103971955894564,38,8,1,0,0,0,Benign,0
1,0.007585153723431186,0,0,0,6,28,0.10604571977010663,6.468020289641936,44,7,1,1,0,0,Benign,0
1,0.04701536988998365,0,0,0,0,35,0.0911867649631751,5.073998366514076,32,6,3,0,0,0,Benign,0
2,0.03943700285045927,0,1,0,7,28,0.0871251320426139,2.2416374076157717,40,10,2,1,0,1,Benign,0
3,0.003047077618642641,0,0,0,6,26,0.06847663834573081,8.67039075137216,34,12,3,1,4,1,Benign,0
1,0.7432392705712982,7,6,259,631,14,0.781458497188426,179.7792040417195,16,5,172,1,47,0,Attack_DataExfiltration,1
1,0.08317068709868707,0,0,0,6,19,0.08353019374946064,3.8956402764045177,28,7,0,0,1,1,Benign,0
1,0.06455077418463287,1,0,2,9,15,0.0870838016303671,2.4684246192570174,43,13,2,0,0,0,Benign,0
1,0.011050537522347064,0,0,1,3,28,0.18416581854268174,5.822418443944318,45,13,4,0,1,1,Benign,0
1,0.02793866395948843,0,0,0,7,25,0.19090870468773025,0.37852331872937284,36,9,2,0,0,1,Benign,0
1,0.018459592637490075,0,0,0,4,21,0.07929297435357902,2.557476663634968,40,12,4,1,0,0,Benign,0
1,0.09588844157260094,0,0,0,2,22,0.2352797191891706,8.668093849341657,50,7,2,0,3,0,Benign,0
1,0.012773088134308072,1,0,0,7,34,0.07325639236966437,5.37144991737946,42,10,0,0,1,0,Benign,0
1,0.06269567459854475,0,0,1,5,24,0.08939302521156214,6.277335089064047,32,10,0,0,1,1,Benign,0
1,0.02758358627693392,0,0,3,8,19,0.046992326729482926,1.0693721183182276,32,11,2,0,1,0,Benign,0
1,0.005884058692082085,0,0,0,7,33,0.14209255994199585,1.067219610545964,34,5,2,0,0,0,Benign,0
1,0.15789421286637298,1,0,0,3,20,0.34583094482690824,1.9155267579234612,41,10,3,0,1,0,Benign,0
1,0.12538887368683474,1,0,0,1,34,0.20311255612325738,2.1122381205193856,39,8,5,0,1,0,Benign,0
3,0.01594103171352413,0,0,0,4,22,0.35812011391726023,3.146412765453655,52,11,0,1,2,0,Benign,0
2,0.029888246623643065,0,1,1,6,28,0.08995629104840061,1.0880849053556645,32,9,4,0,2,0,Benign,0
1,0.026275309282658546,0,1,1,4,24,0.08619531757916583,1.6326206014873936,32,11,3,0,0,0,Benign,0
1,0.0934885699456997,1,0,0,3,24,0.049721639957655314,0.8512145401988979,43,9,2,0,0,0,Benign,0
2,0.04749476341414884,1,0,1,2,27,0.1557670488170755,8.901272496512087,42,6,0,0,2,1,Benign,0
2,0.06603045542008784,0,0,3,4,22,0.02951749919367788,0.5267441825380155,40,11,0,0,1,1,Benign,0
4,0.08457043870870139,0,0,1,1,37,0.12987704633370079,2.3709069702389765,34,14,1,0,1,1,Benign,0
1,0.003688125356218464,0,0,1,7,25,0.07561638818361906,3.0562826822383906,51,13,4,0,2,2,Benign,0
1,0.05725461969153286,0,0,2,3,26,0.17854127252769328,0.23650888097261,43,8,3,0,0,0,Benign,0
2,0.031272408902525736,0,0,1,3,26,0.36389795534184916,4.018631306973554,35,8,3,0,1,0,Benign,0
2,0.021365830800704887,1,0,0,5,29,0.2068861049640719,2.2949853978703874,41,12,4,0,1,0,Benign,0
2,0.7611124180100798,5,10,262,570,12,0.7955124423135764,102.81670559452418,18,5,158,1,50,2,Attack_DataExfiltration,1
1,0.005476846446671746,0,0,0,5,27,0.09104297185347403,2.7199744766977987,50,15,0,0,1,0,Benign,0
1,0.06022742522502784,0,0,0,4,20,0.08622099261574052,8.761935591096513,40,11,1,0,1,0,Benign,0
1,0.026246220850869997,0,0,0,0,27,0.19056104304520488,4.399915699084901,34,7,5,1,0,0,Benign,0
4,0.01071354300900013,0,0,0,6,22,0.11970689104854039,2.2102306270229857,43,10,4,0,1,0,Benign,0
3,0.27361154933256016,7,1,0,8,7,0.08865204028399029,0.06921596539833848,90,4,1,13,0,26,Attack_InsiderSabotage,1
1,0.058895751884719495,0,0,1,6,22,0.09712883040696221,0.895111751047586,42,12,1,0,0,1,Benign,0
1,0.061990588964565586,0,0,0,3,19,0.17036386866061795,2.6935408127552867,40,12,3,0,0,0,Benign,0
2,0.018679627421715833,0,0,0,7,25,0.2760128276911826,2.059551732136518,40,10,2,1,1,0,Benign,0
1,0.007107800408408052,1,0,0,4,32,0.09675870149653928,7.821917488009101,43,17,3,0,2,2,Benign,0
1,0.7959175334256815,2,7,248,636,8,0.8146995288913392,178.50984337698318,18,3,180,1,58,2,Attack_DataExfiltration,1
2,0.01473014741949087,0,0,0,2,28,0.13711500787852976,1.5280814681532022,38,14,3,0,2,0,Benign,0
3,0.08815804891165835,1,0,1,8,26,0.12873629044478327,3.63578472058062,49,14,3,0,1,1,Benign,0
1,0.050472240329909115,1,0,0,6,21,0.08264992704387154,0.4599621891832886,38,5,1,0,2,0,Benign,0
1,0.05055025573469005,1,0,2,2,24,0.2977287198134499,2.5759251956329527,46,8,5,1,2,0,Benign,0
2,0.01812992898753883,0,0,0,2,24,0.08784068050165926,2.8396713926843904,40,11,3,0,2,0,Benign,0
2,0.08839686930601845,0,1,2,1,32,0.05883142641540857,5.545481968029335,38,15,3,1,0,0,Benign,0
3,0.025865153775517197,0,0,1,4,13,0.3413752159685988,2.707092124224264,50,8,0,0,0,0,Benign,0
3,0.0013464813648396102,1,0,0,0,29,0.0746713974036227,2.0428321732861265,45,7,0,0,2,0,Benign,0
8,0.28284828212767105,4,0,0,8,8,0.11683608407033926,1.1592403851834836,109,6,1,20,0,25,Attack_InsiderSabotage,1
1,0.3131626276455512,0,0,1,8,34,0.03774975187697073,8.095657073143554,40,12,1,0,1,1,Benign,0
2,0.0302081976537457,0,1,1,3,21,0.04831091901402095,1.1737385461384053,37,11,2,0,1,1,Benign,0
1,0.09621683951435892,0,0,0,7,26,0.1976757878702407,4.368276931484934,49,9,4,0,1,0,Benign,0
1,0.5439507760595361,5,3,237,598,19,0.8207041953378866,157.87290396788106,24,9,168,0,53,1,Attack_DataExfiltration,1
2,0.06694935477681145,0,0,0,2,27,0.17096575451144824,25.051268821342408,37,6,3,0,0,1,Benign,0
2,0.04343939387956967,0,1,2,5,24,0.18767491987153226,11.46210200490075,38,9,2,0,1,0,Benign,0
1,0.025477183010591535,0,0,1,7,23,0.06802348355943368,1.271850135457731,29,6,3,0,2,1,Benign,0
4,0.058936685143726866,0,0,0,6,30,0.14294819419311638,0.4850187400925884,48,11,1,0,2,0,Benign,0
1,0.7881811777351975,6,3,255,633,16,0.8782280793179768,105.5752443675121,14,7,160,0,56,2,Attack_DataExfiltration,1
1,0.02850188568574501,0,0,1,5,28,0.1926566634900903,1.1525159291595486,44,13,0,0,1,1,Benign,0
4,0.011950868749513593,0,0,0,9,24,0.06395744054915989,1.5567146138277526,50,12,1,1,0,0,Benign,0
1,0.003408828175963317,1,1,0,4,22,0.09988108216164053,1.4063841466022007,39,11,5,0,2,1,Benign,0
1,0.004717321112812166,0,0,0,5,23,0.14841296519320477,4.36247177719928,47,9,3,0,0,0,Benign,0
1,0.013286682058472145,0,0,0,3,21,0.1519034785380012,1.7723836584047195,37,10,0,1,1,0,Benign,0
2,0.01265240867153391,0,0,1,7,25,0.13798963377785275,2.0530670741806976,50,13,2,0,0,0,Benign,0
2,0.7588319494925697,3,9,239,549,11,0.8520209520037113,89.41771185120066,24,7,167,3,46,0,Attack_DataExfiltration,1
5,0.5008207795005641,4,0,0,11,1,0.14217569035245411,3.6088722928625754,72,5,0,13,0,23,Attack_InsiderSabotage,1
2,0.25130770435788036,2,3,0,9,6,0.052443988746894314,1.8057191439180795,107,7,1,15,0,20,Attack_InsiderSabotage,1
1,0.8625699318373494,7,6,243,586,14,0.8632111542954128,173.85470004386926,16,5,170,2,40,1,Attack_DataExfiltration,1
4,0.29037090063252224,2,0,0,14,1,0.036675106098930293,3.9091452296115543,90,4,1,16,0,28,Attack_InsiderSabotage,1
2,0.5713724894232493,3,4,258,618,17,0.7319590942994747,131.88590995508517,20,3,187,1,54,1,Attack_DataExfiltration,1
2,0.06728738730506385,0,0,1,5,29,0.08386740728351777,2.691935033663652,44,8,2,2,0,0,Benign,0
4,0.03401142546852447,0,0,0,4,18,0.045727748765544834,3.568638211462983,30,13,5,0,1,0,Benign,0
2,0.010610802073615817,0,1,0,7,21,0.16716016347198462,20.63187864086576,37,10,4,0,1,0,Benign,0
1,0.007031805877186939,0,0,0,7,17,0.05116631268759232,1.409299423104158,39,10,3,0,1,1,Benign,0
4,0.05556761854987299,0,0,0,7,27,0.25150177664178947,5.518787277621147,44,8,2,1,0,1,Benign,0
3,0.052862725322114695,0,0,0,4,27,0.049653105899917706,4.6289824958281205,45,10,0,0,4,0,Benign,0
5,0.5452279066221921,4,6,236,556,13,0.8993132873244646,146.01957778157262,27,8,167,1,51,2,Attack_DataExfiltration,1
1,0.0009668922019035522,1,0,0,8,21,0.11244293493090923,0.5644439698793349,35,10,2,0,0,0,Benign,0
1,0.0274375666309557,0,0,2,5,19,0.22124638157652263,5.9362026060107,31,4,3,0,2,1,Benign,0
1,0.032471496167320535,0,0,1,7,25,0.04176418996297229,4.183506544012222,45,13,3,0,3,0,Benign,0
3,0.48603935263591524,2,2,0,8,7,0.15893504929909769,0.5443289797039302,89,5,2,15,0,18,Attack_InsiderSabotage,1
4,0.012825308196445806,0,2,0,5,22,0.17554827159968817,0.8196887178859433,39,7,4,0,0,1,Benign,0
3,0.04263378173591725,0,1,0,7,31,0.08078487132908933,12.94043167185141,41,13,2,0,4,0,Benign,0
1,0.13916207035159311,0,0,2,5,26,0.265681061829494,0.4004355462144308,35,10,2,0,1,0,Benign,0
3,0.9290786347071951,3,4,257,592,6,0.8515341022258823,246.2858709726371,18,4,162,0,36,0,Attack_DataExfiltration,1
1,0.013691873147891956,0,0,0,2,27,0.2178438558645435,3.8973024447324365,38,10,2,0,2,2,Benign,0
2,0.02510373477177161,0,0,0,7,21,0.08805852177200554,1.1027324174709807,38,10,2,0,0,1,Benign,0
1,0.024284567343645844,0,0,0,7,19,0.15398305035793566,5.920024236944728,36,8,5,0,1,1,Benign,0
1,0.014466906677559324,0,0,0,6,24,0.20832157661120504,5.884752024659297,43,12,5,1,0,0,Benign,0
4,0.6313310533439527,1,0,0,10,5,0.11426132535211452,3.1285626349321545,117,5,1,11,0,16,Attack_InsiderSabotage,1
1,0.03482353179262775,0,0,2,9,26,0.13535552208067955,1.5189913631114274,46,8,3,0,1,0,Benign,0
1,0.03926432407289127,0,0,0,2,30,0.16879385224614854,7.956285331887075,25,19,1,0,0,0,Benign,0
3,0.017299651603567466,0,0,0,6,18,0.2378125912988387,0.9485082556063695,32,12,4,0,0,1,Benign,0
1,0.027104143402975442,0,0,1,4,26,0.32229279603148464,0.3706043792655699,42,8,1,0,0,0,Benign,0
2,0.18723402153809743,1,1,1,4,29,0.16433002031888286,1.725060695015828,25,16,1,1,3,0,Benign,0
4,0.005093224559469681,0,0,1,2,24,0.21301743152735983,3.1634125386800602,34,5,2,0,2,0,Benign,0
1,0.11849102190571442,0,0,0,9,22,0.11573189888564722,2.4993922653771494,31,10,1,0,1,0,Benign,0
1,0.011957269904692603,0,0,0,8,27,0.24638813936576692,0.4002670624229596,35,10,3,0,0,1,Benign,0
2,0.0793526538675368,0,0,0,5,23,0.055142964744523376,9.331366346745584,51,10,2,0,1,0,Benign,0
2,0.022852773023032923,0,0,0,6,17,0.2732856908156078,1.44062965241575,33,14,3,1,0,0,Benign,0
1,0.009141560604000806,0,1,0,6,18,0.15409863334522036,2.3357294313384007,39,10,0,0,0,0,Benign,0
1,0.019527644851094785,0,0,0,5,25,0.3844244261222585,1.3210510214105546,32,10,0,0,0,0,Benign,0
9,0.4938115514872738,1,0,0,12,7,0.12235661994911233,1.5291877445673254,96,6,1,13,0,17,Attack_InsiderSabotage,1
3,0.004563030978240074,0,1,1,4,17,0.040719297842496165,1.1321414832124541,34,9,3,0,1,0,Benign,0
4,0.0059861070932393495,0,0,0,3,29,0.1102473858127107,1.5554509352032184,51,7,3,0,0,1,Benign,0
1,0.01976184548592042,2,0,3,2,22,0.1103477228204804,3.641787277007315,44,13,3,0,0,1,Benign,0
1,0.04940193910190691,0,1,0,7,13,0.27424605256521756,1.1627197311597441,41,5,0,0,1,0,Benign,0
1,0.1329729752040366,0,0,0,4,22,0.28866725082314315,4.1782054498948895,37,7,1,1,1,0,Benign,0
4,0.6838911973065642,6,8,231,582,18,0.7362362899857433,107.75776839952775,15,6,178,1,43,2,Attack_DataExfiltration,1
1,0.6134383041892993,2,7,263,599,18,0.9014222258389992,548.6242532940062,32,4,173,0,38,3,Attack_DataExfiltration,1
1,0.01587625175893747,0,0,1,2,17,0.04248659776088115,1.991361345856259,39,14,2,0,1,0,Benign,0
2,0.04395528735280453,1,0,1,5,27,0.2816249545483331,2.580109360758513,36,11,1,0,1,0,Benign,0
1,0.0646588393504099,0,1,2,3,31,0.09703338615792274,3.3910698513803643,32,10,4,0,0,1,Benign,0
1,0.16473880887518744,0,0,1,6,28,0.13936640767093308,0.4253855999265664,29,10,3,1,1,0,Benign,0
4,0.5424431491398467,5,13,253,604,14,0.567369145504926,227.82677628954772,19,2,162,0,54,0,Attack_DataExfiltration,1
1,0.030485288994272497,0,0,0,2,26,0.06796129298176658,24.332310340836734,32,6,2,0,3,0,Benign,0
5,0.004373639252724416,0,0,2,7,27,0.26093747657312505,2.9102521579540546,40,10,2,0,0,0,Benign,0
1,0.06684600986336396,0,1,2,7,25,0.22156051874096389,0.7888820115687167,39,11,2,0,1,0,Benign,0
8,0.2786419111250574,1,0,0,6,7,0.01274548143994399,2.793274165706251,108,3,0,26,0,19,Attack_InsiderSabotage,1
3,0.5668512152014854,9,6,273,600,19,0.9287404754298354,135.64217094308373,29,6,175,1,53,0,Attack_DataExfiltration,1
1,0.009820016439267859,0,1,0,2,26,0.1745081999218743,0.8949516126103035,37,9,1,0,1,0,Benign,0
4,0.032292001102217624,1,0,0,4,20,0.0039563761322615335,1.8114324299265736,34,6,1,0,1,0,Benign,0
1,0.6257932022840684,5,5,275,601,14,0.7462369627951881,247.12327564787805,17,4,178,1,56,1,Attack_DataExfiltration,1
1,0.0001178134170822803,1,0,1,2,26,0.16930315429765325,0.8493887888151614,44,13,3,0,1,0,Benign,0
1,0.017228940688294954,0,0,0,6,23,0.24821753988516013,2.4836783926737374,34,12,4,0,0,0,Benign,0
1,0.040805683536583426,0,1,1,3,24,0.12733322161374128,5.397180726947726,35,9,4,0,1,1,Benign,0
1,0.06448280687976589,0,0,0,8,19,0.07911300438666119,10.65311496984278,44,4,1,0,2,0,Benign,0
2,0.01842953061954856,0,0,0,5,25,0.029728441476118403,3.433733984989257,42,10,0,0,0,0,Benign,0
2,0.06452805575803869,0,1,2,11,29,0.2057430573415455,2.921625001612564,41,8,4,0,1,1,Benign,0
2,0.05774456860858082,0,0,0,6,37,0.07277635612344664,6.4795949428915405,50,7,2,0,1,0,Benign,0
1,0.09376336245964371,0,0,0,5,38,0.12187549862094003,3.4651298977982212,44,12,5,1,1,0,Benign,0
2,0.04317942972109605,0,1,0,7,20,0.06309012265919725,2.9734506554706166,43,8,1,0,2,1,Benign,0
2,0.23461356801741862,1,0,0,11,21,0.14787652087100514,8.797741543528856,40,12,1,0,2,0,Benign,0
2,0.0490310455662266,1,0,0,7,25,0.09796183588947413,1.23960121898993,45,13,2,1,2,0,Benign,0
3,0.03351987635404533,1,0,0,4,19,0.06750984709980937,15.333977088386249,46,13,4,0,3,0,Benign,0
1,0.6790426308737809,7,10,257,600,15,0.7552171602954784,179.1315541388224,18,7,167,0,50,3,Attack_DataExfiltration,1
4,0.7905472734942043,3,3,238,640,14,0.9277194064710401,129.99464821222472,14,7,160,1,58,0,Attack_DataExfiltration,1
6,0.4049588486759286,2,2,0,8,8,0.017509671392609824,6.069608961346326,104,6,1,22,0,17,Attack_InsiderSabotage,1
4,0.18946490970370025,2,0,0,4,23,0.22868599597807335,4.118428387583916,37,16,3,0,1,1,Benign,0
2,0.03939312375200554,0,0,1,2,28,0.11613415090424634,1.2891998730952134,45,5,2,0,0,0,Benign,0
1,0.0021722384805787824,2,0,1,8,22,0.16506281452064606,4.077782351387254,37,10,3,0,1,0,Benign,0
1,0.021121342910515064,0,0,0,3,23,0.20609902176861208,5.220283950485501,35,21,0,0,1,0,Benign,0
1,0.7788962660109564,6,4,220,588,13,0.9355724759615587,112.61945970180699,24,2,174,1,53,0,Attack_DataExfiltration,1
1,0.036481216660801855,0,0,1,6,18,0.045087715718324234,2.3077985335875053,32,9,2,1,1,0,Benign,0
3,0.01186013609483567,0,0,3,4,19,0.26153920571418643,1.4742021257893325,49,10,1,0,5,0,Benign,0
1,0.065298879686823,1,0,1,5,15,0.0720741527769236,3.00209980845,39,6,1,0,0,1,Benign,0
5,0.5732397315003749,1,1,0,7,3,0.1381112227126568,0.291938368325343,115,5,1,8,0,22,Attack_InsiderSabotage,1
1,0.030901752930013855,0,0,3,5,26,0.02134110847432184,1.3217455268903606,46,9,0,0,3,0,Benign,0
6,0.5413763569252256,1,0,0,14,0,0.05185677443844106,1.2636591743762469,92,4,1,17,0,21,Attack_InsiderSabotage,1
1,0.06473690922294181,1,0,0,3,27,0.2083941119005192,0.5377880299830343,51,8,2,0,0,1,Benign,0
2,0.07629346577100009,0,0,2,4,33,0.4710155889181755,0.4031724298859998,30,7,2,0,0,0,Benign,0
1,0.8032655186033433,6,4,228,593,8,0.8576281255601496,69.0582779364996,20,4,170,0,47,2,Attack_DataExfiltration,1
2,0.9645676445051908,0,6,259,613,16,0.8526019710497269,152.16587251880804,20,4,179,0,52,2,Attack_DataExfiltration,1
3,0.8172137516017837,3,7,249,593,13,0.7832011550187826,187.63828144087714,28,4,183,0,55,1,Attack_DataExfiltration,1
1,0.0056829556815191406,0,0,0,7,21,0.029009328611461615,2.6109890768037247,47,16,3,0,1,0,Benign,0
2,0.0028176544669990065,0,1,0,6,34,0.12393487471293993,6.933693020507415,37,10,3,0,1,0,Benign,0
1,0.04121427725954575,0,1,2,4,25,0.08249131861693261,6.908295516306637,43,8,1,0,1,1,Benign,0
1,0.009126008631183463,0,1,0,5,30,0.0845078536996733,1.8935931160198378,26,7,3,1,0,1,Benign,0
1,0.03974046943326173,0,0,0,4,21,0.04449902662158883,1.4123610734129615,49,11,1,1,0,0,Benign,0
1,0.6304943303962482,6,2,261,632,13,0.8818151405545126,343.1231773035505,22,4,175,3,44,2,Attack_DataExfiltration,1
1,0.0478906673772336,0,0,0,2,21,0.09955446017933575,4.178048831771208,43,11,4,1,0,0,Benign,0
4,0.021135087715931665,0,0,1,4,33,0.341007593716245,5.367875528860774,37,6,3,0,1,0,Benign,0
1,0.03792146733952917,0,0,0,12,30,0.21682766276058046,2.9610049972873003,53,9,1,0,0,0,Benign,0
2,0.07676820243678616,0,0,1,4,35,0.0280927003889419,12.178691368160258,29,9,4,0,0,0,Benign,0
2,0.00020973714225261988,0,0,0,5,32,0.1796922523542245,2.5602585533092728,39,7,4,0,0,2,Benign,0
2,0.009842251181711418,0,0,1,3,28,0.20719869752591744,2.765791099037544,42,14,4,0,2,1,Benign,0
1,0.0006933666465397641,0,0,0,2,27,0.3304092133634218,1.5313411210992134,39,9,2,0,1,0,Benign,0
2,0.5479998956769431,8,7,252,590,10,0.9715203309518118,65.3022840002609,19,7,165,2,53,1,Attack_DataExfiltration,1
1,0.022224860727166805,0,1,1,4,26,0.08155616279537492,7.500908055624633,32,13,2,0,2,0,Benign,0
1,0.011259066986348475,1,0,0,3,29,0.1793086996055782,1.6853963025473144,37,4,3,0,2,0,Benign,0
1,0.003842034846344285,0,0,0,7,30,0.1808503512020723,3.296178255088689,42,11,2,0,2,0,Benign,0
2,0.006219872021440259,0,0,0,3,30,0.2034289732035843,3.8775714895021203,51,9,0,0,2,1,Benign,0
6,0.8363720402071285,5,0,0,7,2,0.07524792712627615,3.2096279350344044,102,7,0,20,0,20,Attack_InsiderSabotage,1
2,0.09980148284503305,2,1,1,5,27,0.3538235847183393,0.7016116658665156,52,9,3,0,1,0,Benign,0
3,0.1153857145101133,0,0,2,6,27,0.5357977144265991,0.5763414327677436,44,5,1,0,0,0,Benign,0
3,0.018129155341607573,0,0,0,3,31,0.17125466511594065,0.9608658612160689,52,15,4,0,0,0,Benign,0
1,0.24180352154127535,1,0,3,3,28,0.2235750613560469,3.8469247907574795,42,9,4,2,0,0,Benign,0
1,0.04361167180889051,1,0,1,7,32,0.15928133115089077,3.1730799083304446,39,7,3,1,0,0,Benign,0
2,0.17616557167792846,1,0,2,4,29,0.17916372518045767,2.2661882004785197,44,7,3,0,0,1,Benign,0
1,0.06955532315820344,0,0,0,2,27,0.1939905873893915,0.6422655709222291,45,10,1,0,0,0,Benign,0
1,0.08792816950052916,1,0,0,5,18,0.1332259824118971,1.723507604157284,45,15,1,0,0,1,Benign,0
1,0.04450284854563244,0,0,0,8,29,0.08321957342797484,0.6469820801024107,38,14,3,0,2,1,Benign,0
4,0.025006057743301058,0,0,1,5,27,0.10282155804275034,3.1040290274604745,49,5,3,0,1,0,Benign,0
1,0.010297649499997853,1,0,0,4,32,0.3608040960739532,1.2945213792074364,27,6,2,0,2,1,Benign,0
1,0.10251552361072808,1,1,3,4,33,0.06830020897954502,2.5185140981132457,58,8,3,0,0,0,Benign,0
1,0.026100694606264317,0,0,0,6,26,0.1114686341470867,34.1177226945484,34,16,1,0,1,1,Benign,0
1,0.16498718964334422,0,0,1,5,31,0.36784412653421844,2.1285790048585818,40,16,1,1,3,0,Benign,0
1,0.6404722181700091,8,4,219,594,10,0.9588962017908549,151.7267033676121,25,2,166,1,47,2,Attack_DataExfiltration,1
1,0.02303051827099893,0,0,0,3,32,0.25397669158976965,9.074328191926234,44,16,3,0,1,0,Benign,0
1,0.021461439052295948,0,0,3,6,17,0.24663029264338296,3.426611981436397,37,13,2,0,0,0,Benign,0
1,0.014439642578341278,0,0,0,9,24,0.10356110665803507,1.4999061495097057,40,10,2,0,2,0,Benign,0
3,0.10957401541610728,1,1,0,7,26,0.17243698339694727,2.2363974749611844,36,9,2,0,2,0,Benign,0
3,0.08520297457556587,0,0,0,3,21,0.16549863454000838,4.387561541319871,46,9,4,0,2,2,Benign,0
1,0.07284161601804148,0,0,1,5,30,0.1307959164787041,2.117134814157998,35,6,1,0,1,0,Benign,0
2,0.19318382754110489,1,0,0,5,28,0.39567406986810655,3.205882491097784,20,8,1,0,2,1,Benign,0
1,0.015960698646553313,1,0,1,5,34,0.11965802050651107,2.752929591790192,43,15,3,0,2,1,Benign,0
1,0.00834351227968904,1,0,1,5,27,0.06393473136830963,16.239054665661556,47,9,2,0,0,0,Benign,0
1,0.02048956291089592,1,0,0,2,25,0.30990250038570366,0.6546726202581596,43,10,1,0,1,0,Benign,0
3,0.007183440470763833,0,0,1,5,18,0.4476453750493417,2.12386725998131,37,12,3,0,0,0,Benign,0
1,0.09536962864275775,0,1,0,7,29,0.15506673752600567,1.5779853283065326,43,11,3,0,1,0,Benign,0
2,0.021186477447076878,0,0,0,6,21,0.17089384839499608,13.405632916124578,39,14,1,0,1,1,Benign,0
1,0.032471430676113015,0,0,1,5,18,0.07734063217853725,2.0651038710725516,52,10,0,0,0,0,Benign,0
1,0.04606754228422439,0,0,0,6,26,0.051579363094431646,0.7938462619397024,35,3,1,0,1,0,Benign,0
3,0.00988672589016956,0,0,2,5,13,0.1290125722967656,1.027654169800592,36,6,2,0,1,1,Benign,0
3,0.030865429002110523,1,0,1,4,29,0.11478904096230416,7.604200307172924,36,13,1,0,2,0,Benign,0
2,0.05099287488683361,0,0,0,7,27,0.16878215734172639,8.736323626587682,32,11,3,0,3,0,Benign,0
1,0.02054019830702922,1,0,2,6,23,0.2995363342808977,13.351354524307304,42,7,2,0,2,0,Benign,0
1,0.4541713770572021,6,6,243,654,13,0.6932909402953342,252.79523066912805,19,7,171,0,50,0,Attack_DataExfiltration,1
3,0.47380094361838354,7,8,252,623,12,0.7287075451410702,116.15604946448971,17,9,175,3,59,0,Attack_DataExfiltration,1
2,0.0158357510478376,1,0,0,8,31,0.4086255249290021,6.090104470630805,36,7,1,0,2,0,Benign,0
1,0.00646940172737492,0,0,0,5,30,0.2160467438354542,1.1745060939342093,35,8,3,1,1,0,Benign,0
2,0.05562191834255719,0,0,1,4,30,0.2445853028769571,5.859323916450241,50,8,1,0,1,1,Benign,0
1,0.06388588728215686,0,0,0,10,23,0.1407721926533524,1.332648618473418,30,11,5,0,2,0,Benign,0
1,0.10746395593834657,0,0,1,9,23,0.3178960943698072,0.9672673403929812,38,9,4,0,1,0,Benign,0
1,0.12282934536871838,0,0,0,1,37,0.19967536942717234,0.19657671391352255,51,12,0,0,1,0,Benign,0
4,0.056614734855670944,1,0,0,3,27,0.010572122139338454,13.276711514910588,42,13,2,1,0,0,Benign,0
2,0.02712639819308595,0,0,0,9,23,0.23489792947909938,0.2959772804321847,41,10,0,0,2,0,Benign,0
1,0.07239069819023261,0,0,1,6,15,0.14138311049552715,4.1064878052708,48,6,2,0,0,0,Benign,0
3,0.012770623976929194,0,0,0,6,20,0.15043939034243886,4.437683002816706,48,9,1,0,2,0,Benign,0
1,0.07488457461796115,0,0,0,5,22,0.13334403178635232,3.0554600755417782,33,9,2,0,2,0,Benign,0
2,0.003377019427877493,0,0,2,9,27,0.11982834909875402,2.1556746551816945,35,9,3,0,0,0,Benign,0
2,0.0698705251709473,0,1,1,7,24,0.17590836202261786,3.9620625170726473,39,7,4,1,2,0,Benign,0
2,0.07119375641331996,0,0,0,7,22,0.13626628691109238,2.3520470817446446,50,7,0,0,3,0,Benign,0
1,0.03150155622849552,0,1,0,8,23,0.04002705856734067,3.0882503618631847,46,10,4,0,0,1,Benign,0
2,0.0113383082264737,0,0,1,6,27,0.1420090916743982,2.6646393212955815,42,10,0,0,1,0,Benign,0
4,0.6813113742974665,4,2,0,11,6,0.3752858146938883,2.1593172232801554,103,6,2,12,0,19,Attack_InsiderSabotage,1
1,0.011375803674207655,0,1,0,3,17,0.0207693411379557,4.327626543630923,44,12,3,0,2,0,Benign,0
1,0.014344566005418492,0,0,1,9,27,0.3128006276540084,1.8005093367846072,37,11,1,0,2,0,Benign,0
3,0.011415480256548477,0,0,0,5,29,0.13585114930109327,4.172869444532969,45,9,1,0,1,0,Benign,0
1,0.05916857186007773,0,0,0,2,23,0.2515071361746318,0.29915654312443446,34,15,2,0,0,0,Benign,0
1,0.004133225129484781,1,0,0,6,37,0.09448634149361214,2.3431273521912988,47,6,3,0,1,0,Benign,0
1,0.012858844498130356,0,0,0,5,20,0.1607354289097112,3.628128961437327,36,5,3,1,1,1,Benign,0
1,0.015427604900381375,0,0,2,5,26,0.17636822274316516,0.5019317621635193,43,12,4,0,2,0,Benign,0
2,0.23545601024812113,2,5,241,637,14,0.8744520063830582,325.81940736272156,26,4,159,0,47,1,Attack_DataExfiltration,1
1,0.09159577308886117,1,0,0,6,21,0.43508967156568684,1.8704241592072401,37,8,3,0,1,0,Benign,0
1,0.044026470228179036,0,0,1,5,33,0.13013069648888176,0.6829500819621304,36,3,0,0,0,2,Benign,0
3,0.0493296172161067,0,1,3,4,16,0.2570158738940074,7.964010517778624,40,11,3,0,2,0,Benign,0
2,0.041751283285678085,0,0,0,3,31,0.06636464636723709,3.8974896012039193,34,5,3,0,4,0,Benign,0
1,0.005639245023817024,0,0,1,5,27,0.16806164732350765,2.1796537593698204,35,8,0,0,1,1,Benign,0
4,0.0037446110839231468,0,0,0,4,26,0.30187821463753084,2.258014183155709,46,8,4,0,0,0,Benign,0
1,0.8770964167050244,6,8,222,573,12,0.7913135449248248,136.99430105092233,21,1,174,0,66,0,Attack_DataExfiltration,1
4,0.03434517002775693,0,0,1,10,25,0.1802535936535149,10.847873063282966,34,11,0,0,0,1,Benign,0
3,0.9155659152815299,5,9,259,606,13,0.8237176803676795,122.72256200489123,17,2,158,0,58,2,Attack_DataExfiltration,1
2,0.038377769421089065,0,0,0,5,15,0.12688508138609103,3.116251465404876,44,7,4,0,0,0,Benign,0
1,0.020994715216062314,0,0,0,4,23,0.06371116840497473,5.348546557356392,44,9,1,0,2,0,Benign,0
1,0.008642643697430235,1,0,2,10,29,0.05181379761801017,3.172528808518512,44,15,3,0,0,2,Benign,0
2,0.020287455415064017,0,0,1,8,24,0.1106762307611773,0.833740204665611,37,8,1,0,1,0,Benign,0
2,0.1682933756341873,0,0,1,4,26,0.08627255989353047,2.097444967823268,39,11,0,0,0,0,Benign,0
2,0.02218123926364611,0,0,0,4,25,0.1713785405070014,1.435204597353685,25,12,1,0,0,1,Benign,0
2,0.009448420832956278,1,0,1,6,29,0.21155534484332927,3.6187145293193477,39,11,2,0,1,0,Benign,0
4,0.023560826345832883,0,0,0,7,16,0.3117844351379112,3.417162773119709,49,13,1,1,0,1,Benign,0
1,0.07685316789635775,0,1,0,3,26,0.24677356859630087,9.952463832286439,37,10,0,0,4,1,Benign,0
2,0.0002877907421885597,0,1,0,7,30,0.018650819979634338,6.049007691949778,41,10,3,0,1,0,Benign,0
1,0.058481741947020244,0,1,0,3,26,0.0779176422354554,4.235505373440529,39,10,2,0,0,0,Benign,0
2,0.12008947307550537,1,0,0,4,20,0.0984572510748354,1.0339162349714435,41,10,0,0,0,0,Benign,0
3,0.08039935903796418,0,0,0,5,27,0.21206009877174833,0.7986700960924884,39,10,4,0,1,0,Benign,0
1,0.616278560565651,1,0,0,14,6,0.10018702870419456,0.7259290125168499,103,4,0,24,0,14,Attack_InsiderSabotage,1
1,0.04667945426193149,2,0,0,6,21,0.38129231990594264,4.38840002051459,35,15,2,0,4,0,Benign,0
2,0.0842186286792485,0,0,0,3,26,0.07624055893296797,3.8492001430827507,45,12,0,0,5,0,Benign,0
1,0.02609358479123881,0,1,0,5,28,0.1961382584567905,0.4902433048635062,44,8,4,0,3,1,Benign,0
1,0.002869413003801642,1,1,0,7,19,0.15971950269482016,5.654846513035938,49,6,3,0,0,0,Benign,0
2,0.009459916345140219,0,1,1,4,22,0.24467139147427985,3.4961983138105768,26,8,2,1,0,0,Benign,0
1,0.13611810715311207,0,0,2,6,30,0.07865930216367792,11.414145738302036,39,10,2,0,1,0,Benign,0
1,0.003635751546803824,0,0,2,5,25,0.27694327868488733,2.4477630523046736,28,6,4,0,3,0,Benign,0
2,0.17678608717952737,0,0,0,6,18,0.13515135769274841,10.192592866187258,33,12,1,0,1,0,Benign,0
1,0.009480026294251619,0,1,1,6,27,0.16097443255106977,0.6643997186992924,36,7,3,0,2,0,Benign,0
1,0.003040702829878552,1,0,0,3,24,0.258867026388589,3.1513361084053435,35,7,2,0,1,0,Benign,0
1,0.011828322370820167,0,0,0,4,19,0.07028312906337346,9.171650113649928,45,10,2,0,0,0,Benign,0
1,0.015161882476520429,0,0,0,3,26,0.14914533584848216,0.7321429544152583,35,12,1,1,3,1,Benign,0
1,0.17249563500069098,0,0,0,10,23,0.04007942410018551,0.6727114128765918,38,7,3,2,0,0,Benign,0
1,0.07178482611049011,1,0,0,6,34,0.318635556313775,2.228126733994081,34,9,6,0,1,0,Benign,0
2,0.4741026338707544,6,6,254,592,12,0.8242517711622553,372.88104124417106,9,3,167,1,49,0,Attack_DataExfiltration,1
1,0.12724923148697884,0,1,0,6,33,0.44040174277325156,2.8322873157353077,45,6,2,1,0,0,Benign,0
1,0.5089769671605135,6,8,237,626,11,0.959166206476066,132.13161872385635,18,6,149,0,56,2,Attack_DataExfiltration,1
8,0.5960678570742827,2,0,0,7,7,0.05834423539202301,0.3017424491703874,108,2,2,14,0,16,Attack_InsiderSabotage,1
5,0.07513073468630503,0,0,0,5,23,0.13415053931314475,5.404405341749134,37,19,2,0,0,2,Benign,0
1,0.04453047873592332,0,0,0,5,27,0.12318697123846137,0.3304890040208068,48,13,2,0,1,0,Benign,0
3,0.6259966830256075,3,1,0,13,5,0.13268255124334385,0.8433287233336135,96,7,1,13,0,18,Attack_InsiderSabotage,1
1,0.004880861951515575,0,1,0,5,27,0.17053899777102252,6.629687882187891,42,10,4,0,0,0,Benign,0
1,0.028429514443763355,0,1,1,5,22,0.06019111416131618,1.5550711644587776,38,14,1,0,0,1,Benign,0
1,0.08130241281517295,0,0,2,7,23,0.09797181029251469,2.701366478826547,44,17,1,0,3,0,Benign,0
2,0.09161409428937096,0,0,0,3,29,0.23981107568408375,2.6610089521143174,51,11,0,0,0,0,Benign,0
1,0.09255943669459919,0,0,0,5,27,0.0537135941734971,21.670495521540975,35,2,3,0,3,0,Benign,0
1,0.05156229464760983,0,0,0,6,21,0.15472193532769604,7.035482064298145,45,20,2,0,0,0,Benign,0
1,0.013820135936638707,0,0,0,3,20,0.16326132981583033,6.026998457504845,35,14,0,0,1,0,Benign,0
1,0.04762941987067698,0,0,1,5,28,0.2195586637289238,21.79367745645713,46,10,0,0,0,0,Benign,0
1,0.03779446751847816,0,0,0,7,22,0.218555950023431,2.396699491525993,37,7,4,0,2,0,Benign,0
1,0.09659966285075007,0,0,1,1,32,0.13902179812656576,0.7833952081884268,40,10,3,0,0,2,Benign,0
3,0.027146069630597344,0,0,0,6,26,0.23307989070397137,2.5704689054119925,49,11,0,0,1,0,Benign,0
2,0.0988031793082526,0,0,1,9,23,0.6548256479522011,9.21553549168706,43,7,4,0,2,1,Benign,0
1,0.06581340988795811,1,0,0,4,22,0.3602917972225041,2.8102860193337147,35,7,1,0,2,0,Benign,0
1,0.08107245252035941,0,0,1,6,27,0.07176433490011168,2.5973071647968453,41,12,5,0,0,0,Benign,0
5,0.017839605629641046,0,0,3,6,22,0.17521881853283178,2.7860810112277696,44,10,0,0,0,0,Benign,0
2,0.00466327931106873,0,0,0,2,32,0.19329354119736447,3.458488507979038,29,13,0,1,0,0,Benign,0
1,0.5768371220651729,4,6,233,617,20,0.8876148648426828,179.41809417365855,17,5,182,0,53,1,Attack_DataExfiltration,1
1,0.03343112656699223,0,0,1,3,19,0.27113658325948486,8.869064976262552,30,7,1,0,2,0,Benign,0
2,0.053723796787433435,0,0,0,3,26,0.19132527514768277,4.957573166756165,40,7,5,0,1,0,Benign,0
2,0.06146718070517118,0,1,2,4,25,0.12303182694706155,0.6670536219669119,46,16,2,0,1,0,Benign,0
1,0.14659091491636358,0,0,1,5,29,0.17071744865525348,2.945956417426903,38,9,3,0,2,1,Benign,0
1,0.011354056967154002,1,0,0,3,23,0.10499249474538756,1.3689304412245762,51,10,2,0,3,2,Benign,0
2,0.023026344858288056,0,1,0,8,25,0.05065703017148503,0.9584884439245127,44,11,1,0,0,0,Benign,0
1,0.024866253525264326,0,0,0,7,27,0.34488774899563623,1.8750856412911163,41,13,6,0,0,0,Benign,0
5,0.0005337323943325208,0,0,1,3,28,0.28230462348284174,4.154765094550408,28,13,2,0,1,0,Benign,0
3,0.7230316674568522,5,2,0,9,6,0.08999744625623324,6.124417994578647,110,7,3,18,0,14,Attack_InsiderSabotage,1
2,0.006312834065946234,0,1,2,8,21,0.1707805629747334,5.497626386719676,42,9,2,0,0,0,Benign,0
3,0.026652752827173814,0,0,0,11,28,0.13614234496030184,1.151213158265071,43,14,1,0,0,0,Benign,0
1,0.029496633943907894,0,0,0,3,24,0.3392931772460821,7.404380063070626,40,12,0,0,0,0,Benign,0
2,0.05755052637943219,0,0,1,8,20,0.15926023073445852,3.536611284165423,40,5,1,0,0,0,Benign,0
1,0.1386326802032601,0,1,1,7,25,0.38205281018309334,4.841195093094894,39,7,4,0,0,0,Benign,0
3,0.17931785677066953,0,0,0,6,33,0.23578155046995553,0.8479250936691048,46,8,1,0,0,0,Benign,0
2,0.09360954954786682,0,1,0,8,26,0.07636071157684182,2.076053970864218,33,11,4,0,1,0,Benign,0
1,0.0681783011322673,0,0,1,3,31,0.16748182201786155,1.7979695276075356,43,10,0,0,0,0,Benign,0
3,0.026771798502392738,1,0,2,3,22,0.07484913271883689,9.840534948032909,31,5,0,0,0,0,Benign,0
9,0.5338098197974853,5,3,242,628,17,0.7546130286978402,269.57427628116466,24,2,180,2,49,0,Attack_DataExfiltration,1
2,0.03437102359690268,0,0,1,4,31,0.19322967735773555,8.042725434974257,47,7,3,0,3,2,Benign,0
1,0.009831382746103389,0,0,0,5,26,0.09142080539684114,1.0355973246791639,47,5,4,1,1,0,Benign,0
2,0.004854574730248005,0,0,1,5,28,0.19386179398879982,0.41442626574134517,32,13,3,0,1,0,Benign,0
1,0.13749492006551894,0,0,0,6,33,0.42241422614931085,3.3063190983981694,43,6,0,1,1,0,Benign,0
2,0.08138171091525717,0,1,0,2,27,0.3928607517175166,1.7922813672121838,41,11,1,0,1,0,Benign,0
2,0.004644986593543758,0,1,1,7,19,0.09794755309398583,4.121695546297586,40,9,2,0,1,1,Benign,0
2,0.03859851169856252,0,1,0,4,34,0.15978861597373925,6.779346933397511,33,5,3,0,0,0,Benign,0
2,0.06414818102400834,0,0,0,8,19,0.17288707662234368,1.7896723458547736,37,11,1,0,0,0,Benign,0
2,0.024149712918918338,0,0,1,9,27,0.3507569685760703,1.3215990030819385,44,13,2,0,3,0,Benign,0
3,0.04882937762116927,0,0,0,5,22,0.08950375216766239,1.843725177941136,45,7,5,0,1,0,Benign,0
1,0.057225472788786313,0,0,1,6,25,0.3916722552667707,4.019872697244612,46,9,3,0,0,0,Benign,0
1,0.13693182149016403,0,1,0,4,24,0.04202085316692896,10.555151172193904,43,17,4,1,0,1,Benign,0
4,0.007740238978672652,0,1,0,4,29,0.19323275780234306,2.88482145020573,33,9,4,0,1,0,Benign,0
2,0.005928306498494023,0,0,1,7,20,0.09928602533536961,5.725034499958083,43,6,0,0,0,1,Benign,0
1,0.009553679108515971,2,0,2,4,26,0.23829034157462933,3.734880220158676,49,9,1,0,3,0,Benign,0
1,0.017834968244113944,1,0,0,3,35,0.04642589960833777,5.290858535819132,34,6,3,0,3,0,Benign,0
6,0.5473555969034084,0,5,0,6,5,0.1721639202690114,1.4937861037890507,105,7,3,19,0,23,Attack_InsiderSabotage,1
2,0.03306475403386292,0,0,0,6,24,0.018428885709162048,1.0321131194798026,42,12,2,0,1,1,Benign,0
1,0.07720558913327737,1,0,0,3,19,0.27478113215249683,0.945265807966565,44,9,1,0,1,0,Benign,0
2,0.0011343836432237088,1,0,1,5,21,0.09892826214117081,0.6884678274900694,43,16,5,0,1,0,Benign,0
1,0.03282484099370961,0,0,1,1,25,0.0954785555234464,1.0677074925083654,42,8,1,0,0,1,Benign,0
3,0.06827774473122016,0,0,2,2,31,0.15610967300977874,4.954126239846863,21,12,3,0,2,0,Benign,0
1,0.9436820182975731,3,8,256,587,14,0.8796952159479642,271.13309113071205,17,2,158,1,48,2,Attack_DataExfiltration,1
1,0.05820816221224367,0,0,1,6,19,0.1991478227983821,2.848117727305749,29,13,4,0,0,0,Benign,0
1,0.04107624169167082,0,0,2,3,22,0.28821088964611663,8.69501033490263,43,7,0,0,1,0,Benign,0
3,0.7467694496902675,7,7,210,607,17,0.8897707401923471,137.17937065992405,17,7,176,4,53,2,Attack_DataExfiltration,1
4,0.894039340746549,6,8,251,604,12,0.8795737963176564,149.04659888531262,12,4,166,0,54,2,Attack_DataExfiltration,1
6,0.7137410449123723,1,0,0,13,6,0.03166557627627683,1.494106575347993,107,6,2,16,0,18,Attack_InsiderSabotage,1
1,0.00592629059150721,0,0,0,5,22,0.3941582563678504,3.3125244193083585,35,13,1,0,4,0,Benign,0
1,0.07445715292819896,1,0,0,5,18,0.07082641067901821,4.5431461031122415,37,14,0,0,2,1,Benign,0
4,0.11187699898311088,1,0,3,3,28,0.34268578201228966,2.157407237598492,37,6,1,0,0,2,Benign,0
1,0.011459160427135068,0,0,1,3,25,0.060092022576909,4.3479515001704065,41,9,1,0,1,0,Benign,0
4,0.15914530216900782,0,1,1,7,23,0.1088965096912969,6.244612199418416,42,10,1,1,0,0,Benign,0
2,0.7333871554422383,2,5,255,568,17,0.7460259291564115,118.72691680279925,25,5,161,1,51,2,Attack_DataExfiltration,1
2,0.14399213354237392,0,0,0,2,33,0.08984300762897222,2.304169307768097,44,9,2,0,0,0,Benign,0
1,0.0016667055463615173,0,0,1,5,35,0.31793869579011425,1.7302585726658184,51,9,0,0,1,1,Benign,0
1,0.00449877939205833,0,0,0,7,21,0.06655484754940193,5.04249828155662,44,11,4,0,0,0,Benign,0
2,0.8874984627173452,7,5,248,600,21,0.8780023912693982,103.39131288682525,25,6,162,1,38,0,Attack_DataExfiltration,1
1,0.13611424716147638,0,0,1,4,16,0.04465220671013296,4.8951032658512394,38,11,5,0,0,0,Benign,0
2,0.15318532173057475,1,0,1,6,27,0.051540689464227116,5.153734389064861,45,10,4,0,2,0,Benign,0
1,0.0266581984848113,1,1,0,5,25,0.3069664329067327,4.029364277951628,41,8,2,0,1,0,Benign,0
1,0.005389024253862046,0,1,0,4,28,0.0686024493192676,1.2358037362906378,32,20,1,0,3,0,Benign,0
3,0.08333679107336568,0,0,0,6,19,0.13442386867855682,5.730676218846092,39,8,2,0,1,1,Benign,0
2,0.047387297379600644,0,0,0,5,28,0.20889651305186985,10.244387570653913,51,5,1,0,0,0,Benign,0
1,0.8092116850916485,1,6,223,608,8,0.8490095483740091,64.28581012594097,24,0,159,0,42,0,Attack_DataExfiltration,1
1,0.018864096144664628,0,0,0,5,19,0.10812906057935784,1.1789156977844493,36,12,5,0,1,0,Benign,0
2,0.05424094243568627,1,0,0,2,26,0.13061530168242735,1.9128505980123387,37,17,3,0,0,1,Benign,0
2,0.015475522517168024,1,0,0,1,25,0.1023604304438082,6.677709365157469,32,17,4,0,0,0,Benign,0
3,0.03678197266317542,0,0,2,13,31,0.17528530049881944,6.996980795929733,40,13,3,0,2,0,Benign,0
2,0.03386279419875339,0,0,0,7,28,0.07081747516855322,4.38035398850307,40,5,4,1,1,0,Benign,0
4,0.27864488121551334,5,2,0,6,6,0.008007302483748516,0.5515481197476368,121,8,0,14,0,18,Attack_InsiderSabotage,1
4,0.040276438838134615,0,0,0,5,33,0.12577521502158504,0.18520504642309224,49,14,2,0,1,0,Benign,0
1,0.016618504178669478,0,0,0,2,28,0.2911178933734407,0.2704783762719526,39,7,0,0,0,0,Benign,0
1,0.010432886372611264,0,0,0,10,25,0.051819634957427634,1.9769832561014584,44,9,1,0,3,1,Benign,0
1,0.01585329856102142,0,0,0,4,27,0.1298130273467411,3.2621368648255116,42,11,2,0,1,0,Benign,0
2,0.07758984928468009,0,0,0,2,31,0.10028487288145382,1.3969004130189209,47,9,1,0,1,1,Benign,0
2,0.011615079229248284,0,0,0,6,23,0.2531501917830848,2.6583331437091378,37,11,1,0,2,0,Benign,0
1,0.07677595295596153,0,0,1,6,27,0.09486465439768248,4.4949417139385615,37,9,2,0,0,1,Benign,0
2,0.05028424829060533,0,0,0,4,28,0.11316720038845389,34.54174151670989,39,7,2,1,0,0,Benign,0
2,0.008936486144769265,1,0,0,3,28,0.1207536433301505,2.2107463631941497,37,9,3,1,0,0,Benign,0
1,0.011798591973177718,0,0,0,4,20,0.16295755893701297,22.787829187131173,37,10,1,0,1,0,Benign,0
1,0.050060783449957506,0,0,0,7,35,0.1019885507659284,1.7014238109412254,32,8,2,1,1,1,Benign,0
1,0.007128867789068047,1,0,1,3,29,0.27097180940666765,6.2009077466944245,41,10,2,0,0,0,Benign,0
3,0.06585743591148238,1,1,0,6,28,0.19423070293220365,1.531895600986133,38,11,2,0,2,0,Benign,0
2,0.0018135244951802071,0,1,0,11,28,0.033574599515977833,7.874958084448448,40,14,3,0,1,1,Benign,0
2,0.038420637060033555,0,0,0,4,27,0.06033395291513911,3.5264737473092502,42,9,0,0,0,0,Benign,0
2,0.05361832845817176,0,0,1,5,21,0.082681555080598,1.7232995605588757,46,15,2,0,1,1,Benign,0
1,0.044976932968238945,0,0,0,6,24,0.18068676787677632,1.5725459429867643,31,14,4,0,1,1,Benign,0
1,0.0435900464248321,0,0,0,4,26,0.07332036566837805,2.587605904934801,36,16,0,0,1,0,Benign,0
2,0.8339740687611992,6,6,258,586,13,0.9077762915018811,346.8254784856843,13,7,165,0,42,1,Attack_DataExfiltration,1
1,0.053506583079917035,0,1,0,7,20,0.20683830961780658,9.979835014051456,36,9,1,0,1,0,Benign,0
2,0.009772332660029907,0,0,1,4,31,0.2453867888281432,3.554046944274214,38,14,0,0,0,0,Benign,0
3,0.02584356415216166,0,0,0,5,19,0.06448229825036687,0.6856890777374545,36,9,0,0,1,0,Benign,0
2,0.020011777264670568,0,0,5,3,24,0.21265841800346139,1.7072155714796535,40,8,1,0,1,0,Benign,0
3,0.004682897884780222,0,0,0,3,27,0.030991496798057076,1.3266314311780185,36,5,2,0,1,0,Benign,0
5,0.654289036799626,6,11,238,608,17,0.9389177042712388,168.9757048303378,29,6,167,3,51,0,Attack_DataExfiltration,1
1,0.0016183696936990413,1,0,0,3,25,0.03324062804984119,10.314827280736738,27,5,1,0,0,0,Benign,0
4,0.7025239047687293,3,6,220,607,11,0.6793406839560014,156.29883603958618,13,8,148,1,45,0,Attack_DataExfiltration,1
1,0.042810382600106785,0,0,2,8,24,0.1478598872918375,1.13360715175868,39,11,5,0,0,1,Benign,0
1,0.005091388003631736,1,1,0,5,25,0.1934840470693794,5.681178245060012,44,9,3,0,0,0,Benign,0
1,0.7624098659143739,11,12,254,580,15,0.9520693118875694,228.69691132411117,16,5,195,2,53,1,Attack_DataExfiltration,1
2,0.017072900068264132,0,0,1,6,26,0.2984151183567228,4.02407824559904,51,6,2,0,2,0,Benign,0
2,0.007951767636529083,1,0,0,5,31,0.14764337361963503,1.87047106511921,37,14,1,0,3,0,Benign,0
1,0.00728841779224787,1,0,0,2,24,0.12079341469376291,0.40922834683255577,35,15,5,0,2,0,Benign,0
1,0.029355159307181494,0,0,0,4,28,0.1252669486525352,1.4224686414515193,44,13,2,0,1,1,Benign,0
2,0.006520846802266511,1,0,0,3,33,0.1154714145462558,9.05834665544021,51,5,2,0,0,0,Benign,0
2,0.0012387294590821974,1,0,0,8,23,0.0768896086182577,19.880660576093586,51,10,1,0,1,1,Benign,0
1,0.006856500897262964,0,0,0,3,34,0.11331213923694526,4.218373896183413,46,7,0,0,1,1,Benign,0
2,0.021591676082797568,0,0,1,10,30,0.07621820063679914,2.6561278511896567,42,9,2,0,1,0,Benign,0
1,0.05434325023154049,1,1,0,7,16,0.07840448970189097,5.983367455926207,44,9,1,0,1,1,Benign,0
2,0.029127554327681746,1,0,1,2,20,0.09127601604685401,0.8192810247335544,31,6,2,0,4,0,Benign,0
2,0.050984237862384645,0,0,1,6,26,0.3739666027729381,1.068579311345272,45,12,1,0,1,0,Benign,0
2,0.03065092376902912,1,1,0,4,28,0.074758055524313,3.612612896483051,29,11,2,0,0,0,Benign,0
1,0.08230573037433152,1,1,1,3,26,0.14113921993106568,2.5430606294128926,31,14,2,0,2,0,Benign,0
1,0.0011067749093578488,0,0,0,1,30,0.14896434481298715,3.35920642590977,38,12,1,0,1,1,Benign,0
2,0.0026527135193382457,1,0,0,4,21,0.11046472884406955,8.587703755437213,38,7,1,0,1,0,Benign,0
5,0.025512844122783596,0,0,1,7,22,0.3065974331388608,5.615129445233029,43,9,4,0,0,0,Benign,0
2,0.07979634505088004,0,0,0,5,21,0.10267548308308376,0.9246550550858147,36,12,1,0,2,0,Benign,0
2,0.006504647913025104,0,0,2,1,22,0.36669520626080204,2.7563909674402294,33,8,5,0,0,0,Benign,0
1,0.0218796589287344,0,0,0,4,25,0.06338124255007753,1.4102810512423378,34,11,1,0,1,0,Benign,0
2,0.08055603487269737,1,0,0,4,28,0.17149284997464265,7.846486296401489,49,5,4,0,0,0,Benign,0
3,0.8117984752211518,3,0,0,13,4,0.032896545745065404,1.8091383171048896,102,5,1,14,0,18,Attack_InsiderSabotage,1
1,0.05323044503643271,0,0,0,7,19,0.05322816893965128,3.0546063085291553,42,5,3,0,0,0,Benign,0
1,0.012051552386930389,0,0,0,3,37,0.28516103305470863,12.031935480041478,42,9,3,0,0,0,Benign,0
1,0.012806267708629497,0,1,0,6,21,0.19635082303258625,2.646881054163986,41,13,2,1,0,0,Benign,0
3,0.08555215074504,1,0,0,2,21,0.08656498622406451,2.168010732950289,34,11,2,0,1,1,Benign,0
1,0.011772873851014233,0,0,0,7,18,0.4103160817869706,3.6028413228223797,46,10,1,0,0,0,Benign,0
2,0.04473081608873198,1,0,0,5,15,0.20680468596194485,5.770199429702539,40,9,2,1,1,0,Benign,0
2,0.15110548361358145,0,0,0,6,36,0.20982137003409637,11.484608042675621,47,14,2,1,0,0,Benign,0
1,0.010495303737500456,0,0,0,6,25,0.13003344400888842,20.46710067821899,42,9,2,0,0,0,Benign,0
2,0.020587214170790763,0,0,0,4,21,0.33429173837289394,2.3017156466760302,35,10,2,0,0,0,Benign,0
1,0.9503968633459177,3,6,260,618,12,0.9101436919810625,283.68218428358466,14,7,176,5,47,0,Attack_DataExfiltration,1
2,0.07458766158127501,0,0,0,4,26,0.04636588129270589,1.7243567048575317,41,14,1,1,1,0,Benign,0
2,0.08032807106613286,0,0,1,8,21,0.11529934207580937,9.453560837745101,37,11,4,0,0,1,Benign,0
4,0.44724088521121486,4,0,0,8,3,0.0320077964797207,0.5823476926462459,92,5,0,15,0,14,Attack_InsiderSabotage,1
2,0.06650899347692214,0,0,0,2,37,0.10173009105590972,5.749343435420806,35,11,4,0,0,0,Benign,0
2,0.010123581188788366,1,0,0,3,32,0.025398439990419765,3.5982435844388414,41,13,2,0,1,1,Benign,0
3,0.8561715384835149,5,7,242,554,11,0.8212085694908853,108.1343014173921,21,1,153,3,49,1,Attack_DataExfiltration,1
1,0.06126588911704628,0,0,0,5,29,0.19862361188046349,7.353794327138217,34,17,2,0,1,0,Benign,0
5,0.7250092546916602,3,7,260,632,13,0.820845103180225,258.74550974141977,13,3,179,2,53,2,Attack_DataExfiltration,1
2,0.021289742526660434,0,0,1,4,29,0.12077447189340128,3.0511258624057627,38,8,3,1,2,0,Benign,0
1,0.9476839861401003,3,6,247,580,12,0.6555636088719423,115.74466560032083,30,4,161,0,47,2,Attack_DataExfiltration,1
1,0.031385510458475645,1,0,0,5,25,0.17452854021610414,0.46953352890624533,54,5,1,0,1,1,Benign,0
2,0.9428686549481553,6,9,263,594,13,0.8055477916372994,162.39935410538644,10,9,167,0,57,3,Attack_DataExfiltration,1
4,0.004672793328200171,0,0,0,6,37,0.20646051970070742,6.981821003806645,33,6,2,0,3,0,Benign,0
1,0.05349057368681915,0,1,1,5,20,0.23810549674614567,2.435184289438166,40,11,5,0,1,1,Benign,0
1,0.017209613666590445,1,1,0,2,23,0.05514734273479532,7.0719091795427,43,7,0,0,0,0,Benign,0
1,0.3815754246201604,1,4,249,578,20,0.8535087035787627,155.42915841996526,20,3,177,0,49,4,Attack_DataExfiltration,1
3,0.012333695203191726,0,1,1,8,25,0.11268538295293104,2.106512474423548,39,12,3,0,3,1,Benign,0
1,0.09311235268131314,1,0,1,2,41,0.23049299866189296,2.405595473108046,42,5,2,0,0,1,Benign,0
1,0.014980957380531037,0,0,0,3,29,0.03512120613981838,3.9822721956306797,42,16,1,0,2,0,Benign,0
1,0.03173770294525811,1,0,0,6,30,0.10225111803277373,13.840365163000353,44,9,3,0,1,1,Benign,0
2,0.814903117257256,4,6,250,604,11,0.7348930173722142,153.22378543400777,18,7,149,1,50,0,Attack_DataExfiltration,1
1,0.06383844505494345,2,0,0,9,23,0.2516689968977245,1.392360217380853,43,5,2,0,0,0,Benign,0
3,0.006217121863251091,0,1,0,5,25,0.20089048467334591,1.9805995257960687,46,10,0,0,0,0,Benign,0
2,0.10580248815924788,0,0,0,6,31,0.16746126014632343,5.7340339909306275,41,8,1,0,0,1,Benign,0
1,0.049577200126666894,1,0,0,7,26,0.2473440596875321,1.0830193746302492,47,8,1,0,1,0,Benign,0
1,0.020277123388989564,0,0,0,3,24,0.5116938775930998,0.6923477353788947,33,11,2,0,2,0,Benign,0
2,0.43000176339374774,2,1,0,12,6,0.004633771063646067,0.1856423039102569,112,8,0,18,0,11,Attack_InsiderSabotage,1
5,0.5034494014951247,0,0,0,12,4,0.13340228091945233,2.6474593780331106,100,2,1,12,0,15,Attack_InsiderSabotage,1
1,0.02016025268610368,0,0,0,5,29,0.1540724699739127,1.5155619554382778,44,10,3,0,0,1,Benign,0
1,0.008239337473309594,1,1,0,2,31,0.41224286625479206,2.083444153907378,47,5,2,0,0,1,Benign,0
1,0.008033483751911145,1,0,0,5,33,0.011618506473995639,6.209372715515668,42,9,3,0,1,0,Benign,0
4,0.31162236505894614,1,1,0,12,6,0.10065060908544698,0.6470149145508871,95,5,0,10,0,17,Attack_InsiderSabotage,1
2,0.0109061490733001,0,0,0,7,18,0.061311711544172656,3.3402199639320544,41,10,1,0,0,0,Benign,0
1,0.02031798937608194,0,0,1,8,26,0.08905704346316407,1.7441884608508818,27,14,1,0,1,1,Benign,0
1,0.0005998604488495186,0,0,1,3,28,0.21334169969221398,7.042983942713551,43,13,1,0,1,0,Benign,0
1,0.0380061300139054,0,0,0,4,31,0.07243830306067399,23.256059281227483,50,11,1,0,1,0,Benign,0
1,0.07496314680994895,1,0,0,4,23,0.15044028490406766,2.6923965756464665,40,14,1,1,1,0,Benign,0
2,0.00942886090214392,0,0,2,10,24,0.13287249596376535,3.732391490019716,53,8,2,0,1,0,Benign,0
1,0.12392397255332292,0,0,1,8,25,0.03536108122456565,4.106112086799835,46,8,1,0,1,1,Benign,0
4,0.14049321694057945,0,0,0,5,18,0.05879449410511019,4.365402788816534,43,6,2,0,0,0,Benign,0
1,0.007434476530878668,0,0,0,2,25,0.1579609961026511,0.28138487273451535,33,4,2,0,2,0,Benign,0
3,0.00024225982799404855,1,0,1,4,25,0.046301092926416945,7.9335089751071015,31,14,1,0,3,0,Benign,0
6,0.703803009749208,1,0,0,6,3,0.1196027368082971,0.2848253956998099,98,7,0,19,0,13,Attack_InsiderSabotage,1
1,0.02503463015722118,0,0,0,6,29,0.14018695275902673,0.8694111825840247,36,10,6,0,0,1,Benign,0
1,0.06038556250311108,0,0,0,3,27,0.23089082230511782,12.400357351519778,38,6,4,0,1,0,Benign,0
2,0.023988288786629473,0,0,1,5,27,0.5548050788972583,1.2794720154433987,37,10,3,0,1,0,Benign,0
1,0.024731859918317122,0,0,0,5,26,0.14403133190253636,1.3356859659852467,46,10,3,1,0,1,Benign,0
2,0.6873945288156457,7,7,244,598,15,0.8907742091447965,182.5124476665713,28,3,164,1,56,0,Attack_DataExfiltration,1
3,0.02273332545220052,0,0,2,3,24,0.07435882248786971,14.336589151650587,42,16,5,0,0,0,Benign,0
3,0.1724671540578998,1,0,0,4,31,0.0820291098246832,0.9567732598076519,44,7,3,0,0,0,Benign,0
2,0.04661892789771543,0,0,0,2,21,0.1342110082836383,0.16698615155772636,41,9,2,0,1,1,Benign,0
3,0.8793753110254358,5,1,0,7,8,0.10100205566632026,0.23380972271704745,97,5,1,15,0,21,Attack_InsiderSabotage,1
1,0.010437696685297825,0,0,1,8,29,0.03636444705637456,0.37647822832889294,36,8,1,0,0,0,Benign,0
1,0.10802706862012922,0,0,0,4,20,0.1375428473619856,0.5070539057771166,34,8,3,0,1,0,Benign,0
1,0.033068909832091334,0,0,0,5,25,0.0874278954468998,2.2685140266863666,49,9,2,0,2,1,Benign,0
2,0.030132465804361862,2,0,1,3,37,0.04190282629473204,3.933478329524109,37,12,0,0,0,2,Benign,0
2,0.014112825467853845,1,0,0,4,36,0.1618900063218751,1.7535518221096795,31,11,3,0,0,0,Benign,0
1,0.04453698974929493,1,0,1,3,22,0.18260659311848612,1.4348396611062493,37,13,6,0,0,1,Benign,0
2,0.06893276110655187,1,0,1,7,22,0.09135877709501135,10.970277713413948,33,19,2,0,1,0,Benign,0
1,0.08859284479803733,1,0,0,3,23,0.2559913142668912,8.704839321943014,35,11,2,0,2,1,Benign,0
1,0.04492247531087175,1,0,0,6,19,0.12536634725383522,1.1141211816531373,33,11,2,1,1,1,Benign,0
4,0.19855128303182687,0,1,0,12,2,0.028343686231987363,3.8943688657721762,95,5,2,17,0,19,Attack_InsiderSabotage,1
3,0.002489175333824127,0,1,0,7,28,0.24055041720635034,0.5397435276854576,38,10,0,0,2,0,Benign,0
1,0.08672437583129326,0,0,0,8,19,0.07144197411517676,2.2130150566541458,41,14,1,0,1,1,Benign,0
3,0.003216086801750627,0,0,0,4,15,0.3535392030846863,3.614596087933211,45,8,2,0,0,0,Benign,0
2,0.7363039447642414,2,0,0,6,5,0.01548675424309405,1.1795893003684566,112,6,3,11,0,26,Attack_InsiderSabotage,1
1,0.07430375491844558,2,0,0,4,22,0.10130848751708742,1.6312396490217258,38,10,3,0,0,0,Benign,0
2,0.016605069589480922,0,1,0,2,21,0.1525271401189068,3.936464030553388,36,6,2,0,2,0,Benign,0
1,0.007857334597611225,0,0,0,7,31,0.1721045953758572,1.7333879876790952,44,8,3,0,3,2,Benign,0
3,0.032151452530516,0,0,1,6,28,0.3561873533824191,3.9143539266689515,33,10,5,0,1,0,Benign,0
1,0.09621076561530818,0,0,1,2,29,0.06704217738600982,11.32410550444914,45,8,2,0,1,0,Benign,0
3,0.3899829673557819,7,3,0,13,5,0.18651874203009508,0.6322366796686361,95,6,1,15,0,24,Attack_InsiderSabotage,1
1,0.14230307518356602,0,0,0,6,18,0.0342284949955057,2.3206712571454893,42,11,0,0,1,1,Benign,0
1,0.5331254645053094,6,4,260,580,12,0.4474106677636126,159.49370298618453,15,2,144,2,49,0,Attack_DataExfiltration,1
2,0.025122604156658526,0,1,0,7,26,0.06500590396061975,1.614734556099623,35,3,4,0,2,1,Benign,0
1,0.02176030775212188,1,0,0,7,28,0.19368970537219846,11.264180658763241,32,13,0,0,0,0,Benign,0
1,0.018655038140245283,1,0,1,2,27,0.19548675661277898,1.1333158634874128,36,4,3,1,0,0,Benign,0
4,0.568148979729097,5,1,0,13,4,0.040491136148750745,5.199429796377588,84,6,2,17,0,18,Attack_InsiderSabotage,1
2,0.0477888122615494,1,0,0,13,27,0.09426354185967653,2.8951832315620925,46,8,4,1,3,0,Benign,0
1,0.14392742297787123,1,0,0,6,24,0.13665913495685236,1.9374515287924101,34,11,2,1,1,1,Benign,0
8,0.2049552223366247,2,2,0,10,4,0.20732391724707847,0.8585041880177745,106,3,1,11,0,20,Attack_InsiderSabotage,1
4,0.011741573108014174,0,0,2,4,31,0.17743008433351673,2.827783151805542,44,4,2,0,3,0,Benign,0
1,0.008720516056806286,0,1,0,5,17,0.11109363902951405,5.3868355261132645,43,12,1,0,0,1,Benign,0
1,0.8695232256136438,2,5,221,554,18,0.749695102924888,125.29433860391029,19,1,153,2,45,1,Attack_DataExfiltration,1
1,0.0012400914828816748,0,1,1,5,25,0.1879295642355528,3.6195427033538152,37,15,2,0,0,0,Benign,0
1,0.009935827606284661,0,0,1,3,23,0.27984001389819674,2.2257375599205456,30,9,0,0,1,0,Benign,0
3,0.49022619067909556,6,7,241,640,10,0.8973420570830284,97.06548528437891,32,7,151,1,53,1,Attack_DataExfiltration,1
1,0.034312137196290414,0,0,1,11,14,0.14334330844132573,0.874518283140142,43,17,4,0,0,1,Benign,0
1,0.00993323958887204,0,0,0,6,25,0.15160579215404615,2.096920813284859,34,8,1,0,1,0,Benign,0
9,0.5249532183812388,4,2,0,8,5,0.021657261275929294,0.3807055158355368,93,3,0,22,0,23,Attack_InsiderSabotage,1
1,0.006175598768989383,0,0,1,8,23,0.20438493111281056,16.294368053575162,33,10,2,0,3,1,Benign,0
1,0.01762613558296058,0,0,0,3,25,0.04769049283934603,7.839702195921168,45,9,5,0,1,1,Benign,0
4,0.05174907360110418,0,0,0,4,22,0.2380130033597216,0.11387440878317968,51,9,1,1,1,1,Benign,0
5,0.5581001219568673,2,3,261,597,19,0.8608644882987351,149.97174947472755,15,7,162,0,60,0,Attack_DataExfiltration,1
5,0.6792975310945965,2,0,0,10,3,0.06160150085672031,0.6498849829427858,107,4,2,19,0,23,Attack_InsiderSabotage,1
3,0.04149668803165869,0,0,1,2,28,0.12698287725807245,0.48519694675641517,34,13,0,0,0,0,Benign,0
3,0.08608700954033764,1,0,0,9,28,0.11390794068243548,2.01563159310458,38,6,1,0,0,0,Benign,0
1,0.06631374853133672,0,0,1,1,26,0.08609994501604663,0.859370448455687,48,9,2,0,1,0,Benign,0
4,0.018647654172443486,1,0,1,4,26,0.23405988279752318,1.489402228920957,33,9,4,0,0,0,Benign,0
1,0.12648969261612653,0,1,2,0,26,0.06923776776961311,0.9685478071734352,55,8,5,0,2,0,Benign,0
2,0.02001318296477894,0,0,1,8,21,0.12143478150006,1.5613996562992358,39,7,1,1,1,0,Benign,0
1,0.7571190308176239,7,7,232,576,11,0.7034717927169559,124.61191188191216,19,4,171,3,39,1,Attack_DataExfiltration,1
2,0.2881998139834189,6,2,0,9,6,0.03971830384741987,1.8378094354631809,107,7,0,20,0,23,Attack_InsiderSabotage,1
1,0.028068095196783757,0,2,0,4,25,0.15490617517139202,1.4583025130528398,38,4,2,1,1,0,Benign,0
1,0.025752507998969918,0,0,2,6,24,0.11998900666958322,2.5874828473094644,44,9,3,1,2,0,Benign,0
2,0.06883342224081981,0,2,2,9,22,0.14370440249353833,6.252006396547955,47,13,2,0,2,0,Benign,0
3,0.03222503245765904,1,0,0,3,30,0.02363748674420189,17.42728381555738,42,12,4,0,0,1,Benign,0
2,0.07545473700816194,0,1,0,6,30,0.16164684229976603,2.5075574423748654,40,15,1,0,1,0,Benign,0
1,0.022589323074845454,1,0,1,4,22,0.007525587516937987,4.0800954936936895,36,4,2,0,2,0,Benign,0
2,0.06082516066649335,0,0,1,4,25,0.11898216281486279,3.576207816898889,44,5,4,0,0,1,Benign,0
1,0.03136626886099554,0,0,0,6,35,0.07728697958324936,3.7969692839700753,24,5,0,0,1,1,Benign,0
1,0.011686592392152811,1,0,0,1,20,0.04130215508719853,5.029404917478867,43,10,4,0,1,0,Benign,0
3,0.005250447347077625,0,0,1,6,24,0.20989322426579127,0.9533593887262262,34,7,2,0,1,1,Benign,0
1,0.010305316742829163,0,0,1,2,23,0.09221825779064667,1.6634713228193345,42,6,3,0,2,1,Benign,0
3,0.07276733042701161,1,1,0,1,24,0.1382825334901935,22.094091470655982,34,12,0,1,1,0,Benign,0
1,0.028165422557427905,1,0,0,12,27,0.12391824969787492,0.7413241720176618,42,10,2,0,2,1,Benign,0
2,0.6069949614470455,3,6,260,556,11,0.8083324349962281,174.29416412490698,14,3,165,1,52,0,Attack_DataExfiltration,1
2,0.07649447745817978,0,0,0,2,29,0.21586681712789477,4.037613608590665,37,13,3,0,2,0,Benign,0
1,0.08321482025395815,0,0,2,9,16,0.03434737141722564,1.5501149377359906,30,9,2,0,2,0,Benign,0
1,0.9287134889617854,3,3,270,614,20,0.9004926326597855,185.1251883887167,21,4,180,1,53,0,Attack_DataExfiltration,1
1,0.01915386121464455,1,0,1,7,27,0.020445823300778824,1.5316575016146123,44,8,2,0,0,0,Benign,0
1,0.011404326410897458,0,1,0,2,32,0.16844868936919133,7.633085795395245,46,7,3,0,1,0,Benign,0
1,0.7596782753465943,5,5,252,598,16,0.8361352304103719,285.3021155841944,18,3,175,0,43,2,Attack_DataExfiltration,1
1,0.02339994472331884,0,0,1,3,25,0.046889177700176636,8.424101447561895,28,6,1,0,1,1,Benign,0
3,0.321560487501533,5,1,0,10,7,0.14297019137904696,0.7997911215579369,99,8,0,25,0,15,Attack_InsiderSabotage,1
4,0.49673372809391253,2,1,0,15,7,0.05095824963752928,1.3386785987310412,101,7,0,23,0,18,Attack_InsiderSabotage,1
2,0.1487110524911952,0,1,0,9,11,0.1239927902475628,7.297549834210622,39,8,2,0,1,0,Benign,0
1,0.03473005742341965,0,0,1,2,25,0.08634631277260538,1.6897707972103289,48,9,1,0,0,1,Benign,0
2,0.035716217303355044,0,0,1,7,20,0.14926825660671053,3.3163208994502766,33,9,0,0,1,1,Benign,0
4,0.009196111351501099,0,1,3,6,22,0.04567750350429494,0.3047204494102222,37,8,2,0,0,0,Benign,0
1,0.017136002779473778,0,2,0,3,26,0.023505093721151123,4.567054125138903,44,8,3,0,1,0,Benign,0
3,0.11304760689976559,1,0,0,6,24,0.13352696200864514,3.8832797182571324,38,9,1,0,3,1,Benign,0
1,0.004217094597250045,0,0,1,3,21,0.26464262023075164,31.226996878854557,31,10,2,0,0,0,Benign,0
2,0.04678627037639657,0,0,0,4,25,0.21901156228263433,4.638300819673231,47,9,2,0,0,1,Benign,0
1,0.08369000358437888,0,0,0,6,29,0.3009755898922568,10.155159570437746,36,8,2,0,0,0,Benign,0
1,0.04858573197078213,0,0,0,6,21,0.1980942087408684,4.611153888286076,40,6,1,0,1,0,Benign,0
2,0.18060440711258036,0,1,0,3,26,0.06757988639024257,0.3424585512488093,35,14,2,0,3,0,Benign,0
1,0.12117081990232215,0,0,0,6,27,0.2060126213322755,0.6177941742736134,34,7,2,0,0,0,Benign,0
4,0.025449520146213808,0,0,0,5,18,0.019829219145039954,3.357544168093301,38,8,3,0,0,0,Benign,0
1,0.07621212297929385,0,0,2,6,24,0.1880493095250193,0.8588416736085623,51,18,0,0,1,0,Benign,0
3,0.013262552626247126,0,1,1,5,19,0.3996689924773312,1.1526023723742358,40,12,2,0,0,0,Benign,0
1,0.004132874894971265,0,0,1,5,22,0.15158499292734542,3.5416368581693702,50,12,3,0,2,0,Benign,0
1,0.7180555041584747,4,7,250,589,17,0.8397148613526861,491.21012243837936,21,6,197,1,55,0,Attack_DataExfiltration,1
1,0.023171262817449058,1,0,1,5,22,0.14479990058798806,3.3493767590833805,36,15,1,0,1,1,Benign,0
1,0.008042652093299147,0,1,0,3,20,0.1449610685912329,23.320345568972126,42,8,2,0,0,0,Benign,0
1,0.010625496847521001,0,0,1,6,30,0.0822986880860778,6.6073441253386305,58,14,2,0,1,1,Benign,0
2,0.020562652015690186,1,0,0,4,18,0.1764688100351758,1.0725319334706793,34,15,0,0,0,0,Benign,0
1,0.7804196569838471,5,5,226,634,17,0.7641498157782174,142.84551810647247,20,8,171,2,40,1,Attack_DataExfiltration,1
2,0.5378410751629575,3,5,260,616,14,0.8378663017583957,408.64750467304526,22,4,190,0,70,0,Attack_DataExfiltration,1
2,0.04385595706492053,0,0,0,6,32,0.240926048916337,1.437496612683772,33,12,2,0,1,1,Benign,0
1,0.0595785295777975,0,0,0,7,25,0.04498282251331973,5.104213505900325,46,9,3,1,1,0,Benign,0
1,0.027540239508298526,0,1,0,10,25,0.09758613877018056,4.342172917859149,34,10,6,0,1,1,Benign,0
3,0.018431175284018345,0,0,1,4,39,0.12755090272608707,1.1698897528756451,41,7,3,0,0,0,Benign,0
3,0.029166249391943566,1,0,1,6,18,0.2205711030373016,1.8229993870223316,49,7,2,0,3,1,Benign,0
3,0.005704770922434112,0,0,0,6,21,0.06941424355912883,9.617190794254098,38,7,3,0,0,1,Benign,0
1,0.05744469893362845,0,0,2,3,25,0.15490248602572868,1.6693031201389523,47,6,4,0,0,0,Benign,0
1,0.015535644587996746,0,0,3,4,27,0.21880852863847988,5.591434130896777,38,6,1,0,0,0,Benign,0
2,0.017399246901942222,1,0,0,9,18,0.3470700186548417,14.899119451392103,43,16,2,0,1,0,Benign,0
1,0.018829502779717396,0,1,1,3,34,0.11506562336740402,4.033327525255173,49,15,1,0,1,1,Benign,0
1,0.008996076200474233,0,0,0,8,22,0.07489077001749829,0.7183960034672872,37,12,3,0,2,0,Benign,0
2,0.07504751663972126,0,1,1,7,30,0.11675715581889953,1.744764345086786,39,6,0,0,0,0,Benign,0
1,0.019051885701693926,0,1,1,5,18,0.3572337004594276,5.040699252490602,43,5,0,0,0,0,Benign,0
1,0.0014546372876957116,0,1,1,3,28,0.3618615363914281,1.5471601854132604,35,10,4,0,1,0,Benign,0
1,0.048191138186973397,0,0,0,3,21,0.046665207972653326,0.242209997918696,38,9,3,0,0,0,Benign,0
2,0.10893949062174547,0,0,0,5,29,0.1476130484933021,9.602148636575263,40,10,1,0,0,2,Benign,0
3,0.1533086828351966,0,0,0,4,25,0.11096770237813229,5.785452560956308,36,4,0,0,3,0,Benign,0
3,0.85902774123637,5,5,263,622,14,0.8605745087118175,157.81524467078353,15,4,178,1,41,2,Attack_DataExfiltration,1
1,0.055863922316214155,0,0,0,2,24,0.11723672106358562,1.5862664934344741,32,9,0,1,1,0,Benign,0
3,0.013720363165381774,1,0,0,2,29,0.0332973118467606,6.848226414033555,37,7,3,0,2,0,Benign,0
1,0.007984580442874699,0,0,2,4,21,0.08009426780044324,1.1051038080338758,41,5,1,1,0,0,Benign,0
1,0.0062427861284993225,0,0,1,5,27,0.022762332125845695,1.8977408548534223,38,17,1,0,1,0,Benign,0
2,0.1076894211769851,1,1,0,4,21,0.22328884280771769,12.712622784678292,37,13,4,0,1,2,Benign,0
7,0.4998849549145556,9,2,0,17,3,0.1081677785270983,1.427222355656508,99,7,2,18,0,22,Attack_InsiderSabotage,1
1,0.014137194390516384,0,0,0,4,30,0.38495242271959174,5.091207526154517,48,11,2,1,2,0,Benign,0
3,0.04135815811687816,1,0,0,4,25,0.21734701991644112,1.7526487514088793,35,8,2,0,1,0,Benign,0
1,0.18456749751429566,0,0,0,4,27,0.11906419956300815,1.318283389662538,29,5,2,0,0,0,Benign,0
1,0.0020202254226556592,0,0,1,2,19,0.30479446906473706,3.220881734861391,36,9,2,0,0,0,Benign,0
2,0.4614962665679878,3,5,243,599,18,0.7997611110285662,198.86984606293902,29,5,183,0,53,2,Attack_DataExfiltration,1
1,0.03737143202701331,0,0,0,5,21,0.2530558278631443,0.9326256973022824,35,8,4,0,3,0,Benign,0
1,0.20960081592756424,0,0,0,7,26,0.04911729165086159,1.395643150453452,45,6,1,0,2,0,Benign,0
2,0.004791348521055647,0,0,1,4,23,0.17451056205790225,3.93468537239142,34,12,3,0,0,0,Benign,0
1,0.07578140449920374,1,0,0,3,25,0.26684924102795476,0.8681708304838971,39,7,3,0,1,0,Benign,0
1,0.04749388842921564,0,0,2,1,28,0.045247876765182396,5.27598721282686,40,9,4,1,1,1,Benign,0
4,0.7048551229932007,7,0,0,16,6,0.08572750506937048,8.838396770911093,85,7,0,9,0,11,Attack_InsiderSabotage,1
1,0.005928922099866205,0,0,0,7,23,0.11484836568077914,4.702918039838644,40,7,2,0,1,0,Benign,0
1,0.9257997890812325,8,8,237,563,15,0.9050202142652671,168.07703157752678,22,3,186,0,45,0,Attack_DataExfiltration,1
9,0.7245208264576778,4,1,0,9,7,0.2266762111981686,0.7814948904187493,99,6,0,14,0,27,Attack_InsiderSabotage,1
1,0.031545813680829836,0,0,0,3,28,0.19475069173442974,2.876417060981507,36,10,4,0,0,0,Benign,0
2,0.009708886209663993,0,0,0,5,25,0.1752557636233213,2.198097037499287,36,7,2,0,0,1,Benign,0
1,0.5582381628551278,7,10,244,583,15,0.8876352158166657,100.59441568530973,15,6,167,1,51,0,Attack_DataExfiltration,1
2,0.053952098720157486,0,1,1,4,27,0.2031915789842782,1.9435008083632819,32,9,2,0,0,0,Benign,0
1,0.007707664802353989,0,0,1,7,28,0.06620418631726506,1.3391655971229026,41,5,2,0,2,0,Benign,0
2,0.026236572245281354,0,1,0,5,28,0.04130058289993778,2.603356665083197,27,10,0,0,1,0,Benign,0
3,0.5054731902631217,3,2,0,12,6,0.10794749417077652,1.1986148301491115,117,5,0,15,0,16,Attack_InsiderSabotage,1
1,0.186488258146277,0,0,1,3,20,0.20775558391384452,0.38899367437487836,41,13,3,0,3,1,Benign,0
1,0.04349415668003363,1,1,0,8,16,0.14388177429793583,0.40528073662430447,40,9,2,0,0,1,Benign,0
2,0.5750674505318363,3,7,251,578,16,0.8173805919615037,89.911874405602,30,5,173,1,44,1,Attack_DataExfiltration,1
1,0.07971164415322005,1,0,0,6,20,0.1636864536740724,4.765039799215639,40,9,0,1,3,0,Benign,0
4,0.02744766439156848,1,0,0,3,20,0.16702080821855594,1.3305545184346337,35,9,1,0,2,0,Benign,0
2,0.08501285336198612,0,0,0,13,27,0.24398504290013748,4.838812356380363,40,5,4,0,1,0,Benign,0
1,0.8661247842774886,5,6,278,606,21,0.8622686082327331,331.8840918938756,18,6,156,1,51,1,Attack_DataExfiltration,1
1,0.009901419983754288,0,0,0,4,22,0.1412519789424413,11.826844685773626,40,5,0,0,1,0,Benign,0
3,0.16189014038892066,0,1,0,7,25,0.309320684188432,0.9284801296593671,50,10,2,1,1,1,Benign,0
2,0.016832062509735603,0,0,1,3,30,0.26798326783395665,1.5676178880542735,45,6,4,1,0,1,Benign,0
1,0.20148741846814927,1,0,0,4,26,0.2579974793179416,5.193280465791188,35,11,2,1,0,1,Benign,0
1,0.07347777417487168,0,0,0,8,19,0.18970874797351414,1.426502802465954,46,10,4,0,1,1,Benign,0
3,0.2653911135919752,6,9,219,594,10,0.8070456340566767,107.33188757915973,12,6,136,2,51,1,Attack_DataExfiltration,1
1,0.10205285370529416,0,0,0,8,24,0.09934724197773663,0.5308463421224876,43,13,3,0,2,0,Benign,0
4,0.1074191363932889,0,0,1,4,21,0.07177193370392901,3.2922191854772382,58,14,4,0,2,0,Benign,0
1,0.009242830273127783,0,0,1,4,26,0.22142502510761664,3.424273329905509,33,12,4,0,1,0,Benign,0
4,0.16068080462334217,0,0,0,5,19,0.2584567561460113,1.2821217328885979,47,7,2,0,3,0,Benign,0
2,0.028489657804967754,0,1,1,4,23,0.19590009359913,1.3428070746870153,41,12,3,0,0,0,Benign,0
2,0.12932012948504026,0,0,1,7,18,0.1806851942327148,5.481913179752447,44,7,1,0,1,1,Benign,0
1,0.008815200739090501,0,0,0,6,13,0.22816703752771678,3.221517470872646,36,10,2,0,1,0,Benign,0
1,0.07497532876198863,0,1,0,5,23,0.16577891040849382,6.225669753560749,35,6,5,0,1,0,Benign,0
1,0.004388444720605623,0,0,0,4,24,0.08255778068460227,3.7436571506996557,51,6,0,0,0,1,Benign,0
1,0.09047707354318006,0,0,1,5,20,0.16969973676341607,0.2578879267786923,37,13,2,0,0,2,Benign,0
2,0.06404475505097784,0,0,1,3,28,0.2478617517005478,1.032462597299558,51,11,5,0,0,0,Benign,0
2,0.050607862556517974,0,0,0,5,22,0.2723606637240534,2.0390837404934836,32,17,3,0,0,0,Benign,0
2,0.03582615437789119,0,0,0,3,17,0.10693898584138845,5.986621967029706,41,8,2,1,2,0,Benign,0
2,0.043313930620289494,0,0,0,6,24,0.11863570308183008,3.614419132917031,36,7,3,1,1,0,Benign,0
4,0.48283644459343733,1,1,0,7,0,0.007552941336545082,0.2827627781643823,106,4,2,12,0,24,Attack_InsiderSabotage,1
2,0.05567860914933353,1,0,0,7,19,0.16029730452436244,0.570223775307245,41,9,3,0,1,0,Benign,0
1,0.05243651419156817,0,1,0,5,33,0.06336493370591857,0.4647752928633841,45,14,2,0,4,0,Benign,0
1,0.014987347747619213,2,1,1,7,25,0.03902378080219606,4.872510221066679,33,13,0,0,2,0,Benign,0
1,0.015487181219083298,0,0,1,3,24,0.03984363500577031,2.6129492879059253,42,15,2,0,1,0,Benign,0
3,0.0007446917673769587,0,0,1,5,23,0.32646519952989783,1.9710335460996968,43,13,3,0,0,1,Benign,0
3,0.012365720949524516,0,0,0,3,28,0.28588403102466037,0.5492539186641211,55,11,3,0,0,1,Benign,0
2,0.039157444415334766,0,0,3,6,26,0.1827481892990046,0.9308183179621912,42,7,1,0,1,0,Benign,0
5,0.4272678494062419,5,4,0,9,7,0.0901715394237751,1.1293166495977558,108,6,0,21,0,20,Attack_InsiderSabotage,1
1,0.16315842219468418,0,1,0,5,23,0.17660995946438407,2.4680140148232645,49,9,3,0,0,0,Benign,0
2,0.006817965204712807,0,0,0,3,28,0.15055959659378662,12.976706946551937,43,15,1,0,1,0,Benign,0
1,0.006281797694882811,0,1,1,5,20,0.15847513478754907,8.838870642776792,46,11,4,0,5,0,Benign,0
3,0.04703089108581514,0,0,0,6,21,0.4302712652000575,1.185126810421838,43,16,3,1,0,1,Benign,0
1,0.01914328993576479,1,1,0,6,22,0.09776568524288348,0.4054201120261239,41,12,2,0,2,0,Benign,0
2,0.0766839142085286,0,1,0,4,24,0.06444100079128827,1.8316347508871231,42,9,3,0,1,0,Benign,0
1,0.03895666336443236,0,0,0,6,22,0.12433400050507624,3.3735661315186194,41,4,5,0,0,0,Benign,0
1,0.007887044445096997,1,0,0,4,26,0.17583366371987955,0.6849647973890514,42,15,1,1,2,0,Benign,0
1,0.12945131423587083,1,0,0,2,27,0.16977676806891345,6.083214754443787,32,13,0,0,0,0,Benign,0
1,0.03577591613506885,0,0,2,1,26,0.18213662067456796,3.7302220314833288,36,12,3,0,4,0,Benign,0
1,0.024556150787792334,1,0,0,3,17,0.3124723212577749,1.571935413251057,39,12,2,0,0,1,Benign,0
1,0.003904627933468591,0,0,1,0,25,0.07066139897659172,5.678115850679354,43,9,0,0,1,0,Benign,0
2,0.0226338154159417,0,0,0,4,33,0.4168234160290708,0.4149453360966968,40,11,0,0,5,0,Benign,0
2,0.007706106225082723,0,1,1,4,30,0.05163525719301784,18.554285148850003,34,8,2,0,2,0,Benign,0
2,0.027706796396160933,0,1,1,4,28,0.3399384175094055,9.745210249557847,40,12,2,0,2,0,Benign,0
2,0.13091135721872782,1,0,0,6,25,0.2090654971616557,1.0720376864983603,41,8,2,0,0,0,Benign,0
2,0.11023715303238121,0,0,0,6,28,0.12269641894366329,2.060689958116584,44,4,3,0,2,0,Benign,0
4,0.0025330449860527598,0,0,0,3,30,0.06959826326112986,0.6599832946571483,48,13,3,0,0,0,Benign,0
1,0.0037626481829099267,0,0,0,8,19,0.3045283704025905,2.262401054596319,48,9,4,0,0,0,Benign,0
2,0.009498230039111197,1,0,0,6,22,0.26330834571594636,1.8984074781497746,38,8,3,1,1,0,Benign,0
2,0.02668840223910945,0,0,1,7,20,0.12173788818265296,13.07901769378656,26,11,1,0,3,0,Benign,0
2,0.10263828114848661,0,0,1,6,29,0.29632065587622464,3.489909223824859,23,14,3,0,0,0,Benign,0
4,0.10854252262409322,0,0,0,6,16,0.028923645977905175,9.585812839939406,36,4,1,0,0,2,Benign,0
3,0.018838742518870643,0,0,0,7,25,0.1703128145658997,1.325181461050679,34,13,1,0,1,0,Benign,0
1,0.004989626394402867,0,0,0,7,21,0.14613810012355347,7.239157127524132,36,11,4,1,1,0,Benign,0
3,0.07710439783247261,1,1,1,4,20,0.07822745816465872,3.6997570174423347,39,13,2,0,2,0,Benign,0
1,0.07092440517844738,1,0,0,7,30,0.23053937730891155,0.9783854109516066,34,15,2,0,3,2,Benign,0
3,0.1283300276467524,0,0,1,2,24,0.06969357025828687,16.44788050287245,38,9,1,0,1,0,Benign,0
2,0.05505141037620332,0,0,0,6,29,0.08645968208870745,0.4484287093136096,42,16,3,0,1,0,Benign,0
1,0.12389676402866881,0,0,1,5,15,0.25362281997189245,1.1894364515909808,39,17,2,0,0,0,Benign,0
1,0.011679814912257315,1,0,0,6,20,0.03874842929120527,13.421545023845642,47,8,1,0,0,1,Benign,0
2,0.011208851904615047,0,0,0,4,22,0.27879300350689024,0.6899736764287865,43,2,2,0,2,0,Benign,0
1,0.0094697941237329,0,0,0,5,23,0.11050809657650176,2.331009362748172,41,10,0,0,2,0,Benign,0
1,0.05739253068426048,0,0,2,3,35,0.21570199616094493,7.081582345132403,47,12,4,1,0,0,Benign,0
4,0.010766476480377443,0,0,0,3,24,0.03957486712544216,1.764435768885929,39,9,0,0,1,1,Benign,0
1,0.021867375398948247,0,0,0,7,21,0.18867506114502203,2.59787536382576,45,8,2,0,2,0,Benign,0
1,0.03439845425583931,1,0,0,6,29,0.2407372885689956,2.5783780272718095,29,13,1,2,0,0,Benign,0
2,0.02322630778445355,0,0,0,7,18,0.3797711658877341,0.6654374988671006,32,9,5,0,5,1,Benign,0
4,0.5770394184453624,1,0,0,10,5,0.02169252122997019,0.5238999166575948,112,4,2,18,0,18,Attack_InsiderSabotage,1
8,0.7393164799003334,1,3,0,15,2,0.013195407592564564,2.7639965104393425,95,6,0,14,0,24,Attack_InsiderSabotage,1
1,0.05304923255585393,0,0,2,5,25,0.09425589767322926,1.163842347994345,44,13,2,0,1,0,Benign,0
2,0.03315858166153985,0,0,0,2,24,0.09086094291880913,10.426619114520257,42,9,1,0,2,0,Benign,0
1,0.12035638754778141,0,0,1,8,28,0.10242538110611996,3.256809651742625,40,12,1,1,0,1,Benign,0
2,0.04813727909212125,1,0,0,8,26,0.10714871537101274,1.5082901417174273,50,6,4,0,1,0,Benign,0
3,0.05555050946167199,2,0,1,6,24,0.11940198288520985,0.6974614726297914,39,14,1,0,0,0,Benign,0
3,0.0010991180651597717,0,0,1,5,23,0.1036571089483721,1.2800472758570083,39,7,4,0,1,0,Benign,0
2,0.11328702924849762,1,1,1,0,23,0.24308573794764632,2.5098815832039216,45,12,3,0,1,0,Benign,0
2,0.00493922797775869,1,0,2,3,31,0.14205045649919804,4.666688575353968,47,10,1,0,0,0,Benign,0
1,0.031029366777706815,0,0,1,11,36,0.035105013129528406,1.6232025725441546,33,10,0,0,1,0,Benign,0
2,0.02757841010888142,0,0,0,1,22,0.18631716743979038,5.096228953553862,31,12,1,0,0,0,Benign,0
1,0.05691401251170761,0,1,0,5,28,0.09920563708471829,17.906974888822578,41,5,2,0,1,0,Benign,0
1,0.0031479155858522697,0,0,0,8,18,0.034012216605194684,12.755227338247286,31,11,1,0,1,0,Benign,0
1,0.21875184214406146,1,1,0,5,33,0.20481448679686134,1.8782698752100042,40,10,4,0,3,1,Benign,0
2,0.0019382607489739254,1,0,0,3,27,0.19463722514367388,9.937232653153686,39,10,0,0,3,0,Benign,0
3,0.03746338044492543,0,1,0,3,28,0.1511697959916345,9.093054679578938,40,7,3,0,2,0,Benign,0
1,0.022414102738114026,0,0,0,7,26,0.10251968626396817,1.8320613987222694,34,16,4,1,1,0,Benign,0
1,0.017568568873889672,0,0,0,2,22,0.07812530295613827,1.5619534178574506,39,9,0,0,0,0,Benign,0
3,0.0009085917245498249,0,0,1,2,19,0.27947501687351145,2.690324051037721,37,4,0,0,0,0,Benign,0
1,0.07706660977636665,0,0,2,7,32,0.3495608250590362,2.4963902429294587,35,18,2,0,2,0,Benign,0
4,0.6104037100885085,2,0,0,11,7,0.16415303593929587,0.8008781212905232,103,9,1,10,0,18,Attack_InsiderSabotage,1
3,0.10447634297048149,2,1,1,5,21,0.24483235722899147,1.4736939138544338,45,9,1,2,4,0,Benign,0
1,0.027797689587006933,0,0,2,3,20,0.15024180474485618,4.93276576579033,44,9,0,0,1,0,Benign,0
1,0.054787470970846616,0,0,0,1,32,0.3539746742358376,7.718234480424682,33,8,1,0,1,0,Benign,0
4,0.2339458394389384,1,2,0,9,4,0.000690860020404033,1.1620886827307735,99,3,3,11,0,15,Attack_InsiderSabotage,1
3,0.1104141671772254,0,0,3,4,27,0.11244132883473634,3.925306115087513,34,17,1,0,1,0,Benign,0
1,0.013916490707485971,0,0,1,6,20,0.28141350640445034,0.8175785800245596,41,6,2,0,0,0,Benign,0
3,0.0785810791951776,0,0,0,7,25,0.03527697604940067,4.345808493113499,40,5,2,0,0,0,Benign,0
1,0.08340015288541906,0,0,0,7,29,0.17855757536254496,23.35504949828568,33,16,2,0,1,0,Benign,0
1,0.0034772248621387403,0,0,2,5,16,0.4197355951632951,2.6347809541045057,45,8,4,0,2,1,Benign,0
1,0.02938941377921458,1,1,1,3,26,0.1608744873889439,6.739338353972474,44,12,0,0,0,0,Benign,0
1,0.011920461841307755,0,0,1,9,28,0.3212566968587442,1.4636772480980644,25,4,2,0,1,1,Benign,0
4,0.07458869084026688,0,1,0,4,37,0.08349951234355536,0.2548903370819493,46,11,6,1,3,0,Benign,0
1,0.020213544647950873,1,0,0,3,23,0.20950860953770714,2.4562341043667955,34,8,5,0,0,0,Benign,0
2,0.042088954011002565,0,1,1,5,21,0.2525101382952148,4.531820269109015,50,11,2,0,0,0,Benign,0
2,0.04007651294824567,0,0,0,5,29,0.14255237577609162,1.6488795475049116,48,9,1,0,0,0,Benign,0
3,0.005448673621661689,0,0,0,5,19,0.06611871259098395,3.4193802570537053,60,9,0,2,1,0,Benign,0
4,0.7854165837354079,3,1,0,9,0,0.1343519208284862,1.3761326813400399,91,6,1,20,0,26,Attack_InsiderSabotage,1
2,0.044232061650664324,1,0,0,8,28,0.1544239163914749,1.0328690150701727,42,15,3,0,0,1,Benign,0
1,0.0028117380174526173,0,0,0,8,26,0.2840303142806791,5.135667259024098,46,6,2,0,0,0,Benign,0
4,0.6264086004493232,5,2,0,9,7,0.1935606983714703,2.044131777759462,114,4,3,15,0,19,Attack_InsiderSabotage,1
2,0.16296960766885796,0,0,2,6,24,0.09745551676195435,5.146590812977471,34,13,3,1,1,0,Benign,0
4,0.5538078248846557,3,1,0,7,5,0.046439354356439866,0.27746916100437446,98,6,0,16,0,18,Attack_InsiderSabotage,1
1,0.07578586838258924,0,0,1,1,25,0.37109873081157285,4.182370877857428,55,6,2,1,0,0,Benign,0
2,0.0326495130738471,1,0,2,8,22,0.04011239940893172,3.7015899885957433,42,13,2,0,1,1,Benign,0
1,0.016039862924428532,0,0,0,4,27,0.14789372025538775,4.099851131962594,39,12,1,0,1,1,Benign,0
2,0.6832180926372466,8,7,244,607,11,0.597748551589016,151.35071271760359,16,10,166,3,47,1,Attack_DataExfiltration,1
2,0.40056840566084967,2,1,0,12,4,0.12605304341945897,0.1646761688727417,106,10,0,15,0,17,Attack_InsiderSabotage,1
3,0.052984708718558815,0,0,1,2,29,0.09291780589003626,4.077704015634433,48,11,1,0,1,0,Benign,0
1,0.0131323736596311,0,0,1,3,32,0.26577395799884823,2.1822913596367153,36,11,3,0,0,0,Benign,0
5,0.4905961512561333,5,7,274,608,11,0.6732123929954285,132.8705273790697,22,5,169,3,43,1,Attack_DataExfiltration,1
1,0.008090328325804006,0,0,0,3,22,0.2026957212032047,3.4480858651854596,36,9,0,0,1,0,Benign,0
1,0.5289937519825831,10,6,246,611,17,0.7160849341119022,108.83974790429038,16,4,166,1,55,0,Attack_DataExfiltration,1
2,0.0456699741835525,0,0,0,8,21,0.16170584107165922,7.359909496723778,35,8,2,1,0,0,Benign,0
1,0.014440655740618346,0,0,0,6,26,0.3612316314483657,0.9629521439184262,34,10,1,0,0,0,Benign,0
1,0.018896859081100413,0,0,0,6,29,0.13689272690671261,1.5827626919544187,46,16,1,0,0,0,Benign,0
2,0.034861602679116664,0,0,1,10,20,0.13371431821824697,1.7106603499578694,35,11,1,0,1,0,Benign,0
2,0.03636927207914615,1,0,2,2,23,0.3684711055144702,3.1931374184081833,41,8,1,0,0,0,Benign,0
2,0.04969923181402904,0,0,1,7,27,0.3963558966584111,2.202414712237042,45,7,2,0,1,0,Benign,0
1,0.7126953587480985,6,6,237,642,19,0.7538461615216832,229.37016032159835,20,4,170,0,44,0,Attack_DataExfiltration,1
3,0.00030430758476933064,1,1,1,5,30,0.08886446251580374,9.951443308671337,37,7,1,0,2,0,Benign,0
1,0.038086163239258244,0,0,0,3,19,0.042419932532479686,2.6363660756528517,41,16,0,0,1,0,Benign,0
1,0.14205118524117286,1,0,0,5,17,0.1527124464321346,3.739908579007194,36,8,1,0,1,0,Benign,0
1,0.07113669525641471,0,0,1,5,25,0.36987645461917684,1.2786000468909924,51,20,3,0,2,2,Benign,0
1,0.021206750740808716,1,0,0,7,30,0.08815833829821125,4.9413436313800565,36,5,3,1,1,0,Benign,0
3,0.5222520148167539,4,9,262,626,14,0.78470254639752,189.00644959371252,15,5,158,1,55,1,Attack_DataExfiltration,1
1,0.05609061475822138,1,0,1,4,20,0.33986307205968114,0.7440334383286683,45,9,0,0,0,0,Benign,0
2,0.07278257299432793,0,0,1,3,17,0.5101952772174397,5.277908175053681,46,9,3,0,1,2,Benign,0
1,0.03081061114180838,2,0,0,6,26,0.2674677642867972,3.140571039209002,35,12,1,0,0,0,Benign,0
1,0.016443045024541195,0,0,0,1,17,0.20994410539041997,2.643672536049425,47,11,0,0,0,0,Benign,0
3,0.6398489699340371,4,5,255,589,14,0.8617352869871366,275.6483444594497,19,5,158,0,46,1,Attack_DataExfiltration,1
1,0.07393835779936184,0,0,0,7,31,0.6075823213398988,22.99692540664447,47,9,2,1,0,0,Benign,0
3,0.018334638760038616,0,1,0,5,19,0.10256410782800623,1.492118007881333,37,12,3,0,0,1,Benign,0
1,0.002307296722521369,0,0,1,5,27,0.08575773695801446,1.6861436121938758,40,4,0,0,0,0,Benign,0
2,0.8895958358382332,6,10,240,581,13,0.7475038535402809,112.07178911322536,22,7,162,1,50,0,Attack_DataExfiltration,1
1,0.14573002476435504,0,1,0,2,24,0.20038825464963103,3.2385243792861034,35,13,0,0,3,0,Benign,0
1,0.5158081655999308,4,4,261,596,17,0.8806725060800027,109.25666093084789,24,4,175,1,51,2,Attack_DataExfiltration,1
1,0.056770156377921634,0,0,4,5,24,0.03239407323326641,4.063838899813188,34,10,3,0,2,0,Benign,0
2,0.020219293859583275,0,1,1,3,24,0.24772782149556202,2.00174078206583,35,5,3,0,0,0,Benign,0
1,0.012882188463140955,0,0,1,4,31,0.16981245844453782,4.256773306079818,42,7,2,0,1,0,Benign,0
2,0.02263522362892276,0,0,0,4,20,0.047363076699286244,2.4398055279427195,31,10,6,0,2,1,Benign,0
5,0.5553033600884951,5,7,226,592,15,0.7867128106681461,139.7168378015653,21,3,185,0,50,2,Attack_DataExfiltration,1
1,0.7881611696337553,8,7,240,574,13,0.7204840879300946,236.46251422895875,23,7,180,2,62,0,Attack_DataExfiltration,1
2,0.0872710346300095,1,0,0,3,29,0.2145901930819595,2.0289691241102306,30,12,3,0,1,1,Benign,0
4,0.02014541380962845,1,0,0,2,30,0.16672995418125458,24.38299033741206,44,14,1,0,0,1,Benign,0
1,0.04803752040313804,0,0,0,9,35,0.09155673929037171,1.519295317309045,39,11,1,0,0,0,Benign,0
4,0.61542122107596,7,2,0,9,6,0.18086731884184523,1.2623867416375256,92,1,0,12,0,14,Attack_InsiderSabotage,1
2,0.038992306198936955,0,1,1,6,27,0.21387536308513969,9.442032360108938,33,7,2,2,1,0,Benign,0
2,0.2743661913083059,4,2,0,5,4,0.18215587060104818,0.3991926461139701,102,6,1,17,0,19,Attack_InsiderSabotage,1
3,0.13996943887819416,0,0,0,4,33,0.04711550447055395,7.334956346500864,42,11,3,0,1,0,Benign,0
3,0.08875366965896446,0,0,0,6,36,0.12945926495352622,1.7688961911588652,52,6,1,0,0,1,Benign,0
1,0.005190461819962529,0,0,1,3,26,0.09833158033059888,6.719681547236308,39,9,2,0,4,0,Benign,0
1,0.006920048839422078,0,0,0,4,26,0.23693920713889557,2.433039154396137,35,16,1,0,1,0,Benign,0
5,0.6212039427296637,1,1,0,11,5,0.0019422997917530925,0.877249022016817,103,4,1,16,0,18,Attack_InsiderSabotage,1
2,0.05653880091750179,0,0,0,4,24,0.12497330409205938,7.185719542902016,40,5,3,1,1,0,Benign,0
1,0.06674238298173019,0,0,0,10,30,0.20635089365937412,4.049125077370255,49,8,2,1,1,0,Benign,0
1,0.01672205206185597,0,0,0,4,31,0.09917528197590401,2.200053392137221,37,14,4,0,2,0,Benign,0
1,0.050091971382966394,0,0,2,0,23,0.20127431625323675,1.2014466951031006,37,15,1,0,0,0,Benign,0
1,0.06614876018649149,0,0,0,8,26,0.09565272902972095,5.539737626386997,38,11,4,1,2,0,Benign,0
1,0.04259524277584633,0,0,2,6,26,0.23374944256614602,1.7211759492498198,45,8,2,1,1,0,Benign,0
2,0.09278826633525253,0,0,0,5,26,0.04272078896842216,9.373557216847658,37,11,2,0,2,0,Benign,0
1,0.02417951670985424,1,0,1,7,18,0.05411882342247566,3.3765527700547224,31,8,4,0,0,0,Benign,0
1,0.010644036386096827,1,0,1,6,23,0.018182348368253852,3.162871648118594,34,7,1,0,1,0,Benign,0
2,0.04044228170631209,1,0,1,5,16,0.2266355890309196,15.076843785857363,25,7,4,0,2,0,Benign,0
2,0.030595840078871957,1,1,2,4,29,0.03504237171510281,6.646819382194957,38,13,2,0,1,0,Benign,0
1,0.13913420221780337,0,0,0,8,25,0.14667756751353722,2.880031013503409,43,10,1,0,3,0,Benign,0
1,0.0004585821857036492,0,0,3,5,34,0.11753872281713054,2.1722442607741215,42,8,2,0,1,0,Benign,0
3,0.0035400718592533725,0,0,1,2,26,0.19546937273926884,0.42332333065897737,38,11,1,0,0,0,Benign,0
2,0.00014991146863329615,0,1,0,2,25,0.09682687023295306,2.780604630615027,30,8,2,0,1,0,Benign,0
1,0.13495073316716902,1,0,1,3,27,0.11865034225431244,0.45177417531112396,35,6,1,0,2,1,Benign,0
1,0.0008334167889409743,1,1,0,5,33,0.06712522268707607,0.7327508611571434,32,9,2,0,0,0,Benign,0
1,0.08746658803945205,0,0,0,7,26,0.04484302896909413,4.010291272221438,38,13,4,0,1,0,Benign,0
4,0.14616586668527276,0,0,0,6,4,0.15684595588426167,2.6337428307066917,119,5,1,17,0,23,Attack_InsiderSabotage,1
2,0.0007750051601428703,0,0,1,3,31,0.1909934784042638,3.7400772658267476,30,14,1,0,0,1,Benign,0
2,0.023516916261259638,1,1,0,5,25,0.3948176988313214,10.082550704954969,39,14,0,0,1,0,Benign,0
1,0.06285852450991439,1,0,0,4,34,0.12726889900765367,0.6589047161486498,36,11,4,0,0,1,Benign,0
2,0.0069625521814894705,0,0,1,3,18,0.05917751421302949,2.3620818238825985,41,10,2,0,0,0,Benign,0
4,0.06816681077580504,1,0,0,5,16,0.17354133486251216,1.0170085545109888,50,9,4,0,0,0,Benign,0
3,0.10412164268735583,1,0,0,3,25,0.08085167445370063,0.8122528453271639,34,13,3,1,2,0,Benign,0
2,0.7697637322701346,6,3,225,604,21,0.9009633616862288,95.54856636645394,24,6,190,0,53,1,Attack_DataExfiltration,1
1,0.023251561735905743,0,1,0,4,21,0.2489978093528131,4.700779265451007,51,9,4,0,2,0,Benign,0
1,0.04389988255411002,0,0,0,5,20,0.11216113795145498,2.9980533638570384,36,11,0,0,1,0,Benign,0
1,0.0019668827936704376,2,0,0,5,26,0.09126968571826535,0.7703599276437737,37,12,0,0,2,1,Benign,0
2,0.001416415654150902,0,0,1,4,28,0.1492761078997085,4.256427553020483,41,7,5,0,0,0,Benign,0
4,0.012385094732632343,0,0,0,2,30,0.117609517927529,22.62249374027145,47,7,1,0,2,0,Benign,0
1,0.004903333422049071,1,0,1,6,24,0.15144221270295846,0.3778816410293913,40,7,2,0,0,0,Benign,0
2,0.08536547730420344,0,0,1,6,18,0.13126939780369323,3.4163729255797732,42,7,0,0,2,1,Benign,0
1,0.04103156560779806,0,1,0,12,23,0.0865670038445627,5.659343308784516,31,11,3,0,0,1,Benign,0
1,0.028083767397886688,0,1,1,6,23,0.1836115156972868,18.984494134863304,42,5,0,0,1,1,Benign,0
2,0.003783571063791121,0,0,0,4,22,0.04945524839723723,3.2687543592236974,33,8,3,0,0,0,Benign,0
1,0.05791709111180109,1,0,1,9,19,0.02288050067925169,5.262413661427267,43,5,0,0,1,0,Benign,0
3,0.03163425019879245,0,0,0,3,26,0.47755001995388535,0.16623812193474458,29,16,5,0,0,1,Benign,0
3,0.8920227691248046,1,4,245,607,16,0.7663473678301531,331.91608968202297,19,8,166,1,43,3,Attack_DataExfiltration,1
2,0.13999816443675722,0,0,1,5,31,0.06907341952358903,2.1303616911527796,44,11,3,0,2,1,Benign,0
1,0.01396483400305481,1,0,1,5,32,0.03313657674258878,8.722750879890317,43,7,3,0,2,0,Benign,0
1,0.09972234408690846,0,0,3,9,27,0.25024288251845,1.8823027784143846,48,9,3,0,3,0,Benign,0
1,0.034832959344181604,0,0,1,6,30,0.10204024607849885,0.9883355145379665,34,14,2,0,2,0,Benign,0
4,0.016477370543795028,0,0,1,4,24,0.050495326368557907,0.3922318933656439,40,13,0,0,0,0,Benign,0
1,0.5608469923220791,5,3,261,646,14,0.8897633256672978,319.03568196328604,20,5,175,1,46,0,Attack_DataExfiltration,1
2,0.08675723515485986,0,0,0,8,29,0.03479483555339457,11.013928691733415,45,10,0,0,1,0,Benign,0
2,0.057233040281052035,0,0,0,11,25,0.14346058297618586,12.828493934349183,47,8,1,0,0,1,Benign,0
1,0.0487464970341217,2,1,0,7,28,0.13874222207048342,12.697802829336897,52,12,6,1,0,0,Benign,0
2,0.024403478090415893,0,0,0,2,23,0.15603047549888713,4.352212912329136,38,9,0,3,2,0,Benign,0
2,0.01483367922603688,0,0,0,4,24,0.15632701788099634,5.150330776721352,41,4,5,0,1,0,Benign,0
2,0.018875429772303675,1,0,0,7,25,0.47135040410269796,0.7499017692894442,45,7,2,0,0,0,Benign,0
3,0.0009764810666023664,0,0,0,5,25,0.17039797923583852,5.3497147929861075,39,12,3,0,0,0,Benign,0
1,0.8631450874301546,3,7,228,574,19,0.5753610887766963,118.67566830270296,22,6,170,2,42,2,Attack_DataExfiltration,1
1,0.04252042296818593,0,1,1,2,17,0.03573122921554174,2.1822830465695935,29,10,1,1,3,0,Benign,0
2,0.1045061375374245,0,0,0,3,24,0.02141227278361354,0.9562858726502843,51,4,3,0,2,0,Benign,0
7,0.31425421783414836,5,0,0,9,4,0.10628713081374297,0.06504355869069071,116,7,3,10,0,21,Attack_InsiderSabotage,1
1,0.02071693934891731,0,1,0,9,23,0.197438717567309,9.857551307561236,42,12,1,0,0,0,Benign,0
8,0.7729932503133763,5,0,0,9,6,0.14134982152352676,0.20138799410441593,108,4,2,13,0,20,Attack_InsiderSabotage,1
1,0.04083936264814803,0,1,0,5,31,0.07169235678624752,2.3140997078764376,38,9,0,0,0,1,Benign,0
2,0.01728363622191632,0,0,1,5,24,0.21085125446175493,2.568602380013939,55,13,1,0,0,0,Benign,0
1,0.018680520573545505,0,0,2,2,29,0.2291896831118704,1.5654126057582063,31,16,1,1,1,0,Benign,0
2,0.882194694014932,6,7,252,647,3,0.8722683041525803,195.23612700223092,26,2,165,0,44,4,Attack_DataExfiltration,1
1,0.024319543633075046,0,0,0,6,23,0.21177144031202402,7.864378591543272,46,5,0,0,2,1,Benign,0
2,0.3813629512133599,4,0,0,8,7,0.14617384717326268,0.21289807538344346,94,8,2,15,0,26,Attack_InsiderSabotage,1
3,0.029349607400519402,0,1,1,3,17,0.152913335531803,2.292792329972012,44,11,1,0,1,0,Benign,0
1,0.03459982822939918,0,0,1,8,22,0.039326119212064976,5.479014030082425,44,13,0,0,1,0,Benign,0
2,0.5736426282212086,7,9,250,619,16,0.7744491647322729,72.24118909086445,20,7,185,2,67,1,Attack_DataExfiltration,1
1,0.054809575731620645,0,0,0,2,29,0.257865788201947,1.7297805367204526,37,9,5,0,2,0,Benign,0
2,0.01927401351837276,1,0,0,2,24,0.19117508647284365,0.9399078640693035,42,12,1,0,2,0,Benign,0
1,0.0004016527852875615,0,1,0,4,23,0.025579337448538936,3.040442734527667,40,10,4,0,2,2,Benign,0
1,0.05835311105848731,1,0,0,4,26,0.03203726944366633,1.5098484195337112,34,14,2,1,0,0,Benign,0
1,0.017205397424218786,0,0,1,7,21,0.6038389083280016,2.741365110953907,46,5,4,0,0,0,Benign,0
1,0.028575697090301163,0,0,0,6,26,0.17298078448460286,4.145876153110188,37,6,2,0,2,1,Benign,0
1,0.05277394098374595,0,0,0,4,30,0.46653153981663437,1.1634771397274564,42,5,2,0,1,0,Benign,0
3,0.06080813702625484,1,0,0,1,26,0.16348949617321307,2.9795498662281585,40,9,4,0,1,0,Benign,0
1,0.05135277526073761,0,0,0,9,23,0.04999765682801676,2.604297393399231,28,13,1,0,1,0,Benign,0
1,0.03027911206940228,0,1,0,5,37,0.0481363479306275,4.9698752828114445,45,5,3,0,2,0,Benign,0
1,0.04683285184837566,1,0,1,7,30,0.14353642779024178,7.141847118569972,44,6,2,0,0,0,Benign,0
1,0.024701592127959377,0,0,1,4,33,0.19680893571369174,3.1783065951788028,39,8,1,0,0,0,Benign,0
1,0.057260004012955217,0,0,0,3,24,0.2731132383034816,2.163637216212146,45,7,6,0,1,0,Benign,0
5,0.0164253037053423,0,0,0,4,27,0.2165531513748179,0.9065955612586337,29,12,2,0,1,0,Benign,0
7,0.6000826401694269,6,4,0,9,7,0.006026344437108001,2.0909928397852866,91,4,2,12,0,20,Attack_InsiderSabotage,1
2,0.1802283889095649,2,4,0,11,5,0.0004819513768162464,0.45763622682787825,87,4,0,10,0,23,Attack_InsiderSabotage,1
1,0.015530895099915126,0,0,0,5,28,0.2765746940001607,2.805324473464624,42,9,4,0,1,0,Benign,0
2,0.0049640757740934864,0,1,2,7,21,0.15118277518623321,1.0011879385220914,39,8,1,0,1,1,Benign,0
3,0.06512474377931479,0,0,1,6,20,0.175059322451866,2.220566992399438,42,10,2,0,1,0,Benign,0
5,0.20647893682444546,2,0,0,12,5,0.030485373651326177,3.2302576774428076,98,12,0,17,0,21,Attack_InsiderSabotage,1
6,0.3251016312558947,2,0,0,10,4,0.06396851252733154,0.3847488154895048,121,3,2,16,0,13,Attack_InsiderSabotage,1
3,0.056953429999488374,0,0,0,5,23,0.15595879551960515,2.2580229955180804,40,13,3,0,0,0,Benign,0
2,0.03982913755581893,0,0,2,3,23,0.18693711378163438,3.288985025619096,38,11,0,0,0,1,Benign,0
1,0.04120382198154297,0,0,0,4,19,0.1722452253946335,0.8861947232204578,41,10,3,0,1,1,Benign,0
1,0.03412272433910883,1,0,0,7,21,0.029672565340507957,12.167894030550649,40,13,2,0,1,1,Benign,0
1,0.0973782958842948,1,0,1,4,22,0.17667401901126945,1.49830625977403,51,11,4,0,1,0,Benign,0
4,0.02947086687377165,0,0,0,8,15,0.11451719581026856,6.091726769617858,33,7,2,0,2,0,Benign,0
9,0.3841416100313162,1,0,0,11,2,0.0315271463033375,2.1687511559487183,99,2,0,18,0,20,Attack_InsiderSabotage,1
3,0.03511885714401209,0,0,0,3,31,0.17670075352280057,8.24685047506246,44,12,1,0,0,0,Benign,0
1,0.0446289004156755,0,1,0,3,18,0.2855365943588071,3.3024916541729765,42,12,2,0,1,0,Benign,0
1,0.04857428237052342,0,0,0,5,28,0.29865510681226115,3.0849771660757246,34,8,4,0,4,0,Benign,0
3,0.067467298772194,0,0,1,1,22,0.11819690550242962,20.10853021171439,33,7,1,1,0,0,Benign,0
3,0.024681649826807074,0,0,0,4,32,0.15295455458099605,3.0367508941736534,39,11,2,0,1,0,Benign,0
1,0.08066520101056616,0,0,2,7,24,0.08941054160222531,0.7585627988808477,38,9,0,0,2,0,Benign,0
1,0.011274187777507874,0,0,0,5,26,0.17171638611053508,5.0789565213215635,36,5,3,0,1,0,Benign,0
1,0.0134538369867314,0,0,0,6,28,0.2720689366824019,1.9834924910684029,40,14,6,1,0,0,Benign,0
1,0.15612278326744478,0,0,0,5,21,0.13285782519564152,0.9341730519758159,48,5,3,0,0,0,Benign,0
1,0.1873037929424042,0,1,1,6,26,0.1051251987248807,1.1195673622450277,28,16,1,0,0,0,Benign,0
1,0.0056462379982073875,2,1,0,7,21,0.2786515783470019,23.5169698585267,44,7,1,0,0,0,Benign,0
3,0.05718884009449847,0,0,1,3,24,0.04857628117176228,2.9659385924144703,36,15,2,0,4,1,Benign,0
1,0.08586418925793894,1,0,1,9,23,0.20950435456886463,1.4857952444181948,34,9,3,0,2,0,Benign,0
3,0.701029302730769,2,0,0,10,4,0.3521864306199879,0.6848913105496018,91,10,1,20,0,19,Attack_InsiderSabotage,1
1,0.9787339185021966,4,9,259,570,17,0.7541146387972789,131.98632007098587,14,1,181,2,35,2,Attack_DataExfiltration,1
1,0.863034480230458,5,7,215,589,16,0.8814940931446406,94.33122495998336,26,6,167,0,49,3,Attack_DataExfiltration,1
4,0.00256652971486584,0,0,1,10,26,0.1444987967986735,4.212857881012673,38,15,3,0,2,0,Benign,0
1,0.018176604136765175,0,0,0,2,25,0.05463704063720915,0.7759715749714755,34,14,1,0,0,0,Benign,0
1,0.7493977925161524,3,1,0,11,3,0.051816447414263035,3.787577721839403,83,5,2,17,0,16,Attack_InsiderSabotage,1
2,0.024577212419961383,0,0,0,8,38,0.23147461878458253,12.733718972795154,42,12,2,0,3,0,Benign,0
1,0.008282256589006666,0,0,0,5,30,0.03339314030720827,1.1983724639223874,47,12,2,0,2,0,Benign,0
3,0.061082826770735,0,0,1,5,31,0.13474414961695352,10.197290788426782,39,5,2,1,1,2,Benign,0
2,0.06062168365634712,0,0,2,2,27,0.15756460646122783,1.7175515868748603,53,9,1,0,1,1,Benign,0
5,0.7433069531655542,5,8,253,599,7,0.9587813304827355,80.13259974940405,20,4,158,0,54,2,Attack_DataExfiltration,1
1,0.038891829059781544,0,1,1,8,23,0.19858001102558506,3.1220093369854833,41,7,4,0,2,0,Benign,0
1,0.0597757053596934,0,1,1,4,38,0.2399635610151021,4.007758153491317,41,9,0,0,1,0,Benign,0
1,0.021498812701686982,1,0,0,4,26,0.18232816504600743,2.225288544425899,38,11,0,0,0,1,Benign,0
4,0.02212079709379152,0,0,0,7,22,0.17423331289015315,1.0495224930146712,42,14,5,0,1,1,Benign,0
2,0.11877673588081512,0,0,1,7,24,0.31295093508629107,11.01910752877074,41,5,4,0,1,0,Benign,0
2,0.042276467411439506,0,2,0,5,18,0.29554001740492647,5.663177277958289,36,8,2,0,1,0,Benign,0
2,0.027449241466115874,0,0,0,6,25,0.10770848623126454,4.8126018536665605,40,13,3,0,1,0,Benign,0
4,0.6053889694545151,3,0,0,14,2,0.025559157965987706,0.1753384241405723,124,4,0,17,0,18,Attack_InsiderSabotage,1
3,0.02395555881224438,0,0,1,5,23,0.3158294143444416,3.344036045947343,42,9,5,0,1,0,Benign,0
1,0.05176602102522697,0,1,1,4,24,0.20292722244584593,0.852636908078676,30,4,0,0,2,0,Benign,0
1,0.05940302675166882,0,0,1,4,19,0.07469832063693278,5.513446106691943,37,8,3,0,3,0,Benign,0
2,0.030742290465883237,0,0,0,3,26,0.11300273316756954,3.065899289588908,39,11,2,0,1,0,Benign,0
2,0.8138252119908721,8,8,240,583,13,0.8641859591633814,236.2770343641471,22,3,169,0,55,1,Attack_DataExfiltration,1
2,0.8213273806440763,4,8,289,582,18,0.882517215258332,83.57850986168066,23,1,187,0,40,1,Attack_DataExfiltration,1
1,0.00872749353714804,0,0,0,4,23,0.06344145096122897,6.392130702947548,33,5,3,0,1,1,Benign,0
2,0.03166450913629269,0,0,1,7,25,0.18294864411814146,1.3970869681271334,43,12,1,0,0,0,Benign,0
1,0.014981752913695438,0,0,0,7,23,0.2897311501212484,7.854817297183252,42,9,2,1,1,0,Benign,0
2,0.08749825353482334,0,0,0,4,18,0.14300456339045986,3.6273391144817597,40,11,2,0,2,0,Benign,0
1,0.024581065848859718,1,0,0,7,33,0.04631749758834147,12.005855548334356,36,13,3,0,0,0,Benign,0
2,0.7662815553987739,2,0,0,9,4,0.20050741832365487,0.6275291420540274,78,6,0,14,0,30,Attack_InsiderSabotage,1
2,0.030185918984499807,0,0,0,8,31,0.07248222034380292,3.1170691977678437,36,10,1,0,0,1,Benign,0
1,0.6650039070082943,2,11,254,656,17,0.9343318064316246,175.3893268589209,16,6,178,1,59,1,Attack_DataExfiltration,1
1,0.03315616749536219,0,1,0,3,30,0.07327985276818204,2.8268670199160075,47,12,2,0,1,0,Benign,0
2,0.009588277260011992,1,0,2,6,22,0.09876832719882543,0.985670963165464,34,7,4,0,0,0,Benign,0
2,0.029154293667628218,0,0,0,4,25,0.1833222135258794,9.019284458870379,43,10,1,0,2,0,Benign,0
1,0.0517764804354427,0,0,2,6,23,0.18250313131285362,19.045949824271126,32,9,4,1,0,0,Benign,0
1,0.1161200609893315,0,0,0,5,30,0.1910618977232229,2.575295853867531,38,8,2,0,1,0,Benign,0
1,0.07711019992670172,0,1,0,1,24,0.09482723920001898,1.8067619526046295,41,10,7,0,1,2,Benign,0
1,0.04554592621070381,0,0,0,2,27,0.12492137882697397,8.01812317307759,34,12,1,0,1,1,Benign,0
4,0.8973167839222063,2,1,0,3,2,0.17838442146933411,0.7623804243931172,99,4,0,12,0,26,Attack_InsiderSabotage,1
1,0.13196419899411574,0,0,0,6,34,0.0730574553026565,4.3768039566324175,53,10,0,0,0,1,Benign,0
1,0.05276178670510669,0,0,0,5,25,0.07523638705843236,10.777813234069855,39,9,2,0,2,1,Benign,0
1,0.10921689268860836,0,0,0,7,38,0.15649455436035392,1.2014616732872931,50,14,3,1,1,1,Benign,0
1,0.03639459394941465,1,0,0,6,35,0.10191270434220459,3.520644873880893,54,9,2,0,0,0,Benign,0
1,0.15411700272622295,1,0,0,7,23,0.12449328510293724,3.982773319230765,38,7,0,0,0,0,Benign,0
2,0.3228454710519742,4,1,0,9,2,0.0021460361896836625,0.5166977034394653,103,4,3,14,0,15,Attack_InsiderSabotage,1
5,0.004629779291668553,0,0,0,8,27,0.05582085385484042,0.5934308218293189,38,12,3,0,1,0,Benign,0
1,0.0384209885458226,0,0,0,13,25,0.3161258837262732,1.1090987939655845,39,8,2,0,2,0,Benign,0
1,0.03691880444795337,0,1,0,10,19,0.1264562064417673,1.7691966279759415,41,9,1,0,0,1,Benign,0
1,0.03262517238318295,0,0,0,4,21,0.025835841447984228,9.599196978837073,32,12,3,0,0,0,Benign,0
1,0.008120285484989545,0,0,1,3,21,0.28173729630773064,0.6572399563541897,34,5,2,0,3,0,Benign,0
1,0.014650276462383847,0,0,0,6,27,0.10917953610588238,1.3780547303911366,36,7,2,0,2,0,Benign,0
2,0.005347737603452897,0,0,0,5,22,0.11164855228401306,8.988895033590035,35,12,4,0,0,0,Benign,0
1,0.016496454547545666,0,0,1,8,20,0.1978375331250302,0.41049342437752756,44,6,1,0,2,0,Benign,0
2,0.11221139720119912,0,0,0,7,31,0.3410849365356657,1.8389555372168327,39,13,1,0,0,1,Benign,0
1,0.06401496680091563,0,0,0,4,29,0.14905380603091475,1.0896708805270139,38,9,2,0,0,1,Benign,0
1,0.008807243063760257,0,0,0,9,25,0.09198418815736431,2.4139456274521347,41,8,4,0,4,0,Benign,0
1,0.024500283369854794,0,2,2,2,29,0.14444401606761542,4.074863364239442,38,9,3,1,1,0,Benign,0
1,0.04551387570323555,0,1,0,5,26,0.06336102154321417,14.07666178956951,36,13,2,0,1,0,Benign,0
2,0.027260183893362402,0,1,0,6,25,0.1032412476965433,7.410891839057285,39,16,5,0,3,1,Benign,0
1,0.022492166056583492,1,0,0,6,22,0.17033729141281467,1.5387554332313782,39,10,2,0,1,1,Benign,0
1,0.07515110429416862,1,0,0,13,22,0.06872239389543745,0.7768699322809101,41,14,0,0,1,0,Benign,0
1,0.01395365496939152,0,0,1,2,27,0.10717685081903047,2.447554627341011,30,6,3,1,0,0,Benign,0
2,0.032732257058836575,1,0,0,6,27,0.1798654328464036,2.5443791480066973,39,8,3,0,0,0,Benign,0
1,0.0020087924452818345,0,0,1,4,35,0.24958892742824593,12.868051686965662,30,6,1,1,0,1,Benign,0
2,0.009881263392559696,0,0,1,9,34,0.01389083794566938,0.6196761573524528,32,9,1,0,1,2,Benign,0
2,0.06024290134060549,0,0,1,8,27,0.08433925191646947,4.765795489466055,51,15,4,0,0,1,Benign,0
1,0.024927334194654975,0,0,2,2,23,0.25121324549590995,1.4070624599503303,51,11,3,1,0,0,Benign,0
1,0.007393487463122198,0,0,0,4,18,0.05215330946090491,0.10421866211484161,36,8,3,0,1,0,Benign,0
1,0.18896352512241701,0,1,1,3,32,0.1049907979325697,3.9667066662884536,45,6,0,0,0,3,Benign,0
5,0.7886419143198827,7,6,250,623,16,0.8564787225471782,58.49559427101751,18,9,175,0,57,1,Attack_DataExfiltration,1
1,0.026559211223156264,1,1,0,9,20,0.45514528753658456,5.081299832533819,37,12,0,0,0,0,Benign,0
3,0.022660425403109967,0,0,0,4,18,0.2590718983928833,5.38659451562713,32,9,1,0,0,0,Benign,0
3,0.001498626874523524,1,0,0,3,21,0.439455185720793,1.8286830324439884,43,14,2,0,0,0,Benign,0
1,0.019166358050120336,1,0,0,10,19,0.21923661362793384,3.083377859410405,40,14,2,0,1,0,Benign,0
2,0.0028748947786015537,0,0,1,7,22,0.06987260315576435,1.8413259706516303,38,12,6,0,1,0,Benign,0
1,0.01510680785459589,0,0,1,4,35,0.041671644203637274,1.1774745541807188,40,10,1,0,1,0,Benign,0
1,0.05618072175946575,0,0,0,2,25,0.06836096330910638,1.422999612993444,33,16,1,0,3,1,Benign,0
2,0.01698266637201977,0,0,0,5,21,0.2382078651522631,7.0087579912739155,41,11,1,0,1,0,Benign,0
1,0.6617400509955554,6,7,258,600,13,0.7259776516011456,149.21946235008534,24,2,161,0,64,1,Attack_DataExfiltration,1
4,0.13884747088293545,0,1,0,5,19,0.062343419767436355,22.628080808064166,46,13,1,0,0,0,Benign,0
1,0.04548756358415132,0,0,2,6,23,0.23547293385579282,5.274588405105288,45,8,1,0,0,0,Benign,0
4,0.01689858590875756,0,0,0,0,38,0.24289009265553094,13.297554163931439,36,15,0,0,2,0,Benign,0
2,0.0014184743074951579,0,2,0,6,24,0.20895608167849936,1.7171585141846137,43,16,2,0,1,0,Benign,0
2,0.015371791705702138,0,0,0,8,23,0.23865820544299826,0.881869361486033,41,14,4,0,1,0,Benign,0
1,0.008697086011240703,1,0,1,4,37,0.22249406286843346,2.646236688534034,36,5,0,0,1,0,Benign,0
2,0.07435153767718534,0,1,0,5,28,0.24179443228543523,0.739097410198221,54,9,2,0,0,0,Benign,0
1,0.010611338166265786,0,1,0,3,26,0.512662817340744,2.0146142530835247,39,12,1,0,0,0,Benign,0
2,0.06787682736808881,0,0,0,6,19,0.30229064083914303,0.9527225865335883,37,13,1,0,1,0,Benign,0
1,0.0035622225685660544,0,0,0,6,22,0.18751333693368552,17.523161957739358,34,17,3,0,1,0,Benign,0
3,0.00027083467343073594,0,0,0,2,19,0.0272492483613157,1.6108646955194832,41,6,0,1,2,1,Benign,0
2,0.03266723256175475,0,0,0,8,28,0.024974747255082096,5.114789272956321,36,8,1,1,1,0,Benign,0
4,0.8551191594794203,5,3,263,578,13,0.8742537331162364,160.94110400589125,26,6,187,0,52,2,Attack_DataExfiltration,1
2,0.04270980235220158,0,0,1,1,22,0.07448171426968823,7.348316666462996,40,16,2,0,1,1,Benign,0
1,0.016487372268031666,1,1,0,3,21,0.08360147325953787,1.9812340739667744,40,11,1,0,0,0,Benign,0
1,0.03209487007018319,1,0,0,5,22,0.03062167887433281,1.1170228064423329,48,14,2,1,3,0,Benign,0
1,0.02544802055373797,0,0,1,2,28,0.3314035121419437,0.2749606529878245,33,8,6,0,1,0,Benign,0
3,0.028351282205808494,0,0,1,3,29,0.06898608323777075,0.7294475848182326,33,6,0,0,0,1,Benign,0
2,0.7212260421350967,7,8,275,613,22,0.8618420743974664,326.60592719453774,12,4,173,2,36,1,Attack_DataExfiltration,1
1,0.7518101921049415,6,1,249,621,6,0.7959182388566911,94.88237275499863,11,4,174,1,60,1,Attack_DataExfiltration,1
1,0.08337451077176425,2,1,1,1,19,0.111024066806321,5.831879480006684,39,3,2,0,1,0,Benign,0
3,0.03127381751420313,0,0,0,11,21,0.0567530258731749,0.9344059868720459,40,11,1,0,2,1,Benign,0
1,0.018362409905048713,1,0,1,2,20,0.01668720099275781,2.343049409561755,32,12,1,0,2,0,Benign,0
1,0.06250391983457897,0,1,2,5,19,0.2948994347148926,1.300213117016859,44,4,4,0,0,0,Benign,0
3,0.03261792611044791,1,0,0,3,28,0.13839011161696696,6.139597280840913,42,4,2,0,1,1,Benign,0
5,0.49203414768893217,2,1,0,10,3,0.04249797700612216,0.591920445496,106,4,4,13,0,19,Attack_InsiderSabotage,1
2,0.006239335483922082,0,1,0,3,29,0.3418626335814938,1.6392303135924984,41,8,5,0,2,0,Benign,0
1,0.00937655252597932,0,0,0,6,28,0.12263470559999959,1.1572857524853688,47,12,3,0,2,0,Benign,0
2,0.6345552768405672,5,4,255,583,21,0.9072195720621552,241.56106651992246,23,2,168,0,44,0,Attack_DataExfiltration,1
1,0.014407083210129892,0,0,1,4,35,0.3578097373968671,6.364089701202186,40,11,2,0,0,0,Benign,0
1,0.04688813495806515,1,0,0,6,27,0.09537523945791285,13.056383566754738,40,11,0,0,1,0,Benign,0
1,0.02256050378935354,0,0,1,4,28,0.23067333264816378,27.947065048679228,41,18,3,0,3,2,Benign,0
1,0.0023613037703072155,0,0,2,4,33,0.259061789915572,2.5840600147651513,48,12,4,0,3,0,Benign,0
1,0.01683089004906431,0,0,2,4,31,0.11995277020575396,2.422148983513317,53,18,2,0,1,1,Benign,0
2,0.004052392909067373,0,0,0,7,17,0.27336964183409135,4.551349766461559,40,6,1,0,0,0,Benign,0
2,0.009261475899500767,0,1,2,2,27,0.19101753594565402,5.706312612818957,30,9,2,0,1,2,Benign,0
1,0.27284546567575835,0,1,0,7,22,0.1385143147306538,1.8501817166490668,47,8,0,0,4,0,Benign,0
1,0.031414518966323274,2,0,0,9,30,0.08867274147072511,0.8554264673574814,40,8,1,0,3,1,Benign,0
5,0.1197993595628941,0,0,0,5,26,0.13539156449894307,4.607787233951257,51,11,2,0,3,1,Benign,0
1,0.001586091174117098,0,0,1,8,25,0.09736777979451768,7.605652162659025,48,18,6,1,3,1,Benign,0
1,0.03436134564934708,1,0,1,5,23,0.018476831819082582,2.4194832077353596,55,8,4,0,0,0,Benign,0
2,0.026029676112038384,0,0,1,5,29,0.13718315727494426,9.658699018921793,43,10,2,0,1,0,Benign,0
1,0.010082952888741099,0,0,0,5,29,0.3028945031713688,1.5465488254780007,51,12,4,0,1,0,Benign,0
1,0.06894586198035751,0,0,1,3,23,0.32090256467027495,3.4457514326862375,42,6,0,0,1,0,Benign,0
1,0.000658972677219656,1,0,1,4,24,0.009446823501817584,0.607393602477456,31,8,4,0,2,0,Benign,0
2,0.6480038574872595,2,6,248,587,15,0.546892608050394,235.53539443913823,18,7,161,3,37,1,Attack_DataExfiltration,1
2,0.023891413398596628,0,0,1,2,15,0.2031132853933646,1.7120594338730892,39,10,0,0,1,2,Benign,0
3,0.0004248118997178762,0,0,0,5,16,0.35192425027947866,17.10943182754873,42,7,2,0,0,0,Benign,0
1,0.03045579557758728,0,0,1,6,21,0.39499931499736834,0.6932693358727188,41,6,4,0,1,0,Benign,0
2,0.07115561934341218,0,0,1,11,25,0.1797544405316947,0.5936913864482769,36,9,5,0,1,1,Benign,0
3,0.07981826415523534,0,1,1,4,28,0.17757392364611865,4.523081541692038,42,7,2,0,2,0,Benign,0
1,0.04661022992291595,0,0,0,7,25,0.2162093648282185,1.2717499148329023,39,8,3,0,1,0,Benign,0
1,0.09735437924816356,0,0,1,3,24,0.284051491574466,1.0995803524778827,53,15,1,0,1,0,Benign,0
2,0.032149953617361296,1,0,0,5,31,0.12269132204216573,1.544780911995891,38,8,1,0,1,0,Benign,0
1,0.06712818050354356,0,1,0,4,23,0.2770870271426554,1.1891977850944413,49,4,3,0,3,0,Benign,0
3,0.04756705459675614,1,0,1,7,18,0.07025299795875661,1.4338542949576372,48,4,2,1,1,0,Benign,0
1,0.05440956866946415,0,0,0,6,17,0.23812998381729247,2.1548742615118686,27,9,2,0,2,0,Benign,0
1,0.06968341004957933,0,0,0,1,14,0.10612345452861205,0.17066575850957308,37,8,3,0,0,0,Benign,0
1,0.0030833305510584727,0,0,1,5,31,0.12990784536301297,1.3982424782522556,46,10,2,0,1,0,Benign,0
1,0.02536425216141271,0,0,0,3,20,0.05428243341505496,4.286206623540966,46,15,4,0,0,0,Benign,0
1,0.015452095272482378,0,0,1,6,27,0.15890966279792043,1.074273555695353,43,15,1,2,2,0,Benign,0
2,0.8508905892461642,4,5,258,620,15,0.7841152366800197,138.18148291175225,16,5,183,2,48,1,Attack_DataExfiltration,1
1,0.23334643789008566,1,0,0,7,21,0.10662137532679596,7.763449070409803,47,12,0,0,2,0,Benign,0
1,0.0796104204556285,1,0,0,5,26,0.10251379551543052,2.424380477165556,40,8,2,0,1,2,Benign,0
1,0.08104866964492927,1,0,0,2,38,0.05576646366824466,1.6416992772307282,34,11,4,0,4,0,Benign,0
1,0.9423407297449635,5,7,233,590,22,0.700839860994271,81.10287481441281,20,4,165,0,41,1,Attack_DataExfiltration,1
7,0.905836490645143,1,1,0,9,6,0.2404660264301053,1.3003212370861363,103,6,2,21,0,21,Attack_InsiderSabotage,1
4,0.19414803883754253,0,0,0,1,34,0.07090674292776006,1.4198728651194281,44,8,2,0,1,0,Benign,0
1,0.038733491285520734,0,0,0,8,24,0.2507228997918971,1.1452437470222714,37,15,1,0,0,1,Benign,0
1,0.011871371711853427,0,0,0,5,22,0.09605904619541793,2.3176595211713837,49,12,2,0,0,0,Benign,0
1,0.003543450032758541,0,0,1,1,37,0.156285459292216,0.7067317750054978,45,14,1,1,1,0,Benign,0
1,0.019341223252904112,0,0,0,5,29,0.16367246456796283,2.146787706979952,31,12,4,0,2,1,Benign,0
2,0.014126034298667744,0,1,0,4,27,0.20627749763479658,8.842709571886058,38,10,2,0,0,1,Benign,0
1,0.07189648229392859,2,0,1,4,28,0.00741544441803056,7.711738113763899,32,5,2,0,0,0,Benign,0
1,0.804920470099352,8,5,252,638,14,0.7609441531065614,121.50322350807627,24,1,182,1,59,1,Attack_DataExfiltration,1
3,0.012477366776349754,0,0,0,7,25,0.09674813142358307,1.332081149207274,40,10,3,0,2,0,Benign,0
2,0.047781960254608714,0,0,1,6,23,0.08719571932384665,3.3089595581578504,41,14,0,0,3,0,Benign,0
1,0.003393526145307874,0,0,0,6,28,0.03728721349678324,2.326329528382941,25,7,2,0,0,0,Benign,0
1,0.054822757598041616,0,0,1,1,25,0.07200839648957194,0.8316238617980012,36,8,2,0,1,0,Benign,0
1,0.036773118902934644,0,0,0,3,22,0.11038099233719051,7.640976618885029,38,7,3,0,2,0,Benign,0
1,0.11098235715815123,0,0,2,4,24,0.021676954164747388,2.139627182107035,35,9,1,0,1,1,Benign,0
2,0.006143762460815082,0,1,0,8,26,0.06933584729615977,7.315765589251954,35,13,2,0,1,0,Benign,0
2,0.06129032438639588,0,0,0,4,24,0.0934508774701098,4.274846416199062,37,4,1,1,0,0,Benign,0
2,0.6054153183088221,4,9,238,616,14,0.8770915733835767,92.56182749461027,23,4,160,0,55,2,Attack_DataExfiltration,1
1,0.058353807753741244,0,0,0,8,21,0.13390216967715074,11.437314122166569,32,8,3,0,4,0,Benign,0
1,0.05961666004531049,0,1,0,5,29,0.07234923609767475,4.6287273089915395,33,12,4,0,2,0,Benign,0
2,0.04585401619130713,0,0,1,5,28,0.1317744208631491,4.317059291025412,43,11,3,0,2,0,Benign,0
1,0.050601676535599466,0,0,1,3,24,0.11476562357900835,15.780019336992977,42,12,2,0,1,0,Benign,0
1,0.024544139693682954,0,0,1,8,30,0.12539061687803518,3.1729873737426257,42,14,2,0,3,0,Benign,0
1,0.011675444382754245,0,0,0,8,24,0.1385914056185756,12.340057447861234,34,14,3,0,0,0,Benign,0
1,0.00783153758709957,0,0,0,2,26,0.3656173184993037,3.5464223194662807,42,5,2,0,2,1,Benign,0
1,0.06549311140783758,0,1,0,8,20,0.1699727706174824,7.933970461244948,44,8,3,0,1,0,Benign,0
2,0.049027651272059804,0,0,0,3,26,0.11273490429672539,3.0103896722610375,42,7,2,0,2,1,Benign,0
1,0.039157274207566255,0,0,0,4,26,0.2816850133084247,0.685399724635021,34,11,2,0,1,0,Benign,0
3,0.0588948496077651,0,1,0,6,21,0.13863567561386364,39.50409729331576,50,5,0,0,2,1,Benign,0
3,0.04642537571433304,0,0,0,1,32,0.18423512387886606,4.534051015970228,35,11,4,0,3,0,Benign,0
1,0.027884115283527095,0,0,2,6,19,0.15509812651253665,3.6182164007766495,36,9,2,0,0,0,Benign,0
2,0.11885834455141744,0,1,1,9,21,0.3036407160915846,13.096371556701952,43,15,1,0,2,0,Benign,0
1,0.052495048044020214,1,0,1,4,33,0.2586710064003996,3.7191555372275977,50,12,1,0,2,1,Benign,0
5,0.02137972957306935,0,0,0,6,27,0.044649298336893295,6.502866194067093,41,10,4,0,0,1,Benign,0
1,0.00908835560735605,0,1,0,1,22,0.11399807405658796,1.85068304116333,56,5,2,0,1,0,Benign,0
2,0.7701273758232897,5,2,235,626,21,0.9106687640280949,105.57599309691997,20,8,154,0,41,3,Attack_DataExfiltration,1
1,0.03977625626684672,0,0,1,4,24,0.22348298245379322,1.6980982560986462,42,15,1,0,0,0,Benign,0
2,0.026390115428582682,0,0,1,4,22,0.29662139581477864,7.29517275825042,35,7,1,0,0,2,Benign,0
3,0.016239311217679055,0,0,0,3,28,0.12695523160826053,1.6149414992261468,42,9,2,0,0,0,Benign,0
1,0.042080692282037785,0,0,1,8,29,0.12432407492696182,8.99555845016446,40,6,1,0,2,0,Benign,0
1,0.27665457344267,0,0,2,6,35,0.11260117833582746,16.161270386747738,31,4,0,0,1,0,Benign,0
5,0.00571405424458761,0,0,1,3,36,0.2069535485173508,1.3709013062612478,35,7,5,0,2,0,Benign,0
2,0.040148944185293634,1,1,1,9,15,0.0254321858846591,0.4801709601941281,39,8,2,1,0,0,Benign,0
3,0.7574997541498982,3,8,273,595,19,0.8434449371394943,179.46865371272096,19,2,174,0,51,1,Attack_DataExfiltration,1
1,0.8593634658432072,6,4,244,615,21,0.7517928201503796,196.62482209475658,14,2,181,4,46,0,Attack_DataExfiltration,1
1,0.09859408680992655,0,0,0,5,19,0.2250031025109191,2.0916185685687667,40,14,1,0,1,0,Benign,0
1,0.055568058401230906,0,0,1,4,22,0.03560385524494769,1.52161835276738,46,11,2,0,1,1,Benign,0
3,0.03066683770236654,0,0,1,10,29,0.4331638411396095,8.081105608932367,34,17,1,0,1,0,Benign,0
3,0.07947326408366116,0,0,1,2,26,0.3533272508140537,0.36684117204922617,29,10,2,0,1,0,Benign,0
1,0.049594838176417126,0,0,1,2,22,0.07997876595584417,36.4910960552026,32,12,1,0,2,0,Benign,0
4,0.008838183132407878,1,1,0,5,16,0.06430996014485005,6.106728473506856,47,22,1,0,1,0,Benign,0
4,0.024968249650850805,0,1,0,4,25,0.29871731694596054,2.621762521771399,36,12,3,0,0,1,Benign,0
1,0.010194330528108404,1,0,2,6,24,0.045761994152183225,0.5479965672276974,43,10,0,0,0,0,Benign,0
1,0.13941972110624165,0,0,0,6,22,0.35261889355425724,2.579786915174661,46,12,4,0,1,0,Benign,0
1,0.12232751179662772,1,0,0,3,20,0.1697600823988772,2.44442049329991,56,8,2,0,0,1,Benign,0
1,0.010251461468455158,2,0,0,6,22,0.15206158646176007,6.88131713907196,34,6,2,0,1,0,Benign,0
3,0.14638548494625014,0,0,0,4,21,0.1705608536114501,3.1041572405797413,38,11,1,0,0,0,Benign,0
1,0.06713970821426529,0,0,0,3,36,0.22868978304380236,5.5495551529854295,34,7,4,0,3,0,Benign,0
3,0.016720776085413645,0,0,0,3,27,0.370187745804061,3.84695584189397,48,6,3,0,0,0,Benign,0
1,0.017393676724292862,0,0,0,4,24,0.1542776169394652,4.766256171544606,31,11,2,1,0,0,Benign,0
1,0.08523631342149217,0,1,1,6,22,0.10412814734458807,1.6701461527138781,33,12,0,0,1,0,Benign,0
1,0.1809015165401849,0,0,0,4,29,0.08042176306618938,2.026707690085775,31,5,3,0,1,0,Benign,0
4,0.7553316718525129,9,5,265,585,11,0.7354690367529152,284.73809761126427,15,10,184,1,58,1,Attack_DataExfiltration,1
1,0.05535740547160643,0,0,0,4,18,0.117354418847757,1.2525693401702545,30,8,2,0,1,1,Benign,0
1,0.03155338867859322,1,1,0,10,23,0.22779031812783035,0.26947296772087775,46,10,2,0,0,1,Benign,0
3,0.4507017990721904,1,3,248,565,21,0.8928130972391918,325.8200892252238,19,2,158,1,49,0,Attack_DataExfiltration,1
2,0.03872272376049869,0,0,1,4,28,0.7401601873975475,0.73169779731413,26,7,1,0,1,0,Benign,0
7,0.42944187825707814,5,2,0,8,7,0.059175836677827574,1.418476482195868,106,8,0,28,0,26,Attack_InsiderSabotage,1
1,0.02545734147898132,2,0,1,5,23,0.4189245063984135,7.937464677418262,45,10,4,0,2,0,Benign,0
4,0.5499340619783465,4,4,254,575,15,0.5988457800992839,103.49100948783166,22,3,175,0,63,0,Attack_DataExfiltration,1
1,0.07759884238343376,0,1,0,7,30,0.18457296122739605,2.4627300554560603,41,5,2,0,1,2,Benign,0
1,0.039813213355717164,1,0,2,6,25,0.1359892112192647,6.075334007440375,35,9,1,0,0,1,Benign,0
1,0.024418452079468505,0,0,1,7,20,0.1767560956563939,0.26581456980253687,31,13,1,0,1,1,Benign,0
1,0.8819016286757814,7,6,263,599,18,0.7275923217515498,149.50555961428216,16,6,167,0,38,1,Attack_DataExfiltration,1
1,0.03511830539209426,0,1,0,4,25,0.12313443930787679,1.433971099261293,40,16,1,0,0,0,Benign,0
2,0.004901808382802322,0,1,1,5,29,0.11373147719962298,0.6824599340556735,52,8,4,0,0,0,Benign,0
3,0.12682232938287316,0,0,0,1,18,0.41635112551458753,0.5419071718477866,37,11,1,0,1,0,Benign,0
1,0.012516968610518967,0,0,0,9,13,0.2278695588877121,2.7186454234724264,41,11,4,0,1,0,Benign,0
1,0.11927916241067575,1,0,1,4,25,0.0948877993421923,1.6506843883754363,47,5,4,0,1,0,Benign,0
1,0.00510841208618317,0,1,0,7,26,0.1827132334819233,1.266849049380754,38,6,2,0,0,1,Benign,0
2,0.7284359735333219,2,5,229,597,24,0.8086459886981091,167.4705010968918,13,5,191,3,44,0,Attack_DataExfiltration,1
1,0.029463577611329565,0,0,0,4,30,0.08197289839680304,4.044262880936827,45,13,1,0,1,0,Benign,0
2,0.503827472624746,5,3,250,600,25,0.5600941019273868,153.87844157166901,19,2,167,1,44,1,Attack_DataExfiltration,1
1,0.015182118560317405,1,1,1,5,16,0.20154985939847045,1.9846794051437635,30,12,2,0,1,1,Benign,0
2,0.03892912690183981,1,0,0,4,20,0.09471667648754784,11.796909202930124,40,11,2,0,1,0,Benign,0
4,0.07551334520703866,0,0,0,5,23,0.10730529286169883,11.955779621820122,47,8,4,0,0,0,Benign,0
3,0.06000772350781983,0,0,2,2,34,0.17346646640236152,2.1324444105685396,39,7,1,0,1,1,Benign,0
2,0.12685838329245466,0,0,1,1,22,0.3428520597920867,9.954364278147978,40,13,3,0,0,0,Benign,0
2,0.013715143895719772,0,0,1,6,26,0.22594208464200616,5.477858152355487,30,11,3,0,1,1,Benign,0
2,0.00374557142985895,0,0,0,2,19,0.13309818175699728,11.45027882308393,38,7,3,0,0,0,Benign,0
3,0.02225929921235574,1,0,1,5,25,0.1767815805262326,2.889519264208522,45,5,1,0,2,0,Benign,0
1,0.012222578179561584,0,0,2,3,21,0.0897737866682276,13.83890127931002,47,15,1,0,1,0,Benign,0
1,0.01307772841136276,0,0,0,2,30,0.060134877576016536,0.7482921213898813,42,6,4,0,0,0,Benign,0
4,0.8612971572833205,2,6,259,570,17,0.922480754994735,218.52190971148235,19,7,181,2,42,2,Attack_DataExfiltration,1
3,0.060319921183029514,1,0,1,4,34,0.15026372118201295,4.9932143301648315,45,11,1,0,0,0,Benign,0
4,0.5492750033669822,2,5,233,646,9,0.7548067364029136,255.78143970376107,23,3,163,0,52,2,Attack_DataExfiltration,1
3,0.8273206816730315,5,6,257,580,17,0.7351448490730038,73.12314281450422,22,5,167,1,48,0,Attack_DataExfiltration,1
1,0.10713966107261871,0,0,3,5,21,0.04963166550864429,1.4233710221671854,41,11,5,0,1,0,Benign,0
4,0.03950214414414431,0,0,0,4,23,0.1928382861163638,4.800772123026557,40,9,5,0,1,0,Benign,0
1,0.18173479249379856,2,0,1,4,29,0.24969420343303933,3.120781426268469,40,12,4,0,1,1,Benign,0
1,0.9017182925723981,4,5,257,593,18,0.7440691638411753,187.61936851354216,22,3,166,1,44,0,Attack_DataExfiltration,1
1,0.04764271868935691,1,0,0,3,34,0.275537614536213,0.7488386829430477,35,6,3,0,1,0,Benign,0
1,0.11406983358952733,0,0,1,6,22,0.2018525570973784,10.253728401986468,30,9,2,0,2,0,Benign,0
2,0.04303765425396476,0,0,2,3,28,0.36469633749703156,1.593549968446368,41,6,3,0,1,0,Benign,0
1,0.01097927818727394,2,1,0,5,20,0.07729267579637418,2.8769672413390905,43,6,2,0,0,0,Benign,0
3,0.004308502943869228,0,0,0,4,26,0.3161320042050599,1.3552115556112938,45,4,4,0,0,0,Benign,0
2,0.01016543926790778,0,0,0,4,35,0.3292438388630896,3.639148441900365,31,12,1,0,0,0,Benign,0
1,0.06571959741033633,0,0,1,3,23,0.24923230949519085,13.085505343087448,31,5,1,1,1,0,Benign,0
1,0.013176656632903563,2,0,1,4,25,0.0425429516361544,7.179591050562509,31,8,2,0,0,1,Benign,0
2,0.005385314434786539,1,0,0,8,22,0.26233664588335903,2.32579095950484,39,14,0,0,0,2,Benign,0
1,0.017194306108668206,0,1,3,7,25,0.09545454666969892,4.383768249849763,38,8,3,0,1,0,Benign,0
2,0.027889970508589632,0,0,1,7,22,0.16976071151767727,4.713867358697951,38,13,3,0,1,1,Benign,0
1,0.02719620420929861,0,0,0,6,21,0.10866877260472914,0.6673373017851634,40,12,2,0,1,1,Benign,0
8,0.12333590696956248,0,0,1,7,21,0.3364334526368682,3.176045664991391,39,10,1,0,2,0,Benign,0
1,0.009643665463536665,0,0,0,2,21,0.06219382031353859,0.8757136673976573,49,16,0,0,0,1,Benign,0
1,0.03130060302721759,0,0,1,4,36,0.07326697865588994,1.6663684176839482,32,11,0,0,0,0,Benign,0
2,0.029338533377189394,1,0,0,4,15,0.0318471782077479,1.171676138338406,40,17,1,0,1,1,Benign,0
2,0.026240468475574857,0,1,0,8,25,0.3429978371935837,0.9067245925075695,29,11,3,0,0,0,Benign,0
1,0.06691391651524772,0,0,1,8,28,0.03967918589025189,0.3891101480710177,42,13,1,0,0,0,Benign,0
1,0.062103702280914566,0,0,3,4,26,0.27091445166804806,3.0519805833507827,37,11,7,0,2,1,Benign,0
1,0.001687623538048019,0,0,1,6,24,0.2268479484041566,2.5908350271186635,42,7,2,0,1,1,Benign,0
1,0.0749035534783803,0,0,0,12,29,0.11665155171722175,5.2588856104675825,43,9,3,0,0,0,Benign,0
1,0.04042125144344585,0,0,0,4,22,0.44043723184148137,1.6846880555907415,41,10,1,1,0,1,Benign,0
1,0.09227782772070889,0,0,0,6,30,0.11393570804898641,4.457318037311617,30,10,4,0,1,1,Benign,0
3,0.03055994579819999,1,1,1,8,24,0.14277477172563946,14.41484066178573,36,11,0,0,0,1,Benign,0
2,0.010227460852850794,0,0,0,5,26,0.048084779472818424,0.8096638964233055,44,10,3,0,0,0,Benign,0
1,0.005772478865236454,2,0,0,5,34,0.20648150142229957,7.326742387221523,45,9,3,0,1,1,Benign,0
1,0.044064529965433315,0,0,1,3,21,0.10427647769701354,12.000588241172148,42,9,3,0,2,1,Benign,0
2,0.022214255054919436,0,0,0,2,26,0.38216720190419173,3.5072495278497233,43,7,2,0,0,0,Benign,0
3,0.0569327258524701,0,0,1,5,15,0.21151574115957594,2.473797943820018,53,5,1,0,0,0,Benign,0
2,0.008697976420994341,0,0,0,2,25,0.11134137230071285,16.281558426566104,38,11,6,0,0,1,Benign,0
2,0.01945446595104384,1,0,1,6,14,0.12053531348684114,0.9177853760700427,46,10,2,0,1,0,Benign,0
3,0.07380103103123867,0,0,1,10,33,0.12922290844291268,1.2407412750755495,44,12,2,0,2,0,Benign,0
2,0.006734750931886677,1,1,1,12,34,0.13724040396837844,3.4205847226102253,51,9,1,0,0,1,Benign,0
2,0.009350674891021685,0,0,1,5,21,0.04134995297530768,5.102275695435569,33,9,0,0,0,1,Benign,0
2,0.04105168093790398,0,1,1,5,19,0.14896326049681377,0.18601283414898112,50,5,1,0,1,0,Benign,0
1,0.049075120389079845,0,1,0,8,28,0.18079920768737537,4.896632376709363,51,10,1,0,0,0,Benign,0
1,0.0002447325446378688,0,0,0,1,23,0.2892031775159893,3.2418547717118478,42,8,0,0,0,0,Benign,0
1,0.7474768469240267,5,7,223,605,15,0.6737129982620323,89.08670681765483,18,3,171,0,36,3,Attack_DataExfiltration,1
2,0.05574174183901008,0,0,0,4,19,0.19371066898345762,12.127726763360476,37,11,4,0,2,0,Benign,0
2,0.9065155247978951,2,7,240,596,24,0.6682861694800858,99.87829605371047,16,3,167,2,42,2,Attack_DataExfiltration,1
1,0.026648593043275402,1,0,0,4,20,0.1459957140228197,2.5450513002310937,37,7,5,0,0,1,Benign,0
1,0.08140293342492774,1,0,1,7,27,0.06684079258975927,0.8515977265011873,43,11,4,0,2,0,Benign,0
2,0.015349820632794471,0,1,0,6,17,0.09922688544564981,1.1970884810374491,34,15,2,0,1,0,Benign,0
2,0.004313228541494574,0,0,0,8,25,0.02097170636254477,2.450302019226771,45,8,2,0,1,0,Benign,0
2,0.02086438358917306,0,0,1,9,27,0.22345072566887078,2.0376660482681292,39,7,1,0,0,0,Benign,0
1,0.08122856929138357,0,0,0,6,25,0.17403851841161821,3.428421009184401,44,9,0,0,0,0,Benign,0
1,0.03410000102774607,1,0,1,5,27,0.20842364705988856,6.204234631099175,45,6,2,0,2,0,Benign,0
2,0.04407340604643869,2,0,0,3,28,0.12957935383300226,6.496604609583285,41,18,7,0,1,0,Benign,0
7,0.3581848791779988,0,0,0,10,1,0.07350206887100837,0.41172322484296814,93,5,2,23,0,24,Attack_InsiderSabotage,1
2,0.020281400469006127,0,0,0,8,21,0.04719796407908888,8.285781731513136,39,9,0,0,5,1,Benign,0
2,0.12132605180734783,1,0,1,3,20,0.06703549066248504,1.7917700110905588,40,4,3,0,2,0,Benign,0
2,0.07687964632312487,1,0,3,1,33,0.3050230740262816,5.533752872106238,35,10,2,0,4,0,Benign,0
1,0.05414870068187934,0,0,1,5,27,0.11997681018626388,3.817753818911481,38,11,2,0,0,0,Benign,0
1,0.11554017043306367,0,0,1,3,17,0.06188388614585357,7.658373484600522,46,8,2,0,0,0,Benign,0
2,0.0344198976035316,0,0,0,3,22,0.1591418742620942,5.501509982284073,51,10,1,0,0,0,Benign,0
3,0.052205393024917474,0,0,0,6,22,0.15658963048916189,4.890285068071733,38,18,2,0,1,0,Benign,0
1,0.03898046933164021,0,0,0,3,23,0.03292805554547141,1.0123575276287449,39,12,2,0,2,1,Benign,0
1,0.030261334065712957,0,0,0,2,27,0.07530492417410198,2.1509786360938055,42,8,1,0,2,0,Benign,0
4,0.0005812477821917517,0,0,0,3,27,0.09925129419900272,3.2419311835253954,54,4,2,0,0,1,Benign,0
1,0.4137590034659139,10,5,248,556,15,0.976871802335928,74.23383499437018,26,2,175,2,54,1,Attack_DataExfiltration,1
2,0.05429389147562337,0,0,0,5,34,0.18012509133624177,5.734153007273337,39,9,3,0,0,1,Benign,0
1,0.04159742875626864,0,0,1,8,18,0.0553834677427413,7.399337863455887,33,7,2,0,3,0,Benign,0
2,0.0209096362694064,0,0,0,5,18,0.33402218524160027,1.2047819359004583,35,11,1,0,1,0,Benign,0
1,0.019946538507098897,0,0,0,5,18,0.1216989724601805,2.219317077934027,41,12,2,0,1,0,Benign,0
4,0.03314678715585497,1,0,1,4,24,0.08027652664515224,2.245975800455542,32,7,3,0,1,0,Benign,0
2,0.0302727257397935,1,0,2,4,26,0.041404717554257446,0.11800667073370137,48,13,1,0,2,1,Benign,0
1,0.03397289496831616,0,0,0,4,23,0.2502305776802328,19.28720783735048,43,10,1,0,0,1,Benign,0
3,0.0656942452782086,0,0,2,7,24,0.14378898356113967,5.256097590586032,39,6,1,0,1,0,Benign,0
2,0.6142716647974782,3,10,222,575,9,0.5616741040953435,71.61132610081664,13,3,195,1,43,0,Attack_DataExfiltration,1
1,0.0464365632643585,1,0,1,7,21,0.17440264265600322,13.253887158296797,45,9,1,0,1,0,Benign,0
2,0.13149891202695765,0,1,0,6,24,0.3577216806310402,2.175673210235829,33,9,1,0,0,0,Benign,0
1,0.012507407862473889,3,0,0,6,24,0.12833398370443347,1.3896130719447926,44,4,1,0,1,0,Benign,0
3,0.15000474016472046,0,0,2,3,20,0.21353289817256435,1.6364232567387025,41,9,1,0,2,1,Benign,0
1,0.5472846276378894,7,5,268,605,19,0.7867562565681345,131.6617755651938,18,2,173,1,52,1,Attack_DataExfiltration,1
2,0.04958315854715113,1,1,1,2,35,0.14433338076069932,1.614744486133591,42,7,2,0,2,0,Benign,0
1,0.023118537184914714,0,0,1,4,24,0.007460969047323262,1.3147532709382415,28,12,4,0,1,0,Benign,0
1,0.16972513808667847,0,1,0,9,24,0.22345157661641288,2.356647327801879,41,11,3,0,1,0,Benign,0
3,0.48239039834160474,4,8,244,608,17,0.8428297310087484,115.18219575847111,21,5,180,2,45,0,Attack_DataExfiltration,1
1,0.010592274199268113,0,1,1,4,33,0.3491829185479453,4.968588632631948,49,6,2,0,1,1,Benign,0
1,0.04021272119177641,0,0,0,8,28,0.08986226487747567,1.5790043039733739,50,14,1,0,4,0,Benign,0
1,0.03524147843722644,0,0,2,5,24,0.031475949656855726,1.0814591528592945,41,7,1,0,1,1,Benign,0
1,0.1857837016075062,0,0,1,6,24,0.26625471128899547,0.41036085486302437,34,7,1,0,1,1,Benign,0
2,0.026167895640647292,1,0,0,9,23,0.17184763671162837,0.5050169274789892,41,12,3,0,0,1,Benign,0
3,0.013883073802588283,0,1,0,5,19,0.21679328701664494,4.93865001425291,35,7,1,0,0,0,Benign,0
6,0.5472251486798394,3,2,0,9,7,0.019293187395829237,0.470454965997087,109,4,0,16,0,20,Attack_InsiderSabotage,1
1,0.06149409312979646,0,0,1,3,28,0.2780252653454855,1.8082958116728223,47,9,4,0,1,0,Benign,0
1,0.0657641033519805,0,0,0,5,23,0.16224735096519766,1.2692367060836856,39,9,4,0,0,0,Benign,0
1,0.00329650211465058,0,0,0,1,22,0.06442873141367787,3.3433878696582227,44,11,1,0,3,0,Benign,0
3,0.03527847644832948,0,0,1,1,21,0.21035257015789877,1.5431505983862188,49,7,1,0,1,2,Benign,0
1,0.10826904321842279,0,0,0,2,24,0.17618512830906355,16.587022328424506,45,12,1,0,1,0,Benign,0
2,0.02613926812409583,1,0,1,2,22,0.22083410738249726,8.006376076192897,45,9,2,0,2,0,Benign,0
1,0.008490963572693693,1,0,0,5,33,0.07909151428476764,0.410563719927998,41,14,2,0,1,0,Benign,0
2,0.005436943107980926,0,0,1,5,21,0.08381327940399362,0.7198616711342718,44,7,1,0,2,0,Benign,0
1,0.032665786203859515,0,0,0,3,23,0.15810148501899188,6.287980983442753,38,11,1,0,2,0,Benign,0
2,0.9719609546115477,7,5,256,622,14,0.7814280317787384,127.86130285262024,21,5,170,0,50,1,Attack_DataExfiltration,1
1,0.04250280875849054,0,1,0,10,19,0.34443874033202415,7.90839237875872,42,9,2,0,3,1,Benign,0
1,0.04211325147662531,0,1,1,3,21,0.2861003398250039,0.5077533670121873,41,10,1,0,1,1,Benign,0
1,0.0892437186485412,1,0,0,5,28,0.1279437325742999,4.036317531770459,38,13,3,0,0,1,Benign,0
9,0.6274163158194345,3,1,0,5,7,0.0699537509259989,0.9014845842503754,116,3,1,17,0,21,Attack_InsiderSabotage,1
3,0.12124678342996698,0,0,0,8,19,0.16211986036710224,0.6559453128441849,26,12,1,0,0,1,Benign,0
3,0.6571500682563021,5,2,0,11,2,0.09164000800814949,0.4014292896574809,106,4,1,14,0,22,Attack_InsiderSabotage,1
1,0.06579394163617588,1,0,0,3,22,0.0741924412060309,0.7102769474362485,33,15,3,0,1,0,Benign,0
3,0.47977344033057984,3,9,243,585,14,0.8351217384864084,135.27389816465288,17,6,154,1,47,0,Attack_DataExfiltration,1
1,0.08061909667859013,0,0,1,7,19,0.33906881413288675,2.9691147553182082,41,7,2,0,0,0,Benign,0
1,0.7912592203910677,6,5,254,614,16,0.9660376963196448,173.50082437692157,21,7,170,0,59,1,Attack_DataExfiltration,1
1,0.0494718625609076,0,0,0,5,25,0.3768129239889659,0.7994606557512672,50,9,1,0,0,0,Benign,0
2,0.1553631277926833,2,0,2,3,28,0.025196869191497273,9.610226112030587,42,11,0,1,2,0,Benign,0
1,0.09202638718593649,0,0,1,4,22,0.34811366655348863,0.4503674458236822,42,12,3,0,1,1,Benign,0
3,0.052399745408747526,0,1,0,8,31,0.10555170466387723,11.961144071637605,46,8,1,0,0,0,Benign,0
1,0.011062528830226032,2,0,0,2,32,0.10986601462605333,20.438608910185707,36,12,1,0,0,1,Benign,0
1,0.007522591789746703,1,0,1,9,24,0.039838585739249796,1.0321740337505474,37,12,3,0,2,1,Benign,0
2,0.05033911874030341,0,0,1,3,25,0.07866058806439859,1.0268233696325773,56,11,2,0,1,0,Benign,0
1,0.09897414343383776,0,0,2,5,22,0.2958457268611074,0.8992156199497372,37,13,0,1,0,0,Benign,0
2,0.20651307621320303,1,0,0,4,29,0.21934449809170656,6.6138991984408655,38,11,3,0,1,1,Benign,0
1,0.0034796387557414466,0,0,1,4,20,0.08719102896637632,4.719367648129784,44,20,2,0,1,0,Benign,0
1,0.0548381815911254,0,0,1,2,20,0.18296733249389724,6.926875095114821,45,4,1,1,2,1,Benign,0
1,0.519183493353147,7,7,256,612,11,0.5978914567613434,244.6323658404299,22,7,151,2,35,2,Attack_DataExfiltration,1
3,0.23435064519336757,2,0,0,18,5,0.5231146340412164,0.5159925950639981,92,7,1,13,0,26,Attack_InsiderSabotage,1
4,0.02506066040924801,0,1,1,5,37,0.25773612163318266,2.265680885545247,43,14,3,0,0,0,Benign,0
3,0.08517338942775644,0,0,2,2,33,0.09817248519931508,0.4910827813943542,38,8,2,0,1,0,Benign,0
1,0.010976898209174276,0,0,1,5,22,0.07133176428848383,0.8857196812790811,47,9,3,0,0,1,Benign,0
1,0.0345886592431123,0,0,0,5,23,0.06203214053170766,0.22701824182184832,40,8,1,1,0,1,Benign,0
1,0.10810232496166061,1,0,0,4,27,0.2733982115976365,2.0374271697242503,47,14,2,0,1,1,Benign,0
2,0.031079329112843383,0,0,1,5,15,0.17488731823678444,1.3958231313733507,33,15,1,0,0,1,Benign,0
1,0.016746088443607456,0,0,1,3,31,0.05734351922520827,4.762337215598905,44,5,3,0,2,0,Benign,0
3,0.006431182854431239,1,0,1,4,21,0.05974133515665076,2.409684583094729,32,6,2,0,0,2,Benign,0
1,0.03378858827572066,1,0,2,1,20,0.15043723044923815,3.4565145868793943,50,15,1,0,0,0,Benign,0
2,0.0026404444766165653,0,1,0,4,17,0.05275799912971367,16.49659538189607,44,11,2,0,2,0,Benign,0
1,0.04190968938830199,0,0,1,6,23,0.368872821336608,13.94414374222802,33,8,2,1,2,1,Benign,0
1,0.06496708507814268,1,1,1,6,16,0.24177270930508918,26.843731240008676,42,9,0,0,0,0,Benign,0
1,0.005263929426057474,0,0,1,4,21,0.11926797714239126,6.811288399746288,36,9,0,0,1,0,Benign,0
4,0.05076888096258678,1,0,1,4,28,0.09652728298628374,0.5763660018420064,33,18,4,0,0,0,Benign,0
2,0.6844270525331395,4,6,251,582,12,0.9063580815980683,180.85460975253594,17,5,161,1,56,2,Attack_DataExfiltration,1
2,0.02499655015729253,0,0,0,6,23,0.30380762981384724,2.5154220699805565,34,9,0,0,0,0,Benign,0
1,0.044360204321987826,0,0,0,9,23,0.2510095649362366,1.0563538354722575,30,6,0,1,0,0,Benign,0
1,0.003965331371585254,0,1,1,5,22,0.0383944785259012,3.342689060538493,47,12,2,0,0,1,Benign,0
3,0.041185788659977976,1,0,1,4,27,0.18275369877835104,6.645113115902985,34,6,4,0,1,0,Benign,0
1,0.037722608910197554,0,0,3,1,22,0.0652932305052777,2.760899964034463,43,13,1,0,0,0,Benign,0
1,0.0009659089321317284,1,0,1,5,30,0.043992922387815825,12.524888871238003,51,9,3,0,4,2,Benign,0
3,0.5737808169166093,0,1,0,13,3,0.08781427267463826,0.7156302236616486,79,4,0,15,0,23,Attack_InsiderSabotage,1
1,0.26071979320661204,0,0,0,6,30,0.1888354919754862,14.145245153568087,36,10,1,0,0,0,Benign,0
3,0.5794680673815129,4,8,235,572,15,0.5947537697778716,142.27148796114895,14,4,190,2,53,2,Attack_DataExfiltration,1
1,0.007546813258532295,0,0,1,6,22,0.1796032368279363,0.7314016990608677,44,15,0,0,1,0,Benign,0
2,0.025663262229703013,0,0,1,9,27,0.17687363162702963,0.796927156920603,38,15,4,0,0,2,Benign,0
1,0.046111654680019196,1,0,0,5,29,0.30256175523024703,6.1173117223469715,36,8,4,0,2,0,Benign,0
4,0.018449543303348106,0,0,0,5,18,0.201053002416439,0.7475755236816016,24,6,1,0,2,1,Benign,0
1,0.0040322256217951895,1,0,0,3,28,0.13607931975715012,15.304872170176267,36,5,2,0,1,0,Benign,0
2,0.010897965063613103,0,0,0,3,28,0.16683207239920686,1.0797317321452347,45,11,0,0,0,1,Benign,0
1,0.04081202608393108,0,0,1,6,28,0.1787107432615413,13.092552978722846,35,14,2,0,1,0,Benign,0
1,0.009609136893016094,1,1,1,3,26,0.2481725161438418,0.6513941343464871,43,7,0,0,0,0,Benign,0
1,0.0014649628640040573,0,0,0,1,35,0.1199622915912576,1.406040477130615,44,12,1,0,1,0,Benign,0
1,0.07569891793598525,1,0,0,7,24,0.09061574625914458,14.254849084964377,46,12,1,0,0,0,Benign,0
2,0.013245650790265968,0,0,0,5,24,0.07034661341270378,4.2901067554640395,43,11,1,0,1,0,Benign,0
1,0.7471048114860838,7,4,232,586,17,0.7808807329551241,162.2362247700094,14,9,150,2,43,1,Attack_DataExfiltration,1
1,0.06240428547608977,0,1,0,9,22,0.21243590814752808,1.467154501103578,40,12,3,2,2,0,Benign,0
1,0.01057543626687823,0,0,0,5,35,0.2652411046450139,1.396024787970518,30,11,1,0,1,1,Benign,0
1,0.04238611741111361,0,0,0,5,30,0.1666884509381767,7.914427530247773,42,11,1,0,1,0,Benign,0
2,0.01510980175504242,1,0,0,6,27,0.06392173240831807,1.3421117352910135,39,14,1,0,0,0,Benign,0
7,0.2541645345932003,1,3,0,11,5,0.02827539153318553,0.8283721741345822,90,4,0,27,0,25,Attack_InsiderSabotage,1
1,0.02168578082868338,1,0,0,5,33,0.10383145558202451,2.091501841360326,47,17,4,0,2,0,Benign,0
1,0.006737276318342729,1,0,1,7,16,0.13049104078765206,7.151782902990841,47,8,1,0,0,1,Benign,0
5,0.4424829937798226,4,1,0,10,3,0.008668608347524991,0.48701401786053017,98,4,0,13,0,20,Attack_InsiderSabotage,1
2,0.11899232112918912,1,0,0,5,27,0.02118600450588159,21.255154813828756,55,8,1,0,2,0,Benign,0
1,0.03980986679142309,0,0,0,7,28,0.20002977506622133,18.908434668899982,44,12,0,0,1,1,Benign,0
1,0.008332594424690549,0,0,1,5,25,0.1369254339591269,1.0649249458217855,39,8,2,0,1,1,Benign,0
1,0.011385622372996404,0,0,0,4,16,0.03113544306684985,2.1331609794041615,37,8,3,0,0,0,Benign,0
1,0.7245169451866518,6,6,250,620,14,0.9247339494982301,246.66488192075371,14,4,191,1,54,1,Attack_DataExfiltration,1
3,0.19331739118624072,0,0,2,3,22,0.27074929868613673,0.9102547281527374,39,9,3,0,0,0,Benign,0
5,0.42850291824426023,2,1,0,10,7,0.29104991997749646,0.16288905798739267,100,7,0,17,0,16,Attack_InsiderSabotage,1
1,0.016006223854391325,0,0,0,6,20,0.1492640088769391,5.725124610569609,42,4,0,0,0,1,Benign,0
1,0.026615782843131333,0,0,0,6,22,0.013591388920133188,15.648146236842472,31,10,4,0,0,0,Benign,0
1,0.010406654286083408,0,0,0,5,22,0.25015566449355875,0.19365960124201934,37,10,3,0,2,0,Benign,0
2,0.026456394335742112,0,0,0,0,23,0.34564868596663084,5.344001947907304,31,7,1,0,1,0,Benign,0
1,0.03932585517149047,0,0,0,11,24,0.17993995150520797,2.6536984766965297,43,9,1,0,0,0,Benign,0
2,0.9870897489797533,6,9,257,603,22,0.7639161446597624,103.9137767156892,22,5,167,0,50,0,Attack_DataExfiltration,1
1,0.039010302176157155,1,0,1,1,23,0.235096830426514,1.2549890494192684,43,11,3,1,2,0,Benign,0
4,0.161883180283293,0,0,0,12,3,0.16665267734934772,0.0857592383468291,97,7,1,22,0,24,Attack_InsiderSabotage,1
2,0.004012412732125003,0,1,1,8,27,0.4273977642842433,15.348033105358814,48,6,3,0,0,1,Benign,0
1,0.002147349188925266,0,0,0,7,17,0.18391076392925026,0.763826375115393,49,13,4,0,1,0,Benign,0
1,0.12113840702905561,0,0,0,7,24,0.025377747826306623,1.1783977585325511,49,10,3,0,2,1,Benign,0
1,0.0009369203117982886,0,0,1,0,28,0.2557435548545036,3.0433235474697806,34,8,3,1,1,0,Benign,0
1,0.05753833880316584,0,0,0,3,21,0.07524380017126027,3.0945752243221265,41,13,3,0,0,0,Benign,0
1,0.019762382032581276,0,0,1,5,27,0.12288736840592748,5.051047390641921,36,12,4,0,1,0,Benign,0
3,0.04784672206442421,0,0,0,6,26,0.12212250730612415,0.2264437452306986,60,9,3,0,0,2,Benign,0
1,0.009417360252786566,1,0,1,3,30,0.12182598664203681,1.6279750227946441,49,13,0,0,2,1,Benign,0
1,0.024654975379200538,1,0,1,7,28,0.2128710102177638,6.499164191079252,30,14,1,0,2,0,Benign,0
3,0.6854217679938164,7,10,259,647,19,0.9555593438178804,184.9761466298464,15,3,170,0,51,2,Attack_DataExfiltration,1
2,0.01622963536672581,0,0,0,3,33,0.15203166371524887,3.994153521739278,42,13,4,0,0,1,Benign,0
2,0.023053739378203552,0,0,1,5,32,0.15191339049601657,3.6238193814127677,48,7,6,0,3,0,Benign,0
1,0.00622401430969179,0,0,0,6,28,0.13912180391245732,1.91005638000918,35,19,1,1,2,0,Benign,0
1,0.06112841301044819,0,0,1,8,27,0.1896907444652983,8.314028625085662,32,14,2,0,2,0,Benign,0
1,0.033806172482628044,0,0,1,7,25,0.0639704049616425,1.0039552133664356,44,7,2,0,5,0,Benign,0
1,0.0484777063438777,0,0,0,3,30,0.11744684073240284,0.6731891311143207,35,7,1,0,0,0,Benign,0
1,0.021325523341246214,0,0,0,10,25,0.2098403006817371,0.7253775959374754,46,10,0,1,0,0,Benign,0
1,0.025116136546093477,0,0,0,4,30,0.07573529604583716,2.3703926811064315,45,7,0,0,3,2,Benign,0
1,0.026324337917004566,2,1,1,5,31,0.23908630953308568,0.6292634520729796,34,10,2,0,3,0,Benign,0
3,0.45456512792098824,3,1,0,12,9,0.10437633871458052,0.1856654939132512,88,4,1,19,0,28,Attack_InsiderSabotage,1
2,0.025917047584182236,0,0,0,8,19,0.3781282180204733,6.766322630796767,34,11,3,0,0,1,Benign,0
1,0.03099921980125221,0,0,0,4,20,0.25407998097284984,0.6295384205275056,43,6,3,0,0,0,Benign,0
4,0.01426032728431752,0,0,1,8,27,0.036200271390948065,0.8709872938375658,30,12,3,0,2,0,Benign,0
1,0.04455062060971141,1,0,0,9,24,0.09030780471233607,1.8077725603286376,37,14,1,0,1,0,Benign,0
2,0.6778600825553931,2,5,252,589,19,0.9040440660547103,261.7326970208119,26,2,181,1,39,1,Attack_DataExfiltration,1
1,0.24331518999037952,1,1,1,4,20,0.024390166095306143,1.8235202695012427,41,13,2,0,1,1,Benign,0
3,0.15601979236794386,0,0,0,1,20,0.18155316490772574,3.500948759959966,36,8,1,0,2,0,Benign,0
1,0.04239076717057945,0,0,1,5,31,0.27008283408433875,1.240482199151717,47,10,1,0,2,0,Benign,0
2,0.07254492744557321,0,0,1,7,26,0.2118279274583112,0.7656224126419123,41,9,1,0,0,0,Benign,0
3,0.11387365705455439,0,1,0,6,27,0.08656581717090174,2.2505065130443094,32,6,2,0,1,0,Benign,0
1,0.02011569246311259,0,1,2,4,27,0.19348974574123473,2.8846122233124616,39,11,3,0,0,0,Benign,0
1,0.039603575648215705,0,0,2,4,26,0.33145820482068183,0.7045560816307519,39,11,0,0,1,0,Benign,0
1,0.02500188681775987,0,0,1,8,23,0.01786605460915348,2.2065948720174196,35,11,1,0,1,1,Benign,0
3,0.0024333248052988495,0,0,0,5,20,0.06042186299943606,3.2634039331718236,37,11,0,0,2,0,Benign,0
1,0.05181366739016355,0,0,0,4,24,0.24324297810984366,3.486382688127945,46,4,2,0,1,0,Benign,0
1,0.05605557832591299,0,0,1,5,31,0.1248907142483954,5.4723129483782955,47,13,0,0,2,0,Benign,0
2,0.06748743299665391,0,0,0,8,24,0.18876932750622388,6.568500773042759,47,13,1,0,1,1,Benign,0
2,0.00851888841466381,0,0,4,3,32,0.4295617419054518,3.4176899270299783,41,11,4,0,3,0,Benign,0
2,0.020439908965458768,1,0,2,4,19,0.08968626031931418,2.30092667340169,43,5,1,0,1,1,Benign,0
2,0.11344068237706775,0,0,0,5,29,0.15913590083649526,1.3534930953490023,51,8,3,0,1,1,Benign,0
1,2.9406670876628352e-05,1,0,0,2,19,0.04922044416756038,1.34154238178393,55,15,0,0,1,0,Benign,0
2,0.02788376096438948,0,0,1,4,18,0.18032548432395087,2.552308705389486,44,6,1,0,0,0,Benign,0
3,0.46336865859906173,2,1,0,3,4,0.04826181412104838,0.4020690640129697,102,5,0,16,0,19,Attack_InsiderSabotage,1
2,0.07077034543826034,1,0,1,5,23,0.04093118661301774,4.120993768029268,32,12,2,0,0,0,Benign,0
1,0.7454881909639284,7,9,242,589,12,0.8143997798626341,175.137398783795,19,5,187,2,45,0,Attack_DataExfiltration,1
1,0.04037878043237142,0,0,0,6,30,0.07391091252291378,2.682643854951342,29,5,2,0,0,0,Benign,0
1,0.025304912944807408,0,0,2,5,20,0.5769039230311701,0.606432252058148,39,7,3,2,0,1,Benign,0
3,0.010343636609976075,0,0,0,4,23,0.2031861497850894,4.525808783845209,46,13,4,0,0,1,Benign,0
4,0.7369749486532593,3,0,0,10,6,0.031838456016205094,1.3652862601813551,113,7,0,18,0,19,Attack_InsiderSabotage,1
4,0.0838970834882995,0,0,0,4,28,0.09325292846512342,7.315436937412848,41,14,3,0,1,0,Benign,0
11,0.2558784642303874,3,3,0,10,6,0.05900019257453761,1.2514487674889394,96,6,0,11,0,24,Attack_InsiderSabotage,1
1,0.030736381303554626,0,0,1,6,22,0.08338055336962996,0.9653859312450227,37,16,3,0,0,1,Benign,0
1,0.08640148305380486,0,0,1,7,24,0.01456673026872334,29.295957950136703,31,8,1,0,1,0,Benign,0
2,0.0023420446736810226,0,1,0,8,26,0.30694217086191494,1.1020940762644924,44,9,1,0,0,0,Benign,0
1,0.07623632992249205,0,1,0,5,23,0.009663729279638947,2.3436680092098396,40,7,2,0,1,0,Benign,0
1,0.03585026206763654,0,0,1,10,30,0.2551534939462769,2.437931002726087,32,8,4,0,2,2,Benign,0
1,0.5003070253888328,4,6,242,585,12,0.8679400048658719,113.52509558839486,18,6,171,0,42,1,Attack_DataExfiltration,1
1,0.08109208915035554,0,2,0,4,24,0.22202400824852164,4.282873166429988,42,9,3,0,0,0,Benign,0
1,0.0174093700509553,0,0,0,8,18,0.12372710133605426,8.903619635222892,46,10,2,0,0,0,Benign,0
1,0.01215413519732762,1,0,0,6,29,0.19242636770959615,1.9488131978405416,40,10,2,0,2,0,Benign,0
1,0.014857358710924681,0,1,0,3,21,0.19518554626045975,19.270593284850627,33,8,4,0,0,0,Benign,0
1,0.02846518693049695,0,1,1,5,25,0.22736218874032627,4.039879431188659,44,6,3,0,2,1,Benign,0
3,0.09971818521718738,0,0,0,2,25,0.051193337609362295,5.787364676164898,51,4,4,0,1,0,Benign,0
2,0.05566024711840599,0,1,0,4,25,0.13579812109422706,3.113020042126576,45,11,1,0,1,0,Benign,0
2,0.0037744361434539674,0,1,0,2,22,0.2847778896395534,10.24421822808778,37,8,2,0,2,0,Benign,0
1,0.031073854772019235,0,0,1,5,21,0.24481356988591402,20.237896112361263,42,12,2,0,2,0,Benign,0
1,0.8571708276274099,4,3,237,569,16,0.8777948462971052,145.8475895862339,22,4,183,0,52,1,Attack_DataExfiltration,1
2,0.8325987502358021,6,4,226,613,19,0.7407359780555136,109.36496746075244,28,2,180,0,49,0,Attack_DataExfiltration,1
1,0.014394752233631096,0,1,0,4,29,0.14290609477236604,3.8688363015131877,37,11,0,0,1,0,Benign,0
1,0.05425756096479624,1,0,0,2,24,0.07962381223693861,5.764780428822034,35,9,0,0,1,0,Benign,0
3,0.07356449991558486,1,0,0,6,26,0.22006434214188642,0.37142034198244284,40,13,0,0,2,0,Benign,0
1,0.012421412478152063,0,0,0,4,26,0.3524792263141289,0.33997705815454954,32,10,7,0,2,1,Benign,0
1,0.034134110567963546,0,0,0,0,29,0.13470067404814423,2.442307207649385,45,8,1,0,1,0,Benign,0
6,0.019360821360642617,0,0,0,5,25,0.1165226873316558,15.213868260636184,49,10,2,2,1,1,Benign,0
1,0.9230834522018613,3,5,252,607,20,0.9173642933586149,91.45186535554535,18,7,175,0,55,0,Attack_DataExfiltration,1
1,0.010272945250890089,0,0,0,6,21,0.24465717496679848,8.083615506664817,41,7,2,0,0,1,Benign,0
1,0.0008046315658081212,0,0,0,3,26,0.13622020994381,8.623041957527683,36,10,0,0,0,0,Benign,0
1,0.1001333020624238,0,1,0,4,25,0.05471481195565046,1.5934326341760796,33,6,1,0,2,0,Benign,0
1,0.034864423592524355,0,2,1,8,23,0.09458072609941742,1.4059416163002185,33,7,5,0,1,0,Benign,0
2,0.47848792470135426,6,7,241,603,15,0.758698823296878,251.60069745719028,23,6,165,2,48,0,Attack_DataExfiltration,1
1,0.03704989752094606,0,0,3,3,23,0.016585551367361992,1.3733590958893467,49,8,1,0,2,0,Benign,0
4,0.024992610438087988,0,0,0,7,31,0.3530178494888242,4.764216501786166,35,18,4,0,1,0,Benign,0
5,0.6509739981542267,4,1,0,7,2,0.028152139804347318,1.6611134189244727,97,4,1,15,0,23,Attack_InsiderSabotage,1
2,0.02134293703041657,1,0,0,4,25,0.25780185725579263,4.22402000641075,43,13,1,0,2,1,Benign,0
1,0.7475356856436456,4,5,261,640,11,0.9035531933704092,209.63857660305885,16,10,164,1,43,2,Attack_DataExfiltration,1
1,0.04060033389189899,1,0,0,1,16,0.09980979085824088,2.242967069777133,46,11,2,0,0,0,Benign,0
4,0.7207672827999344,5,0,0,10,3,0.16287989834785205,0.7885018564720174,95,1,1,12,0,20,Attack_InsiderSabotage,1
2,0.24476787081445917,1,0,2,8,20,0.07162032343951143,2.838008085317046,39,10,0,2,2,0,Benign,0
2,0.005621705039843234,0,0,2,6,38,0.20896283878785327,3.1406309712512996,42,10,1,0,3,0,Benign,0
1,0.06353470690299015,0,0,0,3,33,0.12523077114833353,16.818536877167084,42,18,4,0,0,1,Benign,0
1,0.03607258209742518,1,0,0,7,26,0.21461085564115537,12.301881734951529,54,12,0,0,1,1,Benign,0
2,0.01566423693333031,0,0,1,3,22,0.018315908410866225,1.2323238318199645,35,9,4,0,3,0,Benign,0
2,0.010671427489356525,0,0,0,4,24,0.2770360470995231,5.572697525985952,45,17,3,0,0,0,Benign,0
1,0.09843960236830648,0,0,0,6,28,0.2943882601615938,17.160814567972313,42,10,3,0,4,0,Benign,0
2,0.03391392892230093,0,1,0,3,19,0.3197774818485921,2.8069179023263735,37,12,2,0,3,0,Benign,0
1,0.060173361277212276,1,0,1,3,28,0.07819715504125074,3.2333467840937304,42,4,0,1,1,0,Benign,0
1,0.012844265231101123,1,0,0,3,27,0.1380879788109908,1.827568474255437,41,12,0,0,3,0,Benign,0
1,0.046477874447231025,2,0,2,8,22,0.24120266800109175,3.7499920883616973,40,8,1,0,0,1,Benign,0
1,0.07117363852498507,1,0,1,5,21,0.23632953525948888,6.625910638016506,46,13,3,0,5,0,Benign,0
8,0.7248893816360861,2,1,0,11,7,0.16218796584660602,0.8668118886555098,108,3,2,19,0,20,Attack_InsiderSabotage,1
3,0.22675820042421369,0,0,0,5,24,0.06809400953904474,5.083004233456576,41,13,2,0,2,2,Benign,0
2,0.016452076572974192,0,0,0,3,21,0.15052754299014312,2.7354033586609154,40,11,2,0,0,1,Benign,0
1,0.11837987769752469,0,0,0,5,28,0.06395255430641954,3.590957735387428,38,8,2,0,2,0,Benign,0
1,0.08582191879156756,1,0,0,3,28,0.22062102618307317,1.0137834637509484,41,8,3,0,2,2,Benign,0
1,0.003285954262045087,0,1,0,3,18,0.2660228899703845,8.593426652890928,38,9,2,0,0,0,Benign,0
3,0.6334038347296687,7,7,256,616,16,0.552101724176067,143.6962327252431,16,4,172,1,49,0,Attack_DataExfiltration,1
2,0.038786882860987366,1,0,1,5,26,0.12662592405848283,1.3818465250903942,46,9,3,0,1,1,Benign,0
1,0.10297981881655822,0,1,0,3,18,0.14883051770503208,17.46573525437967,46,17,2,0,0,0,Benign,0
3,0.0004589959414694899,0,1,0,5,23,0.08162900975585254,5.979661981978591,38,8,2,0,1,0,Benign,0
2,0.6779982282371451,7,7,242,619,11,0.5869730164074771,212.08706057666834,25,3,195,1,53,1,Attack_DataExfiltration,1
1,0.9211650959156275,1,5,255,572,17,0.8844077494041627,125.47078880182676,19,6,180,0,55,0,Attack_DataExfiltration,1
1,0.12899948800150648,1,0,0,1,22,0.1426592137465164,7.468880499395696,36,13,1,1,2,1,Benign,0
1,0.055421214397539525,0,0,0,5,33,0.24884099998557568,6.584394064220391,32,10,0,0,3,0,Benign,0
3,0.7240071466443313,4,7,280,585,17,0.8947696726221348,174.60779398912956,20,4,172,1,48,1,Attack_DataExfiltration,1
1,0.42724269105004425,4,0,0,7,7,0.012365951879481684,0.25178670417046106,106,5,0,21,0,18,Attack_InsiderSabotage,1
2,0.03868363993971993,1,0,1,7,34,0.18513608309506258,6.431292524565366,40,13,4,1,1,0,Benign,0
1,0.13637138848784872,0,0,1,6,20,0.13182730480854413,0.4578674950215781,25,11,1,0,1,0,Benign,0
1,0.0021093569282366843,0,1,0,4,28,0.35307017266243196,2.1322222079044755,37,9,0,0,0,0,Benign,0
1,0.0411012609914916,1,0,0,4,20,0.175567936998878,7.406618584463323,48,9,2,0,2,1,Benign,0
2,0.018652933715703923,0,0,0,8,16,0.3029580744405145,16.414654918591562,34,13,1,0,2,0,Benign,0
2,0.004308818233721453,0,0,2,5,28,0.3271801925714975,1.785438449947367,31,8,1,0,0,0,Benign,0
1,0.046113843973119024,0,1,0,3,23,0.16304187108288676,4.477768668569228,35,15,3,0,2,0,Benign,0
2,0.06466775535757573,1,0,1,5,28,0.13726875002640573,7.953964341868116,36,6,2,0,1,0,Benign,0
1,0.05411318836728341,1,0,0,5,26,0.25583891215216403,2.4526765087698665,36,8,0,0,0,0,Benign,0
4,0.8934829502830204,3,6,253,590,12,0.6280984565782181,301.0168938970255,18,5,170,1,61,2,Attack_DataExfiltration,1
1,0.08542197882606194,0,0,0,7,23,0.15921698722492234,2.2203634658038767,38,12,1,0,0,1,Benign,0
1,0.02934978043473183,0,1,1,9,28,0.09179065009755699,0.7150533107387615,41,6,4,0,1,0,Benign,0
4,0.6181903954131495,2,0,0,11,3,0.045619685399270166,0.5387164187255116,87,7,1,15,0,22,Attack_InsiderSabotage,1
2,0.09292726791425776,0,1,2,5,24,0.26491683702764524,38.8918294388431,48,7,3,0,1,0,Benign,0
6,0.560412918879416,8,2,0,10,6,0.2746293606175323,0.489321411823488,106,3,1,9,0,21,Attack_InsiderSabotage,1
1,0.051319102373216456,0,0,0,9,25,0.25165122676816076,3.925521020531314,40,15,2,0,1,0,Benign,0
1,0.040138562538986344,0,0,0,7,37,0.17532742423268508,1.51612385955932,36,9,1,0,0,0,Benign,0
2,0.29530556092397053,4,2,0,12,4,0.5086713696850093,10.787306145693659,100,5,2,11,0,21,Attack_InsiderSabotage,1
3,0.019088196382565727,0,1,0,6,28,0.2639890464118123,1.8630256477313047,45,10,2,0,0,0,Benign,0
1,0.840106859120625,5,6,249,618,9,0.7542777375931232,209.58197260939352,28,6,179,1,55,2,Attack_DataExfiltration,1
3,0.049187777330520877,0,0,2,9,28,0.11326471478639603,4.010253605758587,38,6,1,0,3,1,Benign,0
1,0.10772531275009674,0,0,0,5,23,0.12037442254884011,5.976393753784397,36,9,0,0,2,0,Benign,0
3,0.2204011564508511,0,0,0,6,26,0.25682565060424317,5.502298046076429,41,7,5,0,1,0,Benign,0
2,0.038626218059512725,0,0,0,9,30,0.08920696630804464,1.6010568352739578,36,12,1,0,0,0,Benign,0
1,0.16770361369093476,0,0,1,6,24,0.1700694292626235,2.825730092241915,46,11,2,0,0,0,Benign,0
1,0.02276462905707205,1,0,0,3,29,0.059459361956055334,0.55414671618847,45,15,2,1,0,0,Benign,0
2,0.8073678960765904,5,2,247,606,8,0.9801197605690644,127.55409600824197,23,7,165,1,55,1,Attack_DataExfiltration,1
2,0.020602641572779426,0,0,0,4,27,0.03912700008701492,1.1264067232446426,44,7,1,0,1,1,Benign,0
2,0.18215613437330117,0,0,0,7,24,0.10678660579765813,10.184384433957852,46,8,3,0,1,1,Benign,0
9,0.6135795860870528,3,2,0,11,6,0.005549815908138654,0.7215565665535236,101,5,2,12,0,24,Attack_InsiderSabotage,1
1,0.04895998458584582,1,0,0,3,21,0.13787031895789453,0.9893606306363096,33,6,5,0,0,0,Benign,0
1,0.07072274763248,0,0,0,5,32,0.0849335033721636,9.546808373953665,35,10,2,0,0,0,Benign,0
2,0.6353857725513054,3,5,280,631,13,0.8275950388203784,115.90739810154861,19,5,156,0,44,2,Attack_DataExfiltration,1
2,0.00023884559380334063,0,0,0,6,23,0.4779639589865818,0.9237911834083017,50,14,4,0,4,0,Benign,0
3,0.826890595455895,2,10,227,609,17,0.7730202041992291,177.07017119477277,20,5,172,2,45,1,Attack_DataExfiltration,1
3,0.044235391717107546,0,0,2,5,22,0.1267522341697704,14.925749566917847,39,6,2,0,1,0,Benign,0
1,0.6080638544585745,8,7,231,556,15,0.7220320659743902,144.74616460486746,15,3,174,0,48,0,Attack_DataExfiltration,1
2,0.008074956550124772,0,1,0,6,33,0.04592145342378329,1.4046147071382236,42,8,1,3,1,0,Benign,0
1,0.084321240642383,0,0,2,5,28,0.30172863381722653,0.5769449951961976,38,9,2,1,1,0,Benign,0
3,0.4506500547266044,6,0,0,14,9,0.09670203221610087,0.4680484783706757,103,11,0,14,0,23,Attack_InsiderSabotage,1
1,0.08070926693682864,1,1,1,2,23,0.20803538808920674,4.009937865655635,36,13,2,0,0,0,Benign,0
7,0.7848340627857139,5,1,0,10,0,0.09645390373273327,1.2155396493832071,76,4,0,16,0,21,Attack_InsiderSabotage,1
2,0.010754664159887541,0,0,0,2,22,0.055634346785377965,4.188910717188495,40,13,5,0,2,0,Benign,0
2,0.015511362138431725,0,0,1,4,26,0.04215039712655287,5.705790639443716,44,5,4,0,1,1,Benign,0
5,0.09184243810022959,1,0,0,5,20,0.09525225859403168,11.79547819625772,37,9,1,0,0,0,Benign,0
3,0.06589084251372997,0,0,0,6,12,0.03395739264640156,3.2970177928387705,49,9,2,0,2,0,Benign,0
2,0.10716494508976394,0,0,1,1,27,0.08878876615614345,9.139325684627174,41,12,2,0,0,0,Benign,0
2,0.010052540000795536,0,0,0,5,29,0.11273518398754037,5.117936191286471,38,13,3,0,0,0,Benign,0
1,0.06945576975829008,0,1,1,2,31,0.055765880770275375,0.11654965659217924,41,11,3,0,4,1,Benign,0
1,0.07552051652841209,0,0,0,2,23,0.20075142237691757,2.267511955378427,45,14,3,0,1,0,Benign,0
1,0.9365502234655045,9,7,258,671,21,0.8199442077671708,138.24522938600353,21,6,190,1,64,0,Attack_DataExfiltration,1
1,0.00035205479652970783,0,0,0,6,23,0.21998313546193046,1.8443600455367226,36,7,3,0,0,0,Benign,0
1,0.087230003319473,0,0,0,4,17,0.371793413266635,0.9470596831232098,36,10,1,2,2,0,Benign,0
1,0.08606931433016285,0,0,0,5,30,0.18264802900305757,0.31579681521097813,37,18,1,0,1,0,Benign,0
2,0.05819478682740385,0,0,0,4,21,0.2778432651093359,6.254362764164745,44,6,2,0,0,1,Benign,0
1,0.20332835554120626,1,0,0,3,33,0.10160864636084319,4.997258048150937,38,13,3,0,1,0,Benign,0
2,0.11940440414594168,0,1,0,6,24,0.10761528641998833,1.2001961130189613,45,6,0,0,0,0,Benign,0
2,0.01952516204413486,0,1,2,5,27,0.07370160785650251,2.5752342984792866,34,9,4,0,1,0,Benign,0
1,0.8902357305179052,2,6,254,578,15,0.8328581751182073,51.02412898598991,19,4,166,1,53,2,Attack_DataExfiltration,1
3,0.07603425653683915,0,0,0,6,25,0.06657578936272088,8.761879903500922,36,12,2,0,2,0,Benign,0
2,0.1268365248964172,0,0,0,5,23,0.04599848909778343,11.302922722144356,42,6,4,0,1,0,Benign,0
3,0.018914233865286484,0,0,0,3,25,0.15279972865991978,6.92828581713091,35,5,4,0,2,0,Benign,0
1,0.0023572270468959,0,0,2,5,24,0.07399433625607695,0.7551289358342117,43,11,2,0,1,0,Benign,0
2,0.06499056642040268,0,0,2,4,19,0.15735404665557703,4.668908004769905,39,6,2,0,2,0,Benign,0
6,0.4635025830898929,5,2,0,13,3,0.004833479147118283,11.912596755846485,99,5,1,14,0,17,Attack_InsiderSabotage,1
1,0.005716475203638,0,1,0,2,22,0.1626933067642078,6.819848856543806,40,10,1,0,0,0,Benign,0
1,0.0353978500593998,0,0,0,6,25,0.2002411099457401,1.2992443934455649,50,10,4,1,0,0,Benign,0
1,0.006149151258130744,1,0,0,4,29,0.0923275137515287,8.565328309794321,39,9,3,0,0,0,Benign,0
1,0.053126195458268445,0,1,1,7,31,0.22303429245271977,8.773558126932604,35,3,2,0,1,1,Benign,0
3,0.5875882073523234,2,5,253,614,14,0.7505611633192255,225.03551439155456,11,6,157,0,58,2,Attack_DataExfiltration,1
2,0.16492644574319174,0,0,1,5,23,0.6000473641125458,2.7499541921570203,46,6,2,1,2,0,Benign,0
1,0.024575224583067382,0,0,0,2,28,0.08183938196547064,1.2042947883079484,36,14,5,0,1,1,Benign,0
1,0.030952005828836723,0,1,0,3,21,0.0529693470181246,1.6437851429525547,28,13,4,0,1,1,Benign,0
3,0.046869396522052666,0,1,0,4,28,0.4136605795056646,4.293747201885821,30,7,5,0,3,0,Benign,0
1,0.03436292101975447,1,0,0,8,27,0.037061623815037345,4.699107449849841,34,11,2,1,2,1,Benign,0
4,0.04919041075407435,0,1,0,2,24,0.2695554306670295,1.506176869787465,28,13,3,0,1,0,Benign,0
2,0.030883564644922534,0,0,0,2,20,0.07971099498534438,10.480037241878833,47,7,3,1,1,0,Benign,0
5,0.0034291626679528752,0,0,1,4,28,0.4558638013200864,4.535178127184481,39,13,4,0,1,0,Benign,0
2,0.04143686360211404,0,0,0,3,25,0.1270382847099781,3.2950110664776626,36,8,0,0,0,0,Benign,0
1,0.03572113710247827,0,1,0,8,29,0.06140466054677352,2.4379909480482205,40,14,0,0,0,0,Benign,0
3,0.0456962635150802,0,0,1,6,21,0.059841598311180196,3.8998293233148336,48,9,1,0,1,2,Benign,0
1,0.12552130394692737,0,0,0,4,28,0.16304717661240256,2.1428291346758392,34,8,5,0,1,0,Benign,0
1,0.0694746884565968,0,0,1,5,27,0.09889867379282478,17.95715176425086,44,12,1,0,3,0,Benign,0
3,0.8694168860884857,6,5,219,629,15,0.9444832399206807,178.7940067372894,18,2,150,2,51,0,Attack_DataExfiltration,1
1,0.016846291957444297,0,1,1,8,30,0.1937758936365711,0.47115242063303076,41,15,5,0,1,0,Benign,0
1,0.018175543490632138,0,1,0,2,23,0.11647977936315183,21.159877560511582,38,10,2,0,0,0,Benign,0
5,0.008382949142597665,0,0,0,3,31,0.3387312664881018,14.935353717708212,42,10,2,0,1,0,Benign,0
1,0.00234549140227208,0,1,0,7,22,0.12042923536094055,1.735200523094926,40,8,4,0,1,0,Benign,0
2,0.07536963208206975,1,1,1,5,29,0.07326383074419732,8.646287631280115,43,10,4,0,0,0,Benign,0
1,0.055522925437197265,0,0,0,5,37,0.030108870548949375,1.1330118229076602,48,10,2,0,2,0,Benign,0
2,0.055366922441287346,0,0,0,7,28,0.25628106198065287,16.548852487323806,32,6,2,0,1,0,Benign,0
2,0.008525680325946155,0,0,0,3,24,0.236794556694726,6.103454007788282,28,7,1,2,1,0,Benign,0
2,0.09923864842037257,0,0,1,5,29,0.1115410014838895,8.950365491832352,38,10,1,0,2,0,Benign,0
1,0.012537771829833512,0,2,1,5,16,0.3082879329224988,3.816080888356152,40,9,2,0,0,0,Benign,0
1,0.020198909197143233,0,0,0,4,25,0.3074528968784689,6.643131537529394,33,20,2,0,0,0,Benign,0
2,0.03461087825987224,0,0,0,3,30,0.3158275692017719,1.6572874578450751,38,9,3,0,0,1,Benign,0
2,0.04740136905485133,0,0,0,6,22,0.276735454396845,3.351617687907402,46,14,2,0,2,0,Benign,0
1,0.025006529653091514,1,0,2,5,27,0.10191360138412915,12.081775468934156,49,6,0,0,1,0,Benign,0
2,0.7082491481186738,6,11,258,569,16,0.8347603078659082,141.57367087550617,25,5,180,1,58,1,Attack_DataExfiltration,1
3,0.012102169651923277,0,0,0,3,24,0.12341424043806619,4.520249140485173,28,7,1,0,1,0,Benign,0
2,0.051402560249388204,0,0,0,5,28,0.23121930174402877,38.81840216571473,32,8,0,0,0,1,Benign,0
2,0.0437153021327347,0,0,0,1,24,0.0441576725133878,1.7213512548742307,37,7,1,0,0,1,Benign,0
3,0.6685269781441187,1,1,0,9,7,0.017097406815948835,0.48544038764045766,108,7,3,19,0,19,Attack_InsiderSabotage,1
1,0.743988743268498,6,8,261,664,12,0.7063839443710457,78.25095296093191,22,3,167,1,58,2,Attack_DataExfiltration,1
1,0.11932878850161076,0,0,1,2,22,0.08974154988343229,1.3919551159584862,42,11,1,0,0,0,Benign,0
2,0.09066276516085099,0,0,1,9,29,0.18710277726439728,2.5400931125845405,29,11,2,0,0,0,Benign,0
8,0.25350225137427856,1,2,0,9,5,0.1966529500679696,0.4601588549916446,103,7,0,16,0,16,Attack_InsiderSabotage,1
1,0.17125077134961272,0,0,0,5,25,0.14173037033477104,7.026293071591709,48,6,3,0,1,0,Benign,0
3,0.003380076369145535,1,0,1,8,30,0.12795648648448193,0.575751433874268,35,6,3,0,0,0,Benign,0
3,0.11311574806378821,1,0,1,5,27,0.07869100549618317,2.1343765537481114,39,10,2,0,3,0,Benign,0
3,0.9148753218045466,3,5,251,563,16,0.8473937910465936,388.5398045099467,20,6,162,1,39,1,Attack_DataExfiltration,1
2,0.015923307719175186,0,0,0,7,20,0.5268599799283319,3.207248615305777,46,9,3,0,1,0,Benign,0
1,0.0162517275093408,0,1,0,3,25,0.07476577547058257,0.1885196444124545,30,15,1,0,1,0,Benign,0
1,0.008156374847445714,0,1,0,3,26,0.0811604282702638,0.3408104904754575,36,11,1,0,0,0,Benign,0
2,0.04457751311858613,0,0,0,9,33,0.1291063726059222,1.644049273957726,33,12,1,0,1,0,Benign,0
1,0.04845636393229064,0,0,0,4,19,0.07293914221160124,7.577595767280394,28,8,1,0,1,1,Benign,0
1,0.018681683614196493,0,0,0,3,22,0.05998872972842372,37.078504207476456,36,8,1,0,1,0,Benign,0
2,0.03332825946276932,0,0,0,4,35,0.26433403958772894,3.3273195223526346,57,8,1,0,0,0,Benign,0
2,0.8736334588406448,6,8,253,586,18,0.8565039519058492,101.08980816738473,11,1,186,0,51,1,Attack_DataExfiltration,1
7,0.5940104327722316,3,1,0,4,0,0.06849844277905442,2.6422030911663117,85,6,1,17,0,20,Attack_InsiderSabotage,1
4,0.0013570154057681795,0,0,0,5,24,0.23353448845242633,1.4310093292810238,43,8,1,0,3,0,Benign,0
3,0.0075096784013134795,1,1,1,3,34,0.16491154506503028,9.3749258184799,36,7,5,0,2,0,Benign,0
2,0.010654407312194046,0,0,0,4,18,0.20794306074959537,0.37121045875344194,40,16,0,0,0,0,Benign,0
3,0.0050658440728614,0,2,0,3,22,0.1711852341490348,5.343324172611424,23,8,2,0,0,0,Benign,0
1,0.002188321517073761,0,0,0,3,27,0.11858863213680347,9.250930300612955,39,8,1,0,2,0,Benign,0
2,0.013500854819241319,0,0,0,5,23,0.33272474189560425,16.40002908876666,30,11,1,0,1,0,Benign,0
4,0.00270112233626699,0,0,0,6,20,0.2637873101387751,2.015552095591711,49,7,0,0,0,1,Benign,0
1,0.004679368039822193,0,0,2,5,38,0.1359898729649259,3.990304228878821,34,19,2,0,0,0,Benign,0
2,0.010390367866054228,1,0,2,7,27,0.08937177180337968,5.084528101656463,39,13,1,0,1,1,Benign,0
1,0.0021648732007684673,1,0,0,8,26,0.20172836398897404,0.7578312244939364,45,4,1,0,1,1,Benign,0
1,0.0007162228859975402,1,1,1,5,26,0.06791505108120145,0.7534331334093791,38,12,0,0,0,0,Benign,0
1,0.011880682198794628,0,0,0,6,30,0.17750224978706397,0.6661709248987384,38,12,3,0,2,2,Benign,0
2,0.0683066633896499,0,0,1,4,23,0.46467871962545454,1.658257349537262,44,9,2,0,0,1,Benign,0
7,0.03321627063223535,0,0,1,4,30,0.507182930694174,1.6121502258311498,38,14,2,0,2,0,Benign,0
2,0.06419765079351947,0,0,2,4,28,0.08452396950442287,0.8099811434208695,48,12,0,0,2,0,Benign,0
3,0.2695227875222521,0,0,0,6,21,0.30366990691001305,9.151418852186204,41,7,1,0,0,0,Benign,0
1,0.013877759897433273,0,0,0,3,28,0.08693065187592397,2.6906791140975295,47,10,2,1,4,0,Benign,0
1,0.0015984025073212257,0,0,0,6,27,0.19373826374755168,0.8431480208990831,40,10,3,0,0,0,Benign,0
3,0.003376240612727046,0,0,0,3,18,0.21134814306939506,4.430105879610263,33,6,1,1,0,0,Benign,0
2,0.030892831478664413,0,1,0,3,24,0.2116999609226648,2.980117850953168,30,13,2,0,1,1,Benign,0
1,0.026690200640768293,0,1,0,5,21,0.14135729135666447,0.2743437891200211,38,12,3,0,2,0,Benign,0
3,0.011903393926700848,1,0,2,2,26,0.1372063531919099,4.534777888479277,50,10,2,0,2,0,Benign,0
1,0.0714013557769661,1,0,1,10,16,0.22061387824898132,2.93538662172927,41,12,2,0,1,0,Benign,0
6,0.6025883595487207,0,3,0,8,4,0.05717558322720593,0.845262292571686,97,3,0,15,0,20,Attack_InsiderSabotage,1
3,0.013553591593502607,3,0,0,8,28,0.13223753407267885,6.2362263741841755,26,1,3,1,1,1,Benign,0
2,0.009137621281034888,0,0,2,2,26,0.13353804265365637,2.6436912996765916,36,15,2,0,1,0,Benign,0
2,0.047990176957434925,0,0,0,4,23,0.05288396461626354,8.956178336982328,41,12,2,0,2,0,Benign,0
1,0.812715554423893,8,7,241,573,11,0.6951409339937349,53.50703693946217,17,7,170,1,54,0,Attack_DataExfiltration,1
2,0.052279378429383266,1,0,0,4,20,0.20507297607848574,8.041892479108158,39,12,4,0,0,1,Benign,0
2,0.0017952400734326255,1,0,0,5,25,0.1283760873634917,1.0660667120919798,35,11,4,1,0,1,Benign,0
2,0.5834596077310203,6,8,230,585,17,0.7581589981189885,268.8408334953841,26,5,175,2,34,0,Attack_DataExfiltration,1
2,0.028595207343752323,0,1,0,2,35,0.1616128057434578,2.788422320972014,43,9,3,0,3,0,Benign,0
1,0.015127029393701646,0,0,0,10,21,0.1748338464763943,5.749997717333505,28,13,2,0,1,0,Benign,0
3,0.010141502064496054,0,1,1,5,19,0.228280462039069,3.4706102398089076,36,8,0,0,1,0,Benign,0
1,0.03192584537919866,1,0,0,4,20,0.18000570627132934,0.15663068947559888,51,8,1,0,2,0,Benign,0
1,0.04098977304974613,1,0,2,9,18,0.026218980579767695,3.4475726326841576,40,8,4,0,0,0,Benign,0
1,0.013808302785203739,1,0,0,9,29,0.12063204710449683,1.453448662122433,43,5,2,0,2,1,Benign,0
1,0.04511088699527668,0,0,0,7,33,0.10251987283335631,11.883407013298035,47,9,2,0,2,0,Benign,0
1,0.03380480643845446,1,0,0,3,33,0.20984756898118856,9.161087208389645,31,8,3,0,3,1,Benign,0
2,0.2938585107158761,0,0,0,4,22,0.4476173244765186,3.4016205295267934,44,6,1,0,0,0,Benign,0
6,0.6816159942625455,7,0,0,11,3,0.20696783931169113,3.61568491907716,103,8,1,17,0,18,Attack_InsiderSabotage,1
1,0.013605902306656915,1,0,0,2,22,0.15162942170724186,8.809983521539104,47,10,3,0,0,0,Benign,0
1,0.005146164009204012,1,0,0,5,33,0.2605874597486951,0.21479041625415396,44,7,2,0,0,1,Benign,0
1,0.022700520064370344,0,0,0,4,24,0.08938267004118029,1.1569040305951581,45,12,3,0,3,0,Benign,0
2,0.09092434945967166,0,0,0,7,28,0.07256816746850606,3.326615605460437,42,15,1,0,2,0,Benign,0
1,0.12246316994082514,1,0,0,3,29,0.05779321855128208,25.58124944640349,38,16,0,0,0,0,Benign,0
1,0.0719696130521247,0,0,0,8,25,0.14387464815811102,9.599167171616816,42,5,3,0,0,0,Benign,0
1,0.17619096657147024,1,2,0,6,30,0.13061244459745142,19.603019834630736,43,14,0,0,1,0,Benign,0
2,0.7556102045997846,9,5,244,641,20,0.935154216636891,475.0605751377577,19,2,159,2,55,0,Attack_DataExfiltration,1
2,0.001987512506529292,0,0,0,4,21,0.06951251647374414,5.305374771468278,41,10,0,0,2,0,Benign,0
2,0.023501854782680406,1,0,1,3,19,0.09211913169399699,5.293723693224792,33,7,2,0,2,1,Benign,0
4,0.5504825994264654,3,5,284,583,11,0.48676167429850636,188.81606158460886,17,3,171,0,59,2,Attack_DataExfiltration,1
2,0.5867399477814141,5,4,250,608,17,0.566585470705585,351.14027877079286,26,0,186,0,60,1,Attack_DataExfiltration,1
1,0.02020375550835606,1,1,1,3,30,0.3559225651489266,6.703929288996571,34,16,1,0,2,0,Benign,0
1,0.15284545417603326,0,0,0,5,15,0.25833972025879365,1.127159131892002,62,13,0,0,0,0,Benign,0
1,0.01344049885203526,0,0,0,5,31,0.2041676050249444,2.8469392219498144,37,11,2,0,0,0,Benign,0
1,0.17372840048659105,0,1,0,8,25,0.14336105579960762,5.236174915906429,42,6,0,0,0,0,Benign,0
3,0.0456892812830113,0,0,0,2,23,0.03355204941817814,2.757204471470478,47,4,4,0,2,1,Benign,0
2,0.8729434958170825,3,8,221,592,17,0.8083938015491988,134.39868587838225,14,5,171,4,51,0,Attack_DataExfiltration,1
1,0.08231045720643887,0,0,0,5,17,0.2521661628508874,11.67974294553678,39,7,2,0,0,1,Benign,0
1,0.09882724153463374,0,1,0,7,19,0.22024745290164427,3.214060234512993,36,6,2,0,1,1,Benign,0
1,0.0326854930713488,0,0,0,6,22,0.21708118658140205,5.203106595755737,33,11,0,0,0,0,Benign,0
2,0.030029796395048512,1,0,2,3,19,0.24436753550171164,1.2958921249308988,38,14,2,0,2,0,Benign,0
1,0.057375871589709235,0,0,0,4,28,0.10391343763843651,1.6265252173942046,35,10,2,0,0,0,Benign,0
1,0.004992235651697361,0,0,1,3,25,0.18728597383093268,3.762879966554168,45,13,1,0,0,0,Benign,0
1,0.06260425862532774,0,0,0,4,24,0.1631954164514945,4.231904440055289,33,10,1,0,1,0,Benign,0
2,0.534713390985439,2,9,232,576,15,0.6870488932319947,134.15850093607207,15,11,170,1,44,1,Attack_DataExfiltration,1
2,0.018121842519913604,0,1,1,7,26,0.0873376826907709,3.6689228149498767,32,3,4,0,1,0,Benign,0
2,0.10025243154061624,0,0,0,5,23,0.17056240891558486,1.1294053866788434,31,6,1,0,1,0,Benign,0
3,0.2175510815159826,0,0,0,4,23,0.1582108306976307,1.2920669031866985,37,7,0,0,0,1,Benign,0
1,0.03926223452270296,1,0,0,2,29,0.28191685709205583,1.4692790038495347,34,8,5,0,1,1,Benign,0
1,0.04580080983663214,0,1,0,6,18,0.26938904662882274,1.8142900392121908,46,11,3,0,0,0,Benign,0
2,0.08434198954277954,1,1,1,5,24,0.29523756400195345,1.1980688548293386,46,8,2,0,0,1,Benign,0
4,0.11560877105706176,0,0,0,3,25,0.07233311666710358,1.293096941433621,48,13,1,0,0,0,Benign,0
3,0.047438219293189615,0,1,1,2,32,0.1330914836313391,88.61042030478002,46,12,1,0,3,0,Benign,0
3,0.002655172635363077,0,1,0,5,20,0.07030101953858799,1.0430571648421443,39,10,1,0,2,0,Benign,0
2,0.008670516646793958,0,0,1,3,31,0.16911790751292624,9.888172872051177,41,7,3,0,3,0,Benign,0
3,0.0030244639375745213,0,0,1,6,25,0.3591319378241533,2.541935446729567,34,8,5,0,2,0,Benign,0
5,0.6010374021680045,5,2,0,8,7,0.071328885418336,2.4690401705257345,94,4,1,11,0,16,Attack_InsiderSabotage,1
1,0.016107829710730884,0,0,0,6,23,0.3556717902804013,2.138578393865884,41,5,1,0,1,0,Benign,0
2,0.02429872182281032,1,0,0,7,28,0.10117833184481112,11.032646556667531,37,10,2,0,3,0,Benign,0
1,0.06495409078242018,0,0,2,6,23,0.2225552050472647,0.8656430836731481,33,7,2,0,1,0,Benign,0
1,0.021977356952737302,0,0,0,6,23,0.22103954419059266,26.9857040783251,38,14,2,0,1,0,Benign,0
1,0.024888677952248698,0,0,0,4,27,0.35747250558387905,2.5055767185964926,33,7,3,0,0,1,Benign,0
1,0.03477431361397577,0,0,0,1,35,0.1552890887788256,2.5347677981307726,39,9,2,0,0,0,Benign,0
1,0.5580015131990034,2,1,0,8,6,0.04292680850301532,0.46665134392073787,104,2,1,12,0,21,Attack_InsiderSabotage,1
1,0.047532043045863635,0,0,0,8,23,0.19711171495179625,1.0970543513858242,30,9,2,0,2,0,Benign,0
1,0.03217165872860071,0,0,0,3,31,0.3184481432817283,7.337570115298155,42,7,2,0,1,1,Benign,0
1,0.010716724725846465,0,0,0,4,36,0.08410152106949052,0.9350990833931442,39,14,2,0,0,0,Benign,0
2,0.0017798640978762292,1,0,0,4,18,0.11324887449462501,1.7878591322379278,34,9,1,0,2,0,Benign,0
1,0.05412321945802868,0,0,1,1,25,0.15274617038679786,2.311861891982382,46,10,1,0,2,0,Benign,0
4,0.6973989501503497,5,7,242,612,16,0.7800699353668364,261.7370270612534,23,2,186,0,52,0,Attack_DataExfiltration,1
5,0.589256677649108,5,0,0,13,5,0.06563286288465602,1.5161082733919056,94,2,1,11,0,14,Attack_InsiderSabotage,1
1,0.04694322893400548,0,0,0,3,21,0.2406897159979321,0.9790260535809849,31,9,2,0,0,0,Benign,0
2,0.0278591923187637,0,1,2,5,26,0.009846666483479927,2.261279172506099,32,10,4,0,1,0,Benign,0
1,0.007816565018576223,0,0,0,1,28,0.06852657540091486,10.861718108262862,36,13,3,0,1,1,Benign,0
1,0.03635208334030784,0,0,0,4,24,0.18463519463404546,2.2011533876527256,42,7,2,0,0,0,Benign,0
1,0.001151694768355052,1,0,0,7,21,0.14936766091970397,2.1417684608447294,46,7,1,0,1,0,Benign,0
4,0.021445213088750057,0,0,0,7,27,0.09513111881245885,14.417999302014303,41,5,3,0,2,0,Benign,0
1,0.017784623358795604,1,0,0,5,22,0.05274490520518567,4.4337834948130235,31,8,3,0,1,0,Benign,0
2,0.053662452240430286,0,0,0,9,21,0.3040891215722883,1.274024036658886,31,8,1,1,0,0,Benign,0
5,0.04060523278579456,0,0,0,8,32,0.14366405929542098,2.0356523302247695,36,14,2,0,1,0,Benign,0
1,0.044473805064435934,0,0,1,5,22,0.17793119101882812,2.6915823756825628,37,7,3,0,3,1,Benign,0
1,0.02836969245683941,1,0,1,0,24,0.1803923389004119,0.7565566556261922,49,9,3,0,0,0,Benign,0
1,0.04718658084114059,0,0,2,5,24,0.1481725296524825,0.587973651018188,48,11,0,0,0,1,Benign,0
1,0.0225694633186607,0,0,0,5,13,0.12462916992351476,11.770231294018554,37,9,1,0,1,0,Benign,0
1,0.021208288229788503,0,0,1,5,29,0.029424765769662478,4.157203094763893,41,6,3,0,2,0,Benign,0
2,0.004265367473238877,0,0,0,6,29,0.07250690542687437,3.840767112088594,32,7,2,0,1,0,Benign,0
1,0.4966660198148974,5,7,251,618,12,0.8307277594144603,165.90318140601198,6,7,163,2,53,1,Attack_DataExfiltration,1
3,0.013997669088709851,1,0,0,2,22,0.1253503657612096,0.7889291987615545,40,10,0,0,2,0,Benign,0
1,0.04493110735019054,0,0,0,3,20,0.1485684192644274,1.4048632881014644,46,6,2,0,1,0,Benign,0
1,0.12678457913501168,0,1,0,6,19,0.3083488212241373,4.43838750318968,27,10,2,0,0,0,Benign,0
1,0.08830986168343741,0,0,3,3,19,0.18523605528108655,2.7182761384107885,48,12,2,0,1,0,Benign,0
3,0.4665344973012706,5,0,0,13,2,0.06266882960260621,2.185714424483322,98,4,2,15,0,20,Attack_InsiderSabotage,1
1,0.026555381708089118,1,0,0,5,24,0.056712760364511054,11.987293143133055,39,9,4,0,0,0,Benign,0
2,0.09385058454681187,1,0,2,5,29,0.1125578538384456,8.074783297480025,47,10,2,0,3,0,Benign,0
4,0.044130873177605515,0,0,0,2,28,0.09766327383091422,4.519174315834536,42,10,0,0,2,0,Benign,0
1,0.010415229795481764,0,0,1,4,23,0.04068361579133178,3.9150052008017533,42,12,3,0,1,0,Benign,0
1,0.01439634787953263,0,1,0,4,25,0.05421499348409075,2.686796129956004,38,12,3,0,0,0,Benign,0
1,0.019846071645405,1,0,0,5,24,0.09635606931361412,1.3479061617024337,29,13,3,0,0,0,Benign,0
1,0.06797349620533544,0,0,0,6,22,0.2804461703553248,1.567618195388936,44,5,3,0,0,1,Benign,0
2,0.044474038855968345,0,0,1,7,28,0.10670013252564527,4.588978603435479,43,9,2,0,2,0,Benign,0
1,0.02741561117670596,0,1,0,8,22,0.27180189263153376,2.2182397823639377,42,10,0,0,3,0,Benign,0
2,0.043143160059877464,0,0,0,4,21,0.2647817681445881,2.8467853749378835,35,8,1,0,2,0,Benign,0
2,0.0787458516937044,1,1,0,4,24,0.21802641155301897,2.2586971891516914,32,8,1,0,1,0,Benign,0
8,0.49992427229135,2,1,0,8,3,0.03462288079285045,0.581704990216117,92,6,1,16,0,27,Attack_InsiderSabotage,1
1,0.004537884690988388,0,2,1,6,38,0.1848764824759608,4.68858483063948,41,17,3,1,0,0,Benign,0
5,0.3122940064156596,1,1,0,7,7,0.04744080485911539,0.14541610244039174,91,10,2,17,0,16,Attack_InsiderSabotage,1
3,0.029490312355993732,1,1,0,5,25,0.23744274139800584,3.967630061151155,35,9,4,0,2,0,Benign,0
2,0.043689516119420437,1,1,0,4,25,0.08252913820277451,1.1864997498705527,34,9,3,0,3,0,Benign,0
3,0.059498828727171875,2,1,1,4,19,0.13432958555614702,3.8864589820263733,45,8,7,0,1,0,Benign,0
1,0.10050673677779341,1,0,0,4,23,0.1360318479313269,3.804467295510062,42,11,2,0,2,0,Benign,0
2,0.6299028657059458,8,10,267,597,13,0.7356378106399404,681.4524518599474,30,8,168,0,56,2,Attack_DataExfiltration,1
1,0.08513039437419828,0,0,0,4,27,0.17489637896756818,0.8790043511600694,41,13,1,0,1,0,Benign,0
4,0.8174752725679847,5,7,249,572,24,0.7049544847129157,342.18163879143196,22,6,163,0,55,3,Attack_DataExfiltration,1
2,0.15158299807439668,1,0,0,7,27,0.16705358180669655,2.4990320194737565,40,8,2,0,2,0,Benign,0
1,0.007940021030234244,0,0,0,2,23,0.13164097083229528,4.024991092592252,42,10,3,0,0,0,Benign,0
1,0.031423046144065866,0,0,1,3,25,0.5819829459806509,8.026291860805111,49,4,4,1,0,0,Benign,0
2,0.003298491787591174,0,0,1,3,23,0.05036386436527221,2.2726803561804325,38,9,1,0,2,0,Benign,0
2,0.021146310220618927,1,0,0,7,32,0.1545972418448578,5.2779452924492025,32,5,4,0,2,0,Benign,0
2,0.03709873582839856,1,1,0,10,38,0.2185188604538903,1.439460195653308,30,9,1,0,1,0,Benign,0
3,0.16072097893443324,1,1,0,14,7,0.08451316211000433,0.3340123055756954,96,3,1,20,0,13,Attack_InsiderSabotage,1
2,0.049192609139239174,0,0,0,2,22,0.12638871792618872,1.6909829008698716,58,15,4,1,0,0,Benign,0
3,0.006739068702041941,0,0,1,10,27,0.26786508446244284,2.3478847684548105,38,13,2,0,2,1,Benign,0
1,0.009098390786397306,0,1,0,4,26,0.19948837178037074,2.6830290276287716,48,13,3,0,1,0,Benign,0
1,0.038601157987691224,0,0,0,5,19,0.38175857935880997,1.0960422692520457,46,13,1,0,2,0,Benign,0
2,0.03078756592371751,1,0,1,8,26,0.15525481160529797,11.614065832658273,49,5,4,0,1,1,Benign,0
1,0.041262701011678525,1,0,1,8,25,0.23563849713261828,1.3231570725460438,38,5,1,1,3,0,Benign,0
2,0.0050617372756351555,0,0,0,4,23,0.2636874190304039,8.784244835712167,35,18,2,0,2,0,Benign,0
1,0.016851873156999465,2,1,0,4,35,0.1126791869988056,3.2977642644719625,37,12,5,1,0,0,Benign,0
1,0.04783746444881452,0,1,0,5,34,0.08899719114532333,0.6839691348363652,37,12,1,0,1,0,Benign,0
3,0.02573743233248524,0,0,1,6,21,0.12330212195820257,9.557850528625211,46,8,1,0,1,0,Benign,0
1,0.48360799779797703,5,0,0,12,3,0.28534243091703376,1.2405917697296986,108,3,1,20,0,19,Attack_InsiderSabotage,1
3,0.06041161381534629,0,1,0,4,25,0.2300221962461299,2.2176437636580744,30,14,2,0,1,0,Benign,0
1,0.008375675926822299,0,0,1,3,21,0.02499852314817853,0.5382105262817488,39,9,2,0,1,1,Benign,0
2,0.0007417476352924244,0,1,0,8,23,0.324213593987804,1.467959859514499,33,5,1,0,3,1,Benign,0
1,0.03918250984951095,0,0,1,4,29,0.3751707363712053,0.4923266492470039,42,13,2,0,1,0,Benign,0
1,0.06506861494008037,1,0,1,5,22,0.17055977434692673,0.527523115238821,37,9,4,0,0,1,Benign,0
1,0.0744038651774132,0,0,0,6,21,0.11147413261252653,6.70309831040229,56,11,0,0,3,0,Benign,0
1,0.09264531450608603,0,0,1,2,20,0.21184259186325216,1.9010612341928887,40,9,0,0,1,1,Benign,0
2,0.0009926516632650009,0,0,0,5,16,0.19918385444637976,16.835294020200042,47,16,2,0,0,1,Benign,0
2,0.04014835956211644,0,0,0,6,32,0.08916408090207564,2.5501756906024533,38,11,1,0,0,1,Benign,0
1,0.03112781021582134,0,0,0,4,30,0.15072729869149265,2.459275195801085,37,11,2,0,1,1,Benign,0
3,0.8462916860814301,5,4,260,643,12,0.8039393067616819,310.88056325015214,20,2,161,0,37,1,Attack_DataExfiltration,1
1,0.17846355843276743,0,0,0,5,30,0.050732282934071,0.9883367046199897,38,8,1,0,2,1,Benign,0
1,0.05491135702294189,1,0,2,3,28,0.09372774257777192,11.644116369755622,36,12,2,0,1,1,Benign,0
2,0.043624922742195316,0,0,0,8,19,0.3687304023051302,5.439491903544917,37,11,0,0,1,0,Benign,0
1,0.03131218327346891,0,0,0,10,21,0.10715965726089512,2.3545850332780924,30,8,0,0,0,0,Benign,0
3,0.7401213514919388,2,6,260,579,18,0.7836823681517154,147.55023304880024,15,6,198,1,49,0,Attack_DataExfiltration,1
7,0.7411764940166183,2,0,0,8,7,0.06596916966978479,0.39601929617937337,94,8,2,15,0,18,Attack_InsiderSabotage,1
5,0.029013313711248098,0,0,0,6,26,0.08698149386177384,1.1746699123853175,33,11,0,0,1,0,Benign,0
7,0.4799141538216241,2,0,0,10,2,0.015074639618471414,1.7673528055560908,84,3,0,3,0,21,Attack_InsiderSabotage,1
1,0.03262078375910469,0,0,0,3,18,0.07483546115491532,1.2410612362907636,43,10,2,0,2,0,Benign,0
3,0.5879167949210165,8,4,260,602,15,0.9117503783749247,99.8819794160739,16,8,173,1,51,3,Attack_DataExfiltration,1
1,0.11906002458230044,0,0,0,5,23,0.05156178460310792,1.126784807913357,35,9,1,0,1,0,Benign,0
3,0.761221369459285,4,0,0,8,5,0.038862409678405846,1.6481117974886024,87,6,1,22,0,23,Attack_InsiderSabotage,1
4,0.05543286024166444,0,0,0,4,20,0.15995228089131683,1.8582986122872907,36,16,1,0,0,0,Benign,0
1,0.024470364602587443,1,0,0,3,31,0.116873555758032,6.401344747368407,48,10,3,0,1,1,Benign,0
1,0.17027918353599114,0,1,1,3,24,0.10559707914365181,4.03283498187078,50,10,2,0,0,0,Benign,0
2,0.9203194210698491,7,8,249,640,14,0.7558342031455348,281.3143530477717,16,9,182,0,67,2,Attack_DataExfiltration,1
1,0.06528759919264021,0,0,1,5,28,0.01922780884679195,1.1346707191351117,52,6,3,1,1,0,Benign,0
2,0.004765508997906225,1,0,0,2,23,0.13473692862006795,2.094887121402051,30,13,4,0,2,2,Benign,0
2,0.009817313445769946,0,0,0,4,31,0.1653945098924558,1.5209289811159954,30,8,4,0,0,0,Benign,0
3,0.008400864995478539,0,0,0,4,25,0.17016020693932443,0.2827350069144103,44,9,1,0,0,1,Benign,0
6,0.8257741645901685,2,3,0,10,0,0.05904114441890596,0.7568721141250404,96,3,0,14,0,24,Attack_InsiderSabotage,1
3,0.002652841592980018,2,0,0,6,25,0.15556075512732206,2.7426465075497264,36,6,1,0,0,0,Benign,0
2,0.06319971825634478,0,0,0,3,29,0.15030613211275892,2.4595170970931726,42,13,1,0,0,1,Benign,0
3,0.03133652944245929,0,0,0,8,18,0.19784310207978825,0.597456681899126,40,9,1,0,2,1,Benign,0
1,0.01419079999421247,0,0,1,3,22,0.11278343478886967,127.25263054745649,37,7,2,0,1,1,Benign,0
1,0.013938444815454271,0,0,0,2,19,0.17221659660175934,11.158219002811528,49,4,0,0,1,0,Benign,0
1,0.010934596057285202,1,1,0,3,19,0.06407140257100445,1.0062920761832026,41,10,0,0,1,0,Benign,0
1,0.018264199778944418,0,0,0,3,16,0.06894418905760263,2.5076505425848623,29,9,3,0,0,0,Benign,0
1,0.07334314099812389,1,0,1,4,31,0.16766250659615875,2.048711324494119,54,11,2,0,1,0,Benign,0
2,0.022102246746216955,2,0,0,4,24,0.2237747262370698,1.6026944729950703,45,6,4,0,0,0,Benign,0
1,0.05251743547855985,0,0,0,7,16,0.3775742028863867,1.5587925952695418,46,10,1,0,1,0,Benign,0
1,0.0972540634157038,0,0,0,4,29,0.11791328337812955,2.048691311553323,40,9,1,0,2,0,Benign,0
1,0.010585186979313642,0,0,0,4,34,0.16091387167221727,11.361459345348285,47,4,0,0,0,0,Benign,0
1,0.006991043199334261,1,1,0,0,28,0.21219940192008488,0.6117938881603595,31,10,0,0,1,0,Benign,0
3,0.005043574623823042,1,0,1,3,38,0.09843615128390101,1.6740280787359254,34,11,0,0,3,0,Benign,0
4,0.02118576039879924,0,0,0,2,26,0.1592157236261207,2.8535728722177756,44,11,1,0,0,1,Benign,0
2,0.08599143935114875,0,1,2,7,30,0.2922607235977809,4.580634759587033,33,8,0,0,1,0,Benign,0
2,0.7417322061429906,8,8,250,599,16,0.8433382552980849,141.176142992796,18,6,171,0,55,1,Attack_DataExfiltration,1
1,0.045798285684307806,0,0,0,3,24,0.16298985070030436,10.370484937521487,46,7,2,0,0,1,Benign,0
7,0.016097598380222344,1,0,0,5,30,0.17360093733710227,0.7052527970131127,43,13,2,0,0,1,Benign,0
1,0.019997789281623386,0,0,0,7,21,0.040002002736732094,0.39543502914564554,48,14,3,0,1,3,Benign,0
3,0.011703904439374874,0,0,0,5,33,0.06701903190910458,3.7179026624863813,38,13,2,0,0,1,Benign,0
2,0.05262893184684808,1,0,0,2,26,0.03900160030582355,5.3927552753780015,46,6,2,0,3,0,Benign,0
3,0.46729832026275764,5,6,275,620,15,0.6287981562778587,64.05072125338735,19,6,167,3,44,1,Attack_DataExfiltration,1
1,0.004053566158504124,0,0,1,4,33,0.3529908550476347,3.585903884910449,35,8,2,0,2,1,Benign,0
3,0.010591907785329585,0,1,2,5,28,0.045246176503878424,1.2337417729081779,41,11,2,0,1,1,Benign,0
2,0.004033370360475022,0,0,0,9,23,0.05961545446964117,8.765083501264842,36,12,2,0,0,0,Benign,0
1,0.0008068806020095329,0,0,0,6,27,0.13479812965242705,1.046917462035903,35,8,2,0,0,0,Benign,0
6,0.15678895484178612,0,0,0,7,23,0.07258644081682299,3.483475692916843,24,16,0,0,3,0,Benign,0
1,0.048271933497917134,0,0,0,7,25,0.03361268032568281,5.061965424780142,42,9,3,0,1,0,Benign,0
1,0.0006074871038745205,1,0,1,6,20,0.07940180185962392,10.094759684126876,36,6,3,0,2,0,Benign,0
1,0.029387695625250627,1,0,1,4,26,0.13273170422308336,4.255718031395421,39,12,2,0,0,1,Benign,0
2,0.00034536096839351074,0,0,0,7,15,0.04053861751489764,2.237922935777387,33,11,3,0,1,0,Benign,0
2,0.004609088696779211,1,0,1,5,22,0.09323587600899932,4.053231417782133,42,11,3,0,3,1,Benign,0
3,0.03592761686363337,1,0,3,5,32,0.33108622242677993,3.4196731584244464,56,9,4,0,0,0,Benign,0
1,0.1169156607450973,0,0,0,4,34,0.16314825627150795,0.9950936615527245,53,7,0,0,3,0,Benign,0
1,0.07035766998844632,0,0,0,5,32,0.20711658196325336,0.9736773747313177,44,14,0,0,2,0,Benign,0
4,0.11050147401609434,0,0,0,6,25,0.35023901664379975,2.1286913077206684,44,6,2,0,0,0,Benign,0
2,0.668243061194997,9,7,248,607,16,0.8811918417042683,342.6522263174246,11,4,145,1,47,0,Attack_DataExfiltration,1
8,0.1792413245620377,4,1,0,11,1,0.10526698325499162,1.19348118542472,100,6,2,12,0,17,Attack_InsiderSabotage,1
1,0.04087123618273882,0,0,0,3,22,0.058445244803382146,2.7142645772014635,38,7,3,0,1,0,Benign,0
2,0.030116452203081644,0,0,0,6,27,0.23927997113893223,5.8495230772322,44,11,1,0,0,0,Benign,0
2,0.028397427604448057,0,1,0,9,21,0.10230974199503023,3.8242654838179853,38,6,1,0,0,0,Benign,0
1,0.03124125330568021,1,0,0,1,37,0.4596382284195211,3.3202562275999417,42,10,0,0,1,0,Benign,0
2,0.041171093692593905,0,0,1,6,27,0.20271444447414327,2.0856513194821105,42,10,2,0,2,0,Benign,0
1,0.012517500325133131,0,0,1,2,22,0.08760438753445221,0.8424859261276966,50,14,1,0,0,0,Benign,0
1,0.005114819541619248,0,0,0,6,25,0.00275274961054532,1.9964870617373596,45,12,1,0,0,0,Benign,0
1,0.08530869851825432,1,0,0,7,26,0.2275999106945664,4.910926848672611,29,4,3,0,0,1,Benign,0
5,0.05801518181166225,0,0,0,7,21,0.20890357871137813,2.5713426899551597,35,15,5,0,1,0,Benign,0
7,0.4708633953491521,1,3,0,11,4,0.23127664406704226,13.631934694014175,90,8,2,13,0,27,Attack_InsiderSabotage,1
1,0.005439370079806884,0,0,0,3,27,0.07316706839309044,9.860932048391103,35,10,1,0,3,0,Benign,0
1,0.08969754471074677,0,0,0,5,25,0.061499702523062715,1.1903528840417343,51,10,2,0,1,0,Benign,0
1,0.07604660560493719,1,1,0,5,25,0.36997388735721926,3.636874755164089,36,7,5,0,0,1,Benign,0
3,0.047129814465913716,0,1,1,3,29,0.18999716793181118,1.3655119023176894,38,6,2,1,1,1,Benign,0
2,0.04488473105578417,0,0,0,3,18,0.19113887057925458,9.028600460911745,44,14,1,0,2,0,Benign,0
1,0.025896620997475004,0,0,0,5,17,0.0768519249835512,1.9672630836730605,34,11,3,0,1,0,Benign,0
2,0.05959979402362618,0,0,1,3,27,0.06578482374872797,3.598563715501651,44,10,4,0,0,0,Benign,0
2,0.020868640996153858,0,0,0,6,28,0.12906989404345012,3.22754720224824,39,11,0,1,1,0,Benign,0
1,0.2255474649190396,0,2,1,3,29,0.0425055003746754,2.871500793374331,39,7,2,0,1,0,Benign,0
1,0.7917952650205952,2,3,246,582,14,0.8029306241905132,44.96659792690914,18,3,171,2,46,0,Attack_DataExfiltration,1
2,0.055302185502548805,0,1,3,3,27,0.0642154517539382,5.470469527076414,35,9,2,0,1,0,Benign,0
1,0.037502457649971135,0,0,1,4,23,0.2665602086130006,0.7162906412328409,47,8,2,1,0,0,Benign,0
10,0.45441307377945833,3,1,0,10,3,0.07922900455855356,4.107245026062124,92,4,1,20,0,22,Attack_InsiderSabotage,1
2,0.04084511121119797,1,0,0,2,20,0.24798287151025972,4.5149571565057665,36,7,0,0,0,0,Benign,0
3,0.0491997383383061,0,0,2,7,23,0.4123761398848249,7.927857793439403,45,13,2,0,1,0,Benign,0
2,0.7569895329470754,11,10,245,603,12,0.9255700119899253,64.00919378395793,20,4,175,0,51,2,Attack_DataExfiltration,1
5,0.06473222093433513,2,1,0,7,31,0.33324961603052583,2.3022898045772777,51,9,1,0,0,0,Benign,0
2,0.0027151045587722787,1,0,1,4,32,0.2201280182208656,1.3675697726383245,35,5,0,2,2,1,Benign,0
3,0.012196151530748517,0,0,0,9,24,0.08218348406407276,1.2160046236778825,42,13,5,0,1,0,Benign,0
2,0.009762667705994427,1,1,0,8,27,0.26114980509091434,1.8185592637032977,43,9,1,0,0,1,Benign,0
1,0.11264742409198929,0,1,0,4,35,0.12781373732751672,1.1357616315308305,35,6,1,0,0,0,Benign,0
1,0.001830893673678089,0,0,1,2,33,0.1336545511539763,2.308320624569226,36,12,3,1,1,2,Benign,0
2,0.06687368727601439,0,1,0,5,32,0.18921229965054714,1.2547914226005865,33,6,2,0,0,0,Benign,0
1,0.019423407409262194,1,0,1,7,38,0.15083798551075983,2.9292656340845022,39,9,2,0,3,0,Benign,0
4,0.09570875846769537,1,0,0,3,22,0.07904326026121569,2.252587782502803,33,8,2,0,0,0,Benign,0
4,0.04624007345454576,2,1,0,7,27,0.24927901824107462,2.907512984503299,38,12,4,0,2,0,Benign,0
1,0.028274316349030486,0,0,1,2,25,0.08130398275225392,0.5444865093447209,36,8,2,0,3,1,Benign,0
1,0.11623130552879905,1,0,1,4,21,0.1908516964535433,8.685780091450393,42,6,0,0,0,0,Benign,0
4,0.05920056149358803,0,0,0,8,22,0.17222634986234706,14.903875470471835,45,6,2,0,0,1,Benign,0
1,0.054112888703052316,0,1,0,4,18,0.37328080326228386,2.473175242200898,39,3,1,0,0,0,Benign,0
1,0.030460558206138057,1,0,1,8,19,0.06326246856999845,0.40796474878617134,46,9,1,1,1,0,Benign,0
2,0.02809855937209648,0,0,2,6,28,0.06483702474552223,3.1698067848320983,28,11,0,0,0,0,Benign,0
1,0.028384921257152234,1,0,1,5,26,0.07466471722760423,0.7340003270426534,40,12,1,0,0,0,Benign,0
1,0.013540847154508411,0,0,0,0,26,0.06190864421177214,5.980068664731948,46,9,2,0,0,0,Benign,0
1,0.11438637098571135,0,0,1,2,30,0.04132162666604598,9.197691640812222,34,14,0,0,0,0,Benign,0
3,0.5434495684953974,8,5,247,617,15,0.7051755428789879,176.89759553180485,17,6,185,1,64,4,Attack_DataExfiltration,1
1,0.0271017796683071,0,1,0,1,19,0.3987114646146121,1.8457554479404967,43,8,1,0,1,0,Benign,0
1,0.09251104355397487,0,0,0,5,15,0.15991112828311316,1.9160646492416533,37,19,3,1,1,0,Benign,0
1,0.015483136720713412,0,1,0,4,37,0.22304858983082798,0.18352495734733393,42,13,2,0,1,1,Benign,0
3,0.07289454705128538,0,0,0,5,29,0.1944950965129728,0.5420084600884192,42,15,1,0,3,1,Benign,0
2,0.05514743337619,0,0,1,4,22,0.06548483784381359,1.8550576991478342,29,8,1,0,1,0,Benign,0
5,0.018063269195493212,0,1,0,4,24,0.18348322403637113,0.838905725357955,38,8,1,0,1,0,Benign,0
1,0.008397161394840766,0,0,0,6,27,0.23471395093280747,1.037193275838103,39,15,1,0,0,0,Benign,0
1,0.01062748486044355,0,0,1,5,26,0.11391999897417297,2.090138165198085,37,14,2,0,0,0,Benign,0
1,0.05471732538905724,0,0,0,5,20,0.03741993805155917,2.407858305052371,41,10,1,0,1,0,Benign,0
1,0.7803931680000012,6,10,244,620,15,0.8789745782834654,133.78017843233496,23,1,188,0,41,0,Attack_DataExfiltration,1
2,0.07018918153775998,0,0,0,5,26,0.18276996605082108,1.8491009712477522,38,7,2,0,1,0,Benign,0
4,0.04926589452308691,0,1,0,0,24,0.0672339803118252,3.4544540522754272,42,13,2,1,0,0,Benign,0
1,0.0008250429440196435,0,0,1,7,23,0.17370581122613085,0.46217018782033475,48,10,2,0,1,0,Benign,0
2,0.644183975824373,8,0,0,10,6,0.007347211734390746,1.845666506871024,95,8,1,10,0,17,Attack_InsiderSabotage,1
2,0.013972143388028688,0,0,0,6,22,0.3010623075634926,4.122309073827856,38,12,1,0,0,0,Benign,0
1,0.023699752994880783,0,0,1,4,25,0.1354385784020714,18.05560882427234,51,12,2,0,3,1,Benign,0
1,0.05973079170127509,1,0,0,7,31,0.05184886063239292,3.5852914685147597,48,9,3,0,2,1,Benign,0
4,0.03320084247499612,0,0,0,6,35,0.5379826589278742,4.299111516786069,48,9,0,0,0,1,Benign,0
1,0.019673633364296287,0,0,0,0,22,0.3996846184000007,12.56115009637086,38,11,3,0,1,0,Benign,0
1,0.0003726643845444491,0,1,0,4,26,0.16162271884034227,3.3718330404248764,34,8,1,0,0,1,Benign,0
2,0.01805677453144172,0,0,1,3,26,0.037053966732990426,2.2800482523076377,45,10,3,0,0,0,Benign,0
1,0.283806386545957,0,0,0,3,26,0.13099624181006175,1.4643522867243628,30,9,0,0,0,0,Benign,0
2,0.003261288454075431,0,1,0,10,28,0.07445381018589445,2.68615558376476,20,8,3,0,2,1,Benign,0
2,0.06954669598144549,0,0,0,5,29,0.021362882313110718,2.611892564001585,44,4,2,0,0,1,Benign,0
2,0.0026141892304158247,0,0,0,8,17,0.36230714924733165,6.452876649417091,44,14,3,0,1,0,Benign,0
2,0.061845914025568126,0,0,0,2,21,0.08847654481976922,1.3292370458500309,41,11,1,1,1,0,Benign,0
1,0.06363359731809848,0,1,0,4,22,0.41924458222082284,6.943014848169306,39,8,1,0,0,1,Benign,0
1,0.053522748227930864,1,0,0,6,27,0.06137697161174621,3.5379073801835776,38,6,3,0,1,0,Benign,0
1,0.027364071423469402,0,1,0,1,30,0.204980518597894,7.947111335430376,36,9,1,0,1,0,Benign,0
2,0.6760245971273948,5,0,0,6,3,0.06580883098210513,0.23484358674768752,104,6,1,13,0,20,Attack_InsiderSabotage,1
1,0.037602982087083785,0,0,1,5,35,0.16510437859059165,2.7983975750204384,36,12,3,0,1,1,Benign,0
1,0.02098917959371914,0,0,0,4,27,0.008222829254017997,1.6921709641325524,40,11,1,0,1,1,Benign,0
1,0.1641950295329295,0,1,2,4,22,0.17374161151227874,1.1967970796026708,42,12,4,0,2,0,Benign,0
1,0.011907106182796107,0,0,0,5,19,0.278764392438586,2.1135455584058866,39,11,1,1,0,1,Benign,0
1,0.012390315870462474,0,0,1,7,22,0.1342519572345701,13.810509611236638,47,11,3,1,1,0,Benign,0
1,0.058102498936690845,3,0,1,7,21,0.3325123299200262,4.428587919908333,37,14,4,0,0,0,Benign,0
2,0.006592362813668402,1,1,0,5,28,0.36621627947137675,1.3101240634881777,43,12,0,0,1,0,Benign,0
4,0.061673224315613485,0,0,2,9,30,0.10374823546986915,1.9481591523340809,38,9,0,0,1,0,Benign,0
2,0.05325871920788017,0,0,1,3,26,0.024489994612874523,23.80016653577002,51,9,2,0,0,0,Benign,0
1,0.9048700043265002,9,4,274,594,12,0.511048624534557,178.09776811959196,17,5,153,1,58,2,Attack_DataExfiltration,1
1,0.13891204268427565,1,0,2,9,16,0.5585611961209764,0.8915393315571907,41,7,0,0,2,1,Benign,0
1,0.12548321944678117,0,0,1,7,22,0.15970802413789478,2.795239022522927,44,12,4,0,1,0,Benign,0
1,0.18048798208809297,0,0,0,5,16,0.19709190744232996,5.214925708320007,38,13,1,0,1,0,Benign,0
1,0.009145145075971174,0,0,0,5,22,0.19820220373684777,3.5151319171690107,35,9,3,0,0,0,Benign,0
2,0.027041923666390386,1,0,1,6,25,0.1057131248622175,6.648315781734205,42,14,4,0,5,0,Benign,0
2,0.07986299104553816,0,0,1,4,18,0.022842141381492723,4.60136937351586,36,15,4,0,0,0,Benign,0
1,0.050864190164594876,1,0,0,4,28,0.1974547772252018,1.3695502825947463,42,11,1,0,0,1,Benign,0
1,0.061151567946795646,0,0,1,6,29,0.3418037673313819,3.9903182283828595,43,11,2,0,1,0,Benign,0
2,0.02514651787291208,1,1,1,7,22,0.0720621443442574,1.025053016488972,49,10,2,0,0,1,Benign,0
3,0.16471334073152816,0,1,0,3,21,0.12470433562176601,1.8202060527274904,33,9,3,0,0,1,Benign,0
1,0.612639417533353,9,5,251,592,16,0.7732611549024426,90.57812767812436,23,2,146,1,44,2,Attack_DataExfiltration,1
1,0.1404129730564,0,0,0,9,21,0.060993428881086595,3.1733884370879655,41,15,2,0,1,1,Benign,0
1,0.0047947508555699495,0,0,1,3,23,0.23193275340814568,2.514380694317514,35,14,1,0,1,0,Benign,0
1,0.07575210187042132,2,0,0,9,38,0.1207290825199572,0.7775668635961578,38,8,0,0,1,0,Benign,0
5,0.4480855719507075,4,0,0,7,5,0.1006055875540252,4.419706993617455,108,1,2,10,0,14,Attack_InsiderSabotage,1
1,0.028767341925396095,0,0,0,6,23,0.16972881367102194,0.9289446761528233,38,9,4,0,1,0,Benign,0
3,0.6943669958419667,2,9,245,642,18,0.713581779242112,127.22567555510058,25,9,180,1,37,0,Attack_DataExfiltration,1
1,0.1281839287507994,0,0,0,5,17,0.02577909589371862,6.6462516149623445,43,13,1,0,0,0,Benign,0
1,0.007088636777211625,0,0,0,3,27,0.3157911327985125,4.436198308529608,30,8,0,0,0,0,Benign,0
1,0.006184920506761354,0,1,0,7,23,0.21922574541919337,0.6331664363120316,42,7,1,0,1,1,Benign,0
2,0.884086110566121,2,8,245,597,12,0.8168946257243576,225.64433983361604,23,1,152,1,34,0,Attack_DataExfiltration,1
2,0.028840664922024965,0,1,0,7,29,0.1029484529440871,8.275346400447342,34,5,0,0,1,0,Benign,0
1,0.06157894533691231,0,0,0,9,28,0.07505750179550606,3.7217202035179904,38,6,2,0,1,0,Benign,0
3,0.0034356291544881392,0,0,0,6,22,0.10558136020666489,0.7261735645603231,38,14,2,0,0,0,Benign,0
1,0.04812071421945392,0,1,0,2,22,0.1469568939680897,1.3707172035081923,38,13,2,1,2,0,Benign,0
1,0.0013887539144440872,0,0,0,2,20,0.28192368962873593,3.7383676222849944,38,7,3,0,1,0,Benign,0
1,0.04740174002613423,0,0,1,4,30,0.2612845904923286,13.612782292385008,32,11,0,0,0,2,Benign,0
2,0.15089869713373558,1,0,0,5,18,0.027643380015454452,2.813673657099449,51,11,3,0,1,0,Benign,0
1,0.03886459428614221,0,0,1,4,23,0.4243564774904782,2.1754370625895096,50,19,3,0,2,0,Benign,0
3,0.008421542223113651,0,0,0,9,28,0.1270077574877844,5.295828884607356,51,12,2,0,0,0,Benign,0
1,0.18123799047040767,0,0,1,6,20,0.15307240422147314,3.3175995389196817,41,9,5,0,0,0,Benign,0
1,0.01809798082189723,0,1,1,5,20,0.17540316084686594,3.541014832833072,25,10,2,0,3,0,Benign,0
1,0.03677752080660866,1,1,0,6,29,0.1542247857950892,4.436495302487705,43,6,3,0,0,0,Benign,0
1,0.059446268757954696,0,0,0,4,18,0.13969845725111532,0.7422408578182101,31,13,3,0,3,0,Benign,0
2,0.015467903419948331,0,0,0,7,28,0.19230448744335385,30.34594251909592,31,11,1,0,1,0,Benign,0
3,0.02976086214042933,0,0,0,4,29,0.10532776622473809,2.3140990684231464,49,11,1,0,1,1,Benign,0
1,0.02312092261374122,1,1,0,6,24,0.14574657483760742,4.497200039396394,37,13,4,0,3,0,Benign,0
1,0.08871718015333221,1,0,0,2,19,0.04560875254899757,6.878736093099266,38,8,1,1,1,0,Benign,0
2,0.010003315886571355,0,0,0,2,28,0.10478818399990615,1.1490681736836441,42,6,2,0,0,0,Benign,0
3,0.02428365568105919,0,1,0,6,26,0.13260395125684404,2.773089178839183,38,9,2,0,1,1,Benign,0
3,0.08350892341805106,0,0,1,4,34,0.13159079337457477,6.687015482350338,42,14,2,0,1,0,Benign,0
3,0.12763581407537414,2,0,1,3,27,0.17296166485155867,2.8803803702725976,33,12,2,0,1,0,Benign,0
3,0.05662245931494478,1,0,1,7,25,0.1665789142691725,1.8551577206491194,47,19,2,0,2,1,Benign,0
2,0.03285864557513961,0,0,0,6,25,0.04018384992185177,8.062496778646048,31,6,1,0,1,0,Benign,0
1,0.033040177668243,0,0,0,1,29,0.26097950817898435,17.31673685604723,51,9,0,0,1,1,Benign,0
1,0.09140074873252824,0,1,2,7,24,0.06298829902754946,1.3127013779113872,48,18,2,0,2,0,Benign,0
1,0.10286361537978278,0,0,0,7,29,0.12475134121920246,9.154935844650746,47,8,3,0,1,1,Benign,0
1,0.025439365349264807,0,1,0,5,35,0.17601078535723455,3.235073753564757,47,10,3,0,0,1,Benign,0
1,0.05385149272039441,1,0,1,7,31,0.15559862168566146,7.703629929400977,42,9,1,0,2,0,Benign,0
1,0.018321037541506522,2,0,1,5,25,0.1879597601333809,7.539162986526527,37,12,3,1,0,1,Benign,0
1,0.1688398507500416,0,0,0,9,23,0.12809470692670646,4.308067326323604,35,9,4,0,1,0,Benign,0
2,0.12245727724673844,1,0,0,7,24,0.0211781072140341,5.970565911233512,30,12,2,0,0,0,Benign,0
1,0.029564098580856686,0,0,1,5,19,0.19112869317631276,1.3895380553156063,35,5,3,0,1,0,Benign,0
1,0.03953345080435118,0,0,0,8,30,0.21655069647824773,0.41354354858719183,37,17,1,0,2,2,Benign,0
1,0.021657483414992563,0,0,2,3,30,0.22467736412452977,10.163488387995201,46,7,1,0,1,0,Benign,0
2,0.018013019028762838,0,1,0,3,26,0.23744934715843558,6.188267789936389,39,11,6,0,1,0,Benign,0
7,0.07887398144452354,0,0,1,5,36,0.16173657243392106,0.8142110231643964,38,14,3,0,1,0,Benign,0
4,0.023536357436365004,0,1,0,6,22,0.17107551117006295,3.3489606656667816,48,11,1,0,2,0,Benign,0
2,0.0014654065462336224,0,0,0,2,25,0.030048214842035407,2.344341218529864,46,13,1,1,0,1,Benign,0
3,0.037670146047643176,0,0,1,7,28,0.28552888349655287,1.5413083948995379,43,10,3,1,0,1,Benign,0
3,0.001086217135693695,0,1,1,7,22,0.13727309555228534,2.6670946169348464,44,12,3,0,1,0,Benign,0
4,0.056105794166605806,0,2,0,4,23,0.23579455231502514,4.709487006315109,32,15,0,0,4,0,Benign,0
4,0.2579876152718617,4,0,0,13,5,0.026518698714604497,0.7301529520722676,100,2,2,16,0,18,Attack_InsiderSabotage,1
7,0.8084382620146959,2,6,231,572,9,0.8777587076918338,105.89064008124656,19,5,163,0,51,0,Attack_DataExfiltration,1
3,0.03897491903228489,0,1,1,6,29,0.12692696288661948,0.4592044135315108,27,12,3,1,0,1,Benign,0
1,0.06635538646577488,0,0,0,2,21,0.13300667872050995,54.96719064715485,45,10,1,0,2,0,Benign,0
1,0.05293189889693221,0,0,0,5,28,0.0553436598078606,0.3573545749971542,36,7,4,0,1,0,Benign,0
6,0.42428973314285473,3,1,0,7,7,0.018822187712116915,0.1520891348919777,83,3,0,13,0,12,Attack_InsiderSabotage,1
2,0.04879141830763922,0,0,1,7,24,0.40340884671317473,11.468281603118097,44,9,1,0,0,1,Benign,0
1,0.0015127293410804384,1,0,0,12,26,0.07410411505313742,2.5474376632555242,43,9,1,0,2,1,Benign,0
2,0.012232335478497558,1,0,2,3,29,0.2522280721362699,1.8680368844511461,45,10,3,0,0,0,Benign,0
1,0.015182024257120359,1,0,3,2,29,0.18928552914056807,8.956928804794803,47,16,5,0,1,0,Benign,0
4,0.46216359314650646,0,2,0,10,5,0.13997796970374374,4.219357257275865,104,10,0,7,0,20,Attack_InsiderSabotage,1
1,0.056218206978461846,0,2,0,7,18,0.1791906028109479,1.2891758256571564,43,14,0,0,1,1,Benign,0
2,0.11791463551790092,1,0,3,4,20,0.3159283155948414,3.9977638529970654,43,10,2,0,3,1,Benign,0
4,0.060890292818062436,0,1,0,2,17,0.011329091275905737,1.119879810570971,46,7,1,0,0,0,Benign,0
2,0.03585406882849688,1,1,0,3,27,0.11591088634897474,1.280216691884367,40,5,1,0,1,0,Benign,0
2,0.0011111149469143554,1,0,1,2,14,0.05176029920702804,17.14024650898924,44,11,2,0,0,0,Benign,0
2,0.653557958493603,5,6,253,594,13,0.8456350719117275,129.30117563982395,15,3,172,1,43,1,Attack_DataExfiltration,1
2,0.0036405613201810046,0,0,1,3,36,0.1540272271847988,3.2410577619510796,44,11,1,0,0,0,Benign,0
1,0.11860259462704627,0,0,0,7,26,0.0575940750767518,4.083751472449718,56,8,2,0,0,1,Benign,0
1,0.016804792551975332,0,0,1,2,31,0.10026060320596729,7.092157635966821,37,15,1,0,1,0,Benign,0
1,0.6465369191996626,3,0,0,9,4,0.1679345007271747,3.1513354484329885,89,3,0,18,0,19,Attack_InsiderSabotage,1
3,0.039711939792016704,0,0,5,4,27,0.03861768747638381,9.55339129965362,38,6,2,0,0,0,Benign,0
3,0.10173490690156682,0,0,0,5,31,0.0871369709456675,11.40067175320306,37,9,1,0,1,0,Benign,0
5,0.49954776454234645,2,1,0,9,5,0.064035182011179,0.5010631438138705,93,5,1,18,0,15,Attack_InsiderSabotage,1
1,0.02970458986189975,0,1,2,7,24,0.11956453128248919,6.845529361834059,51,11,2,0,1,0,Benign,0
1,0.010928843401658485,0,0,0,7,24,0.03007896436194978,4.132547879324355,42,13,2,0,0,0,Benign,0
1,0.1804950772997098,0,0,1,5,31,0.058529509484804315,6.463412607457714,43,7,5,0,0,0,Benign,0
1,0.023102183461867595,0,0,0,0,21,0.1219118560984678,1.5289714887608408,34,8,1,0,2,0,Benign,0
1,0.03186249164993027,0,0,1,5,20,0.02039313199236642,3.3348821091064527,42,12,0,0,1,0,Benign,0
1,0.028655599643387212,0,0,0,6,34,0.0778130408204914,1.10173392382994,50,9,3,0,0,0,Benign,0
1,0.0006059767676879086,1,0,0,3,25,0.029471577396771403,3.4999163653857734,42,9,1,0,1,1,Benign,0
1,0.030578356045911286,0,0,0,9,29,0.04201461804085542,1.0981904797150492,46,14,3,0,1,1,Benign,0
3,0.04759262341163753,0,0,0,11,25,0.19872603229365993,3.17826630145311,32,3,3,0,0,1,Benign,0
5,0.28994036919029853,2,1,0,9,5,0.3408540788221725,0.3126151469131323,81,7,0,19,0,17,Attack_InsiderSabotage,1
2,0.0012450476596914469,0,0,0,8,32,0.03610551293785171,1.5516494630722348,49,6,4,0,3,0,Benign,0
3,0.05269840217421112,1,0,2,10,28,0.29831376828834066,1.2725629485493017,41,13,4,0,2,0,Benign,0
1,0.8175109987738882,2,5,234,603,15,0.7432411522768324,80.3284691949957,28,7,197,2,45,1,Attack_DataExfiltration,1
1,0.030948967149323575,1,0,0,5,24,0.1253762849031165,0.6039756961267384,30,7,1,0,1,0,Benign,0
1,0.12342244010877368,0,1,1,10,33,0.0465071237791781,3.3029925947450045,42,12,2,0,1,1,Benign,0
3,0.0436285086053061,0,1,1,4,22,0.059048937752227165,6.553993885863496,43,12,3,0,2,0,Benign,0
1,0.040542379857850176,0,0,0,6,18,0.16979507505187894,7.244459054989973,41,6,0,0,1,0,Benign,0
1,0.006564588349337733,0,0,2,3,21,0.05950075204276105,10.440304310050225,36,11,0,0,0,1,Benign,0
2,0.03305676247233474,1,0,1,5,22,0.22496519014553185,4.758137195958231,31,10,1,0,2,0,Benign,0
1,0.018996795182434398,1,0,0,1,18,0.15231855645300535,1.297317435191525,40,13,2,0,1,0,Benign,0
3,0.715738300120531,3,4,234,612,11,0.7313582746164353,211.51921892212513,30,6,173,3,52,0,Attack_DataExfiltration,1
3,0.7902813392161331,4,3,252,555,18,0.8896335174146559,195.3164023070707,19,9,177,1,54,0,Attack_DataExfiltration,1
1,0.0875048838216544,0,0,0,3,30,0.050997989753322696,0.7532396766803577,47,10,1,0,0,1,Benign,0
1,0.010007204695707105,2,1,1,7,31,0.07463831784652658,0.09357407775593814,38,5,2,0,4,0,Benign,0
1,0.14218923894335006,0,1,0,4,22,0.14829314366756963,1.2866330920433322,32,10,4,0,5,0,Benign,0
1,0.044104152093063814,1,0,1,6,26,0.2770932802941054,8.115672377413237,44,8,4,0,2,0,Benign,0
1,0.20134479642065037,1,0,0,5,29,0.30068144963776916,3.980247117456294,37,11,1,0,2,0,Benign,0
1,0.013086656982355947,0,0,0,7,27,0.13842064157233627,2.3299738591134442,51,14,4,0,1,0,Benign,0
3,0.07591257864871549,1,0,0,2,28,0.27801937622898787,3.204049781622999,38,7,4,0,1,1,Benign,0
1,0.00757957823298582,0,0,1,8,33,0.229807491455756,1.1632981655625385,31,11,3,0,1,0,Benign,0
3,0.9661394975635939,5,5,218,607,18,0.8220484684411152,157.8178229734203,31,9,185,1,46,2,Attack_DataExfiltration,1
1,0.04137909359227241,1,0,1,6,28,0.081476631379524,4.675510932233604,50,12,2,1,1,0,Benign,0
1,0.010590566684959548,0,1,0,1,29,0.06302390544380712,3.484810207244468,39,6,0,0,0,0,Benign,0
3,0.04096700856335603,0,1,0,8,20,0.10680223457902528,1.0403385639168166,32,8,2,0,0,0,Benign,0
1,0.027478758193334056,0,0,1,2,23,0.26753143197830703,0.2569823845259486,45,4,2,0,1,0,Benign,0
3,0.010524268980902378,2,0,0,4,30,0.1188285558472476,3.230095801018336,45,7,2,0,2,1,Benign,0
2,0.05947295692781926,0,0,0,6,18,0.20986295123492868,4.033164655779119,50,15,1,0,1,0,Benign,0
1,0.012017087685344369,1,2,1,4,28,0.05122949972938184,2.9322882292552626,36,8,3,0,1,0,Benign,0
1,0.0898313772163572,0,0,1,7,29,0.28699828943406847,4.572382269441032,46,16,3,0,0,0,Benign,0
7,0.2229620718834094,5,0,0,14,9,0.14701599644632707,1.859833770566722,86,5,2,14,0,18,Attack_InsiderSabotage,1
1,0.024054325007893618,0,1,0,3,39,0.05167837491583628,3.1439624843256957,38,6,3,0,1,0,Benign,0
1,0.010903114592133034,1,0,1,3,16,0.1203689529193076,3.124617892079282,50,11,3,0,1,1,Benign,0
4,0.051489455477147054,0,0,0,3,26,0.0903916295490274,5.125711589860166,39,11,4,0,0,0,Benign,0
2,0.09953996353777066,1,0,1,7,36,0.013540664842361093,2.2925052581078074,43,14,3,0,1,1,Benign,0
1,0.03578859855235588,0,0,2,3,25,0.12178430491290743,5.62692025552248,41,8,1,0,1,0,Benign,0
1,0.08079162434847363,0,0,0,4,25,0.10413477144027433,0.7500070349285778,43,6,2,0,0,0,Benign,0
2,0.012328949948767435,1,0,1,12,24,0.27789301568710784,5.328026984522996,45,9,1,0,1,0,Benign,0
1,0.05034188226410863,0,0,0,4,30,0.337839870755708,2.130321664424592,56,11,2,0,0,2,Benign,0
3,0.013267889441941934,0,0,0,3,21,0.1524963087068419,0.8436543446262096,24,14,2,1,0,0,Benign,0
2,0.0076210013049628576,0,0,1,11,25,0.29431226694279033,1.3404693531601108,36,6,0,0,1,1,Benign,0
1,0.06297321587149002,1,0,0,1,20,0.0978721949638221,5.346477256412984,43,14,2,0,1,0,Benign,0
1,0.06615242778779885,0,0,1,5,22,0.15315288896507115,2.9741335516430487,35,9,2,0,1,1,Benign,0
3,0.006902352665564425,0,0,1,4,15,0.08558716782099147,0.7181750033456514,58,8,5,0,0,0,Benign,0
1,0.028219804565993656,0,0,0,3,27,0.09543526860916761,6.498197669396492,44,23,1,0,2,0,Benign,0
3,0.020726162275798387,0,0,1,6,21,0.17557433296352973,1.3618883324218662,24,16,3,0,0,0,Benign,0
1,0.08160754391535477,0,1,1,7,30,0.16836741465234298,4.22973389596552,50,14,1,0,1,1,Benign,0
1,0.034483138776745435,1,0,1,5,15,0.10977635204753428,5.645578943396591,34,9,0,0,1,0,Benign,0
2,0.7366750612023094,6,1,0,14,4,0.04659153902855117,3.862355585351476,112,7,0,12,0,19,Attack_InsiderSabotage,1
3,0.12977258862176838,0,1,0,7,22,0.13215358662535243,5.682883344605468,29,3,4,0,1,0,Benign,0
3,0.046479906027226216,1,1,0,5,25,0.03626063218386306,1.4458251599616052,38,11,1,0,1,1,Benign,0
1,0.008584477054421549,0,0,1,5,29,0.21411956654505446,9.60792695767655,40,7,0,0,1,0,Benign,0
1,0.004899429508225382,0,0,0,6,23,0.17450178463896718,2.349523746573337,47,7,3,2,0,0,Benign,0
1,0.022820532568993784,0,0,0,3,17,0.06668386929671961,5.352536734088288,32,18,2,0,0,0,Benign,0
3,0.06520885472892485,0,1,0,1,24,0.2114688254344066,4.503884020215623,35,12,2,0,0,0,Benign,0
1,0.03943596945327838,0,1,0,5,28,0.21475276824810405,14.899954329039314,46,15,3,0,1,0,Benign,0
2,0.026936067340833213,0,0,0,2,21,0.17349198517820766,4.465157359892214,29,8,5,0,2,1,Benign,0
1,0.05483977751771533,0,0,1,3,12,0.17992733304443614,0.7919034712241425,32,7,4,0,2,1,Benign,0
4,0.16003488237269198,0,1,1,3,31,0.10891904128017757,0.5109446208011492,29,17,3,0,3,0,Benign,0
2,0.0143856179953934,0,0,0,2,16,0.14594065482953145,4.7065255194449325,45,16,2,0,2,0,Benign,0
1,0.056521656950698974,2,0,1,6,30,0.1482879609613946,6.9658289187355065,43,9,1,0,3,0,Benign,0
1,0.02648281606713516,0,0,0,5,30,0.13531116066492016,1.4910824057975525,30,13,2,0,0,0,Benign,0
1,0.04015425621635122,0,0,0,4,32,0.06630267343708657,9.09084078771635,34,13,1,0,0,1,Benign,0
1,0.005104606588736997,1,1,0,6,22,0.2195547812076082,4.7653720635203864,36,13,2,0,1,0,Benign,0
2,0.05149520012087383,0,0,0,5,19,0.09212143329038106,3.357322905988277,40,13,0,0,0,0,Benign,0
1,0.0016420168481900241,0,0,0,3,27,0.10385983096496275,3.4198433144386873,50,6,2,0,3,0,Benign,0
2,0.08848693825748037,1,0,0,3,24,0.1377867979434956,4.876737587675329,36,9,1,0,2,0,Benign,0
5,0.9170449543398065,3,8,212,600,23,0.8485481199057615,118.90868065147455,11,2,164,1,42,1,Attack_DataExfiltration,1
3,0.050076915732466046,0,0,0,8,32,0.0885430863330863,25.6378471236364,45,5,3,0,1,0,Benign,0
3,0.001970882380165671,0,0,0,1,20,0.16290008515284132,5.332425645748657,41,13,3,0,1,1,Benign,0
1,0.0031179206267431857,0,0,0,8,26,0.24024978598156613,6.211620718729588,36,12,4,0,0,0,Benign,0
2,0.10219172988406165,0,0,1,7,24,0.1473181564998732,9.873500084915948,40,10,2,0,1,0,Benign,0
1,0.05304279865259224,0,0,0,9,21,0.17094746559629811,7.327683568665245,34,12,2,0,1,0,Benign,0
1,0.08286514062559956,1,1,1,7,27,0.21378074207818,18.53260472330101,47,16,3,0,2,0,Benign,0
1,0.05302545374419812,0,1,0,5,29,0.24505516238192018,2.655652392193407,34,7,1,0,1,0,Benign,0
1,0.04667418319461206,0,0,0,4,26,0.19701980806262745,1.6949874690277094,40,12,0,0,0,1,Benign,0
2,0.060123469048173166,1,0,0,8,22,0.1731808127927086,0.6801507684174625,44,8,2,1,0,1,Benign,0
3,0.6253223609052345,6,9,264,625,13,0.8505546146765389,88.62461313265545,25,4,167,0,46,0,Attack_DataExfiltration,1
2,0.03293540676940078,0,0,0,2,26,0.09605984785042843,1.108811330655772,26,9,2,0,1,1,Benign,0
1,0.13343610782190019,0,1,0,5,15,0.2593770323475604,5.8609157779376995,48,13,2,0,3,0,Benign,0
2,0.00635413570455528,1,1,0,8,25,0.16263909328454235,2.431645373461111,44,6,4,1,1,0,Benign,0
3,0.06588825770671601,0,1,1,2,25,0.28895929999150854,1.5105648208454403,37,4,0,0,0,0,Benign,0
4,0.049295413549236694,0,1,0,5,29,0.24515034151480303,1.8325215438123694,50,13,3,0,1,0,Benign,0
2,0.027544349664953876,0,0,1,4,25,0.16070091071475562,6.8822704082916815,36,8,1,0,1,1,Benign,0
1,0.0025244858430457156,0,1,1,5,26,0.18332753499805624,2.399402005266259,38,9,1,0,0,0,Benign,0
1,0.9618637746892528,8,7,256,544,13,0.9824262554141742,140.34136755957664,27,10,189,0,35,1,Attack_DataExfiltration,1
3,0.013439378502008043,0,0,1,8,22,0.060655243179828816,1.0996200219803363,36,15,1,0,0,0,Benign,0
2,0.3169132386551264,4,0,0,8,1,0.18461711504030678,0.6300928752366408,99,1,1,11,0,18,Attack_InsiderSabotage,1
1,0.028408121470970427,0,1,0,8,27,0.4684566398800556,0.4300056399140391,50,11,1,0,1,0,Benign,0
1,0.07499242614980144,0,0,0,3,22,0.23958900796995855,5.799866728139904,36,8,5,0,1,0,Benign,0
1,0.05045638525560757,0,2,1,3,36,0.0685753449471299,15.539067535187453,43,6,3,0,3,0,Benign,0
1,0.048344715063344326,0,0,1,3,32,0.014551503871028437,7.16089213789116,36,8,1,0,0,1,Benign,0
1,0.002036243158975636,0,0,0,2,17,0.13717415050210044,3.5053435506267006,27,8,3,0,0,1,Benign,0
2,0.004349390469505947,0,0,0,4,26,0.2336498181798811,10.281102164842803,42,6,1,0,1,0,Benign,0
3,0.011493550906794124,1,0,1,9,30,0.3019020399514798,0.7507681933574102,37,10,3,0,1,0,Benign,0
3,0.6031193024222036,4,4,252,610,11,0.7021334922873135,111.80833676093798,18,8,161,0,54,1,Attack_DataExfiltration,1
1,0.016028712162316668,0,0,1,3,27,0.16761007942084163,2.1331921797035585,24,9,2,0,1,1,Benign,0
1,0.09343242715081657,0,0,0,6,26,0.22868909269990695,1.3120897253282502,35,10,2,0,3,1,Benign,0
2,0.06333927411139281,0,1,0,7,19,0.17472317747806104,3.499207054995698,45,13,0,0,1,0,Benign,0
1,0.019674665938118743,0,1,1,4,23,0.18209826928813033,0.39883421668919866,37,9,4,0,1,0,Benign,0
2,0.0010433835337366327,0,0,1,6,20,0.18682003210115894,2.76552745493423,39,11,3,0,2,0,Benign,0
4,0.0875863426089949,0,0,1,4,32,0.10955055901384692,0.343201066249196,38,7,5,0,1,0,Benign,0
3,0.09519826283051443,1,0,0,6,21,0.20937915870561907,1.0513882456252355,33,9,2,0,1,0,Benign,0
3,0.0627693433003789,1,1,0,6,21,0.0028596088503637413,2.420642645497658,44,8,3,0,1,1,Benign,0
2,0.009786277575465656,0,0,0,6,20,0.38012730960304314,2.8831018117342144,42,10,2,0,0,0,Benign,0
1,0.06995634094004347,0,1,1,4,25,0.3591218749379655,3.3807645467072316,35,11,1,0,0,1,Benign,0
3,0.04669115031736032,0,0,0,5,23,0.3112013484471247,2.680264979771398,51,9,3,0,0,0,Benign,0
2,0.0035208877828286906,0,0,0,4,20,0.4523953735812682,0.18823461857382498,46,10,0,0,3,0,Benign,0
1,0.007159597240674477,0,0,0,2,29,0.08921138904764633,2.559838592890343,40,13,1,0,1,1,Benign,0
1,0.012842167612003116,0,1,0,6,21,0.2800281765676801,0.9235272165114927,43,10,1,1,0,1,Benign,0
3,0.1110366806018536,0,0,1,5,23,0.04615263718413868,8.780691765410838,42,10,6,0,2,1,Benign,0
1,0.0033377117255229795,1,0,0,2,24,0.14415112276971928,0.2770083041185464,48,11,2,0,3,0,Benign,0
1,0.8955509529857008,11,9,248,576,13,0.789687334788639,131.4919839302422,14,7,148,1,54,0,Attack_DataExfiltration,1
2,0.036392914309744714,0,0,0,7,29,0.17546324057081808,7.056727051125527,38,8,1,0,0,1,Benign,0
1,0.020010215078731065,1,0,1,4,16,0.10560121843982435,0.9751811572312152,46,13,2,0,1,0,Benign,0
1,1.311204024742883e-05,0,1,0,10,26,0.21129274520292876,11.371565863181672,37,14,2,0,0,1,Benign,0
1,0.011336129518291316,0,1,0,7,33,0.07895491141518321,0.5641196145182076,29,12,3,0,1,0,Benign,0
1,0.04036438688984613,0,0,0,3,27,0.21021269863063585,2.3268909856925872,41,10,2,0,0,1,Benign,0
2,0.07159031238453677,0,2,0,5,27,0.34226775439095736,4.47921915020701,51,12,3,1,2,0,Benign,0
2,0.028650059705284333,0,0,0,7,26,0.005928237176507032,1.423235052286435,45,16,0,0,3,0,Benign,0
2,0.01256389464095489,0,1,1,10,16,0.044508518483405736,3.0184069281936505,43,9,1,0,1,0,Benign,0
1,0.04353397502341996,0,0,1,4,23,0.2542601779717653,6.750153182043252,44,6,2,0,0,0,Benign,0
1,0.02448050243216298,0,1,1,4,18,0.20037645787780836,0.7515488807881425,48,6,1,0,0,0,Benign,0
3,0.035474258365814824,0,0,1,3,27,0.02097034602533837,1.8752247281680345,37,9,5,0,0,0,Benign,0
1,0.10386145273500869,2,0,1,6,23,0.06141645022358482,13.676293208470206,42,10,2,0,0,0,Benign,0
2,0.11476251411401567,0,0,1,2,21,0.17509616836596525,15.772238278153083,39,12,2,0,0,0,Benign,0
1,0.17242822115851394,0,0,0,6,35,0.2835216988478018,2.7413193451877667,42,8,3,0,1,0,Benign,0
3,0.5912437942959353,8,3,245,578,8,0.7279064710874138,82.11648218953398,25,3,151,1,49,1,Attack_DataExfiltration,1
4,0.5096080233648068,1,3,0,12,4,0.016683080754456903,1.609889105201136,102,4,2,15,0,23,Attack_InsiderSabotage,1
1,0.01610676514436876,0,0,0,3,28,0.13709480069160734,2.0583786781922533,36,14,2,0,0,0,Benign,0
1,0.11613616741311622,0,0,0,3,26,0.15224197377565124,1.2221236819416494,31,11,0,1,0,1,Benign,0
4,0.0330827758310521,0,0,0,6,24,0.09261658579330366,0.39755285923466277,35,6,2,0,1,0,Benign,0
2,0.01994872403483715,2,0,1,5,20,0.23665558551121066,2.2287813206827334,43,4,2,0,0,0,Benign,0
3,0.04751518684456241,1,1,0,2,26,0.20242624148923297,4.302869310190858,33,10,3,0,0,0,Benign,0
1,0.003885049810303518,0,0,0,4,19,0.07954563852482448,6.624079620419026,35,7,0,0,0,0,Benign,0
1,0.06687478655140724,0,1,0,5,27,0.4529679916309974,0.4053981899874394,37,15,4,0,0,0,Benign,0
12,0.6443135181294267,3,0,0,16,5,0.3370039619981913,1.5196486571624408,98,10,2,15,0,17,Attack_InsiderSabotage,1
1,0.015088592046481287,0,0,1,3,35,0.11924118444532582,2.7957649114427374,34,7,0,0,0,0,Benign,0
1,0.009727758788554145,0,0,0,2,30,0.11516432241593061,6.542558746513858,41,13,1,0,2,0,Benign,0
2,0.10865072807925706,0,0,0,4,23,0.07904056292626115,6.128605349132262,34,10,1,0,0,1,Benign,0
1,0.053895113505280194,1,0,1,2,24,0.04144939595267911,2.4580723124638966,43,10,4,0,2,0,Benign,0
1,0.011609828516096737,0,0,0,8,25,0.13051411933411686,9.469185989010093,46,14,3,0,0,0,Benign,0
1,0.061567333356932014,0,0,0,3,17,0.17082312909818195,5.204131390302128,48,11,3,0,0,0,Benign,0
3,0.05082590540805382,0,0,0,5,27,0.16870582866102607,4.002676337511567,46,8,1,1,0,0,Benign,0
1,0.06476265246710747,0,0,0,2,29,0.15644592212492267,11.604103955286053,28,10,4,0,0,0,Benign,0
1,0.0017370572793371521,1,0,0,4,27,0.027126995113144915,1.899191508791174,39,5,1,0,0,0,Benign,0
5,0.47937877528821954,2,1,0,10,8,0.03569685741713898,3.153399708093469,105,5,1,13,0,22,Attack_InsiderSabotage,1
1,0.05277729849374662,0,0,0,13,29,0.31571445270307197,1.5076141254649762,34,11,2,0,0,1,Benign,0
1,0.05116055532818665,2,1,0,4,29,0.30692842326913333,0.8872630863514706,30,13,3,0,0,1,Benign,0
2,0.00021655887016023076,0,0,0,10,18,0.0873918672657115,2.72804411114505,31,13,5,0,1,0,Benign,0
2,0.03585935370904862,0,0,0,2,30,0.04836655894927915,0.8928172562294008,38,10,1,0,3,0,Benign,0
3,0.17915222732537503,0,0,0,5,25,0.11550909973455231,1.5261922732491893,50,8,3,0,3,0,Benign,0
1,0.00030690063170980955,0,0,0,8,22,0.0879488819430813,3.005260373496713,35,14,1,0,2,1,Benign,0
1,0.0068665648019372695,1,0,0,10,26,0.4244179474790952,7.296320659667078,45,5,3,0,2,0,Benign,0
1,0.015568929024233734,0,0,0,7,18,0.2643499738937929,3.616750293625138,33,12,2,0,2,1,Benign,0
1,0.08470129994263081,0,0,0,1,23,0.16484659412468497,1.9396740547680524,39,10,5,0,3,0,Benign,0
1,0.02515548273050047,0,0,1,6,25,0.03403483920187293,1.0938437906896907,44,8,4,0,2,0,Benign,0
2,0.06110928947135048,0,0,0,5,20,0.12778078710175772,7.424914186273154,43,8,4,0,2,0,Benign,0
1,0.011165138339000458,0,0,0,3,31,0.14379837603398138,12.412118896027234,52,10,1,0,0,1,Benign,0
1,0.011416413107089497,0,0,0,9,34,0.03957917950485835,1.0436127622064277,51,10,1,0,0,0,Benign,0
1,0.04203962555021504,0,0,2,4,20,0.06803751559853252,5.363770141134036,40,9,3,0,1,0,Benign,0
2,0.0356561511555179,0,0,2,7,26,0.13309763267562638,2.855573995423541,34,12,1,0,1,1,Benign,0
2,0.0037126290279728994,1,0,0,5,28,0.14905738242258382,0.9935389374590504,36,4,5,0,0,1,Benign,0
3,0.014118420766724657,0,0,0,5,14,0.06515630659787955,3.4754900901962267,43,6,2,0,2,1,Benign,0
2,0.028158332016628103,1,0,0,5,36,0.058624784609286516,5.083743993341844,38,12,2,0,2,0,Benign,0
1,0.043705056104342346,0,0,1,5,23,0.24624317103851243,2.675719512366706,41,9,2,0,1,1,Benign,0
3,0.1320913688824005,1,1,0,9,20,0.1352851679717965,0.43358373058352445,37,8,2,0,0,1,Benign,0
2,0.5791135112544651,5,0,0,13,3,0.08695544249975501,0.36916749812890465,99,5,2,15,0,13,Attack_InsiderSabotage,1
1,0.021114655239649918,0,1,0,7,30,0.26832186196736435,1.299302206324096,42,11,0,0,1,1,Benign,0
2,0.07152077131679768,0,0,0,8,24,0.052134745094309494,9.816357452479325,45,9,2,0,1,0,Benign,0
1,0.006550420623519576,0,0,1,6,21,0.06231143404078589,10.7502735907374,41,18,6,0,1,0,Benign,0
1,0.08223174759180679,0,2,0,5,29,0.11168009092991094,5.2633751502275175,43,9,1,0,0,0,Benign,0
2,0.02812238101551996,0,0,1,2,24,0.1473960979897559,4.137164575284827,32,13,0,0,0,0,Benign,0
1,0.03540212108080487,0,1,0,9,28,0.24452213226856184,4.574856720738792,41,10,1,0,1,0,Benign,0
2,0.01059907629280681,0,0,1,2,25,0.04473064658100697,2.058659443894565,38,6,3,0,0,1,Benign,0
1,0.9673668182348536,7,4,268,601,4,0.7585640503047233,281.0850990535275,21,12,166,1,51,2,Attack_DataExfiltration,1
1,0.8813107605244939,4,7,228,617,19,0.6103132514365879,101.0441705988747,24,3,197,1,51,0,Attack_DataExfiltration,1
1,0.06445198557930629,0,1,0,7,16,0.31538572996314884,7.977453395175022,30,13,2,0,0,1,Benign,0
1,0.004563128793762314,0,1,0,6,23,0.03948566969907182,2.920767319344553,41,9,0,0,1,0,Benign,0
1,0.021541442129711593,1,0,0,3,24,0.020422949454323658,0.5273962203026167,51,14,2,0,2,0,Benign,0
5,0.01991570075313055,0,0,0,6,26,0.08763238779883432,1.180702183734109,40,19,3,0,4,0,Benign,0
1,0.058692241770397065,0,0,2,6,26,0.021063172056279885,3.1583368520827135,37,7,1,0,1,0,Benign,0
4,0.40543798791095964,3,0,0,8,3,0.05404454511444559,0.6373054942236592,95,4,2,10,0,20,Attack_InsiderSabotage,1
1,0.039424873741872986,0,0,1,5,26,0.0942351020871113,2.192379564543932,38,14,2,0,3,0,Benign,0
1,0.07419235123717179,2,0,0,5,27,0.18244048126571027,1.168910232539076,44,13,2,1,1,1,Benign,0
1,0.10290059624103202,1,0,0,3,32,0.22088562258712216,4.7573054123699725,49,7,0,0,1,0,Benign,0
3,0.09277598209572742,1,1,0,9,25,0.3425799428191889,1.8102837080335916,42,11,1,0,1,0,Benign,0
1,0.060396367245786606,2,0,0,5,29,0.1461308854707196,3.0811264981597337,44,9,3,0,1,1,Benign,0
5,0.04138781345378924,0,0,0,11,22,0.056941615873374304,2.5265325029336494,39,9,2,0,1,1,Benign,0
2,0.01204871372407648,0,0,0,1,26,0.16897812579988739,1.2347376220935704,28,4,4,0,2,0,Benign,0
1,0.07986091169645142,0,0,1,5,29,0.11078040447872639,6.934675438722959,36,6,1,0,3,1,Benign,0
1,0.016070264971140034,0,0,0,4,20,0.11869804772650804,1.755773756583949,49,11,1,0,0,1,Benign,0
1,0.0011190341609137622,0,0,0,6,35,0.11238552902945868,1.1788034545190098,43,8,1,0,3,0,Benign,0
3,0.012881604358144852,0,1,0,5,18,0.11090615056778533,2.6143639604771525,46,11,0,0,0,0,Benign,0
1,0.07238936570676577,0,0,1,4,23,0.1793418488834176,2.0568140534907253,45,8,1,0,1,1,Benign,0
6,0.12952598895486875,0,3,0,9,5,0.13019745764192356,3.8818150678881325,105,3,0,14,0,19,Attack_InsiderSabotage,1
2,0.01701720829827446,0,1,0,6,24,0.32238110075873205,1.3859621656557775,34,14,1,0,0,0,Benign,0
2,0.0181418111769753,0,0,0,9,23,0.08419094167703235,1.9824106508611743,38,8,0,2,3,0,Benign,0
3,0.026979649190088256,0,2,1,7,30,0.07569469349977243,7.260394134031667,41,9,5,0,1,0,Benign,0
4,0.054433351274871505,1,0,2,4,25,0.030177343287119834,1.4369998828995174,35,10,1,0,1,1,Benign,0
3,0.04707184751821345,0,0,1,5,30,0.06845222991558278,14.207390557331994,45,5,1,0,0,0,Benign,0
1,0.05887703357182722,0,0,0,7,32,0.04971566172585149,0.31380057188161803,39,8,1,1,0,0,Benign,0
4,0.09735546661235356,0,0,0,2,24,0.04012427333733316,1.174272515866257,36,16,2,0,1,1,Benign,0
3,0.07078859875430392,0,1,0,7,26,0.21641756663212874,1.525861636119458,43,14,1,0,2,1,Benign,0
1,0.02782747791076843,0,1,1,8,37,0.19683161434408725,97.88446602712347,37,11,3,0,1,0,Benign,0
4,0.0032349079205112145,0,1,0,6,25,0.2250766356214185,1.5397603471034553,28,10,1,0,1,0,Benign,0
3,0.5134908740268629,3,5,274,572,20,0.9349988805937519,260.5567566715163,13,5,177,0,49,0,Attack_DataExfiltration,1
2,0.00830276633586209,0,0,0,4,31,0.23238346045158767,0.982916106598169,41,6,0,0,2,1,Benign,0
1,0.022288773147022937,1,0,0,8,23,0.0752346050996042,6.399539332232963,39,13,3,0,0,0,Benign,0
3,0.7364783735367765,4,0,0,11,6,0.06926876702889054,0.5334038758813953,83,6,0,15,0,20,Attack_InsiderSabotage,1
2,0.007897639104256783,0,0,0,6,29,0.08809376440129603,2.633484855064143,46,7,4,0,0,0,Benign,0
1,0.06388612779632061,0,0,0,2,24,0.11917502403363027,20.069936266854327,40,6,3,1,0,0,Benign,0
6,0.9047545296797254,1,1,0,9,3,0.118407925665571,0.8000215639939485,120,6,2,11,0,19,Attack_InsiderSabotage,1
1,0.04024592281190898,0,0,0,4,23,0.04842450474096718,0.9791772110656749,43,9,4,0,0,0,Benign,0
2,0.017878510057425648,2,1,1,3,24,0.2539533037668056,2.2792126789905676,32,7,1,0,1,0,Benign,0
1,0.030286223421970723,0,0,1,2,24,0.22521516993115817,3.687694236150447,49,14,2,0,1,1,Benign,0
1,0.11627999926959189,0,0,1,5,17,0.2762226704712861,9.233765361676213,45,10,3,0,0,0,Benign,0
1,0.012086614730091472,0,0,0,5,27,0.08757956481094556,2.9561087007521976,41,10,0,0,0,1,Benign,0
3,0.023303307541126413,0,1,1,6,25,0.1537710874503925,16.071570585639506,46,11,2,0,1,0,Benign,0
5,0.40989340792942225,3,0,0,13,4,0.04738811925631707,0.5486207756464243,122,3,0,14,0,16,Attack_InsiderSabotage,1
2,0.06372154934967457,0,1,1,3,20,0.31643264832339896,1.093006624882221,45,10,3,0,1,0,Benign,0
3,0.08014777069246941,1,0,0,2,25,0.4100658439256917,5.008268851597239,45,11,0,0,5,0,Benign,0
1,0.009325515329402503,0,0,1,5,18,0.10640971232451531,0.33387147264112327,47,7,4,0,1,1,Benign,0
2,0.07908955811478594,0,1,0,4,19,0.18006594494342631,3.422485651046883,25,10,2,1,0,0,Benign,0
1,0.04370099454548183,0,0,0,7,20,0.0953155033544748,16.42543327926907,41,10,3,0,0,0,Benign,0
2,0.019424680868652847,0,0,0,5,22,0.27252233121622516,2.4716976896071423,26,12,2,1,3,0,Benign,0
1,0.010924205322963954,1,0,0,3,33,0.12273198404926704,11.268083723492415,41,5,1,0,3,0,Benign,0
1,0.005828228714349475,0,0,0,4,11,0.10353972502685875,14.04520067180058,52,7,3,0,1,0,Benign,0
1,0.6749801289367248,5,6,263,634,16,0.5832031146159369,191.32761392275364,26,7,188,0,48,1,Attack_DataExfiltration,1
5,0.1500029875837302,2,1,0,17,6,0.07273403166505488,1.2209293956780574,84,4,0,17,0,20,Attack_InsiderSabotage,1
1,0.022287825206528167,0,1,0,7,28,0.2575946883647562,9.054733031198086,40,9,3,0,2,0,Benign,0
1,0.022001528729195908,0,0,1,5,22,0.4309989221041244,2.732926530812778,34,8,4,0,2,0,Benign,0
1,0.01197460460422326,0,1,0,5,21,0.29912665149449036,0.9570628853934849,43,11,2,0,1,0,Benign,0
3,0.2179917378092416,5,7,241,588,14,0.9427718775901934,397.29390324113723,18,4,190,0,44,0,Attack_DataExfiltration,1
1,0.06036763806443802,0,0,0,5,24,0.2616316754452256,2.5838067631647474,27,7,2,0,0,0,Benign,0
2,0.00518311856537004,0,0,3,5,22,0.23390088098559011,4.581153486194582,40,8,1,0,0,1,Benign,0
2,0.08505991374634232,1,1,0,6,24,0.12498784209703144,1.3438695791989101,36,10,2,0,1,0,Benign,0
1,0.0289921179336948,1,0,1,5,29,0.20804684181876001,3.407421283656937,43,12,0,0,3,1,Benign,0
2,0.00034195375868310975,0,0,1,6,23,0.19610733365848043,1.703311971651065,34,7,3,0,0,0,Benign,0
2,0.6927515112704831,4,4,263,597,15,0.9187595563145,112.51059940226976,17,6,186,4,46,0,Attack_DataExfiltration,1
7,0.3736671728106563,4,0,0,8,3,0.0682753052414123,7.271294428544108,93,4,2,15,0,13,Attack_InsiderSabotage,1
4,0.06398776560630577,0,1,0,6,22,0.1748998691777963,1.5986002477650847,32,13,2,0,2,1,Benign,0
1,0.12980778072551746,0,1,1,5,33,0.12415532309243393,2.506577403668672,44,9,3,0,0,1,Benign,0
1,0.028317853454091158,0,1,1,6,24,0.2057622013790424,0.561592378456082,37,7,2,0,1,1,Benign,0
1,0.018565314891301303,0,0,0,5,19,0.055075351566420475,3.298267523185096,44,4,2,0,0,0,Benign,0
3,0.4396882545042239,3,0,0,8,2,0.0024816651457596917,0.94306166647893,109,5,0,10,0,14,Attack_InsiderSabotage,1
1,0.04180900698140193,0,0,2,8,21,0.11388263810720027,2.3181179866869033,33,5,1,0,2,0,Benign,0
1,0.006761374433957163,1,0,1,1,30,0.10798405489046492,0.4252332602293953,29,8,2,0,4,0,Benign,0
1,0.0791329234583681,0,0,2,7,35,0.13268529311257618,4.413112206200308,36,7,1,1,0,0,Benign,0
4,0.6607267938471308,3,5,255,592,10,0.7759222804767185,100.76265757110882,18,2,182,0,54,0,Attack_DataExfiltration,1
2,0.011345665888697795,0,0,0,2,25,0.16333940126852475,11.59745853365155,32,9,2,0,0,0,Benign,0
1,0.012758798678143638,1,0,0,9,31,0.05532177514961803,1.9222031960447585,42,10,2,0,1,1,Benign,0
2,0.03852147955555325,0,0,0,7,23,0.41476678991432997,1.6427327764494626,44,8,1,0,2,0,Benign,0
1,0.013354564228235145,0,0,1,9,30,0.11716708408267754,23.886825072443084,41,12,5,1,0,0,Benign,0
1,0.12777711145285123,0,0,1,8,26,0.10065269078868623,16.396501837702665,34,5,2,0,0,0,Benign,0
2,0.01591919703333244,1,0,1,7,25,0.327713481944383,3.645970319766625,40,16,1,0,0,0,Benign,0
1,0.006695786699235864,1,1,1,5,30,0.3382958983714747,1.769079953083879,44,14,3,0,1,0,Benign,0
2,0.0024686019647836596,0,0,1,4,21,0.09121130890465384,1.460118982553936,33,11,3,0,1,0,Benign,0
2,0.027715690686707522,0,0,1,4,20,0.12018025971745885,1.5241226333855074,48,8,3,0,1,1,Benign,0
2,0.008919056420357679,1,1,2,5,27,0.16222766358315494,9.880883735369967,39,10,1,0,0,0,Benign,0
1,0.7894613405891514,8,3,236,641,18,0.8219702510385701,165.19040991020722,24,7,195,2,41,2,Attack_DataExfiltration,1
3,0.058643697358375046,0,1,1,4,23,0.20577302078803866,0.5449014045565285,45,14,4,0,2,0,Benign,0
4,0.5669572657395495,3,0,0,6,7,0.20713136233810053,0.7412174174881899,98,2,0,17,0,19,Attack_InsiderSabotage,1
1,0.01712090064007526,0,0,0,7,20,0.04341868947160195,0.9449180372533105,35,16,5,0,2,0,Benign,0
1,0.02028092393263275,1,0,0,8,32,0.24363404592046814,1.025679640998188,40,9,2,0,0,1,Benign,0
1,0.020164362226537377,0,0,0,5,18,0.08477874802269358,2.8734216027807444,41,10,3,0,1,0,Benign,0
1,0.009409963126339415,1,0,0,6,21,0.3077495536566769,0.4980792756747181,37,13,1,0,0,0,Benign,0
1,0.13106862024162066,0,0,1,6,27,0.25391867931601525,3.1665471487091925,37,12,1,0,0,0,Benign,0
2,0.07582908314343069,1,0,0,7,22,0.2020683292846419,2.697133349835212,54,9,2,0,1,0,Benign,0
1,0.04417664342488857,1,0,0,6,18,0.05668103170540427,2.3147065455560947,38,8,2,0,0,0,Benign,0
1,0.04299749660680262,0,0,0,3,25,0.2724527340044712,20.299545373578304,39,11,2,0,1,0,Benign,0
1,0.01980719712112538,1,0,0,3,20,0.13829843101655412,6.435601649933711,41,11,2,0,0,0,Benign,0
1,0.006806347839213171,0,0,1,4,29,0.1506726889835198,0.7100556830104038,36,11,1,0,1,0,Benign,0
1,0.11608777301435527,0,0,1,5,25,0.21819432793670826,6.558812927550965,38,15,0,0,2,0,Benign,0
1,0.00801017368013593,0,0,0,9,25,0.10461044597251941,1.8530075256117167,40,9,1,0,2,0,Benign,0
1,0.07059173945812883,0,1,1,3,18,0.29640469980298134,0.41296277502961454,45,12,3,0,1,1,Benign,0
1,0.004396634268226056,1,0,2,4,25,0.04839989991818773,2.119054322370475,38,7,3,0,2,0,Benign,0
3,4.421915575354786e-05,0,0,0,3,30,0.3980028990432697,0.9321252112707908,44,14,1,0,2,0,Benign,0
2,0.03652346973253233,0,0,1,2,21,0.1293296747611303,1.8782992151831164,49,12,4,0,1,1,Benign,0
1,0.014972563105993347,0,0,0,3,24,0.19482935559438155,4.566195450899956,44,15,0,0,0,1,Benign,0
2,0.0498826245311188,1,0,0,7,22,0.17234444329487975,1.2523445006810905,40,14,2,0,1,0,Benign,0
3,0.01851276779965682,0,0,0,3,21,0.36672309157507194,1.7069632530650336,31,7,2,0,0,0,Benign,0
1,0.03238074425822982,0,0,0,3,17,0.012166049761690565,5.3032109315747045,37,15,1,0,2,0,Benign,0
1,0.033195400291134956,0,0,0,8,21,0.1632210084027753,0.22432045441825987,39,13,1,0,1,0,Benign,0
1,0.06593018288622957,0,0,0,3,20,0.14536813185101935,1.9611911552323513,49,7,3,0,1,1,Benign,0
3,0.040859050633110384,0,0,2,5,28,0.1106939212569345,1.7649827778954308,48,17,0,0,2,0,Benign,0
2,0.06723210315837957,2,2,1,4,23,0.1503890911147488,4.951088637986097,43,6,5,0,3,0,Benign,0
1,0.01415018162951514,0,0,0,3,20,0.18149325277742545,5.214676911573892,47,11,2,0,1,0,Benign,0
1,0.9521981378461243,7,10,250,604,12,0.5007779596575228,69.25265485194936,23,3,168,0,44,0,Attack_DataExfiltration,1
1,0.002649898985675663,0,0,0,5,19,0.1244010101701723,5.3902403742520075,47,12,2,0,0,0,Benign,0
1,0.042964424915683974,0,0,0,3,23,0.4527985972152905,8.696841358771767,34,12,2,0,1,1,Benign,0
3,0.011155816663849938,0,0,1,4,20,0.03489554189554364,3.1446518630938116,36,7,5,0,1,0,Benign,0
1,0.0027058026037023054,0,0,0,2,24,0.3029961932247871,1.3664184637327097,41,7,1,0,1,0,Benign,0
2,0.0879628807211899,0,0,1,3,34,0.0863200899528737,14.149093576045289,34,12,3,0,1,0,Benign,0
1,0.06636958485777346,1,2,0,3,33,0.39996716623069345,1.5146462846477304,44,15,1,0,0,0,Benign,0
1,0.3223882135514302,1,0,0,1,33,0.16814514092053878,3.8494620355208826,33,16,1,0,1,0,Benign,0
2,0.05008290952050987,0,0,0,6,28,0.11889050972373931,1.9968067685232596,43,6,0,0,2,0,Benign,0
3,0.02159075316995172,0,0,2,4,23,0.17738363877067276,5.623309795664811,31,6,1,0,1,0,Benign,0
2,0.045006694712693716,0,0,0,7,24,0.07666208747692589,11.661449260107052,38,10,3,0,2,1,Benign,0
1,0.026226492317429496,0,0,0,2,24,0.11372857467560908,3.048883441190844,31,12,4,0,0,1,Benign,0
3,0.06095856192852257,1,0,0,6,20,0.05772425232084301,1.8138540607942253,39,9,1,0,1,0,Benign,0
1,0.034597080758458056,0,0,0,7,18,0.09553483575600578,6.092748604003374,37,7,3,0,0,0,Benign,0
5,0.5755315672316001,4,2,0,12,5,0.10459258130094289,0.40244847403384754,92,4,1,20,0,20,Attack_InsiderSabotage,1
2,0.13643379797242683,0,0,0,1,22,0.1544553227151062,9.674896166086922,41,7,1,0,0,0,Benign,0
2,0.07899917776142538,1,0,0,9,25,0.13674887929752425,1.8605468674606713,42,6,0,0,1,0,Benign,0
2,0.0181637839307924,0,0,1,5,14,0.1348428292496999,1.4045415372650505,43,12,1,1,2,0,Benign,0
2,0.07345540589711794,1,0,0,4,19,0.20558181851778154,8.339913557756173,42,10,3,0,2,0,Benign,0
1,0.0722444657557554,0,0,2,4,27,0.31940679329344795,3.060645216232418,39,14,3,0,1,0,Benign,0
2,0.031296282096177304,0,0,1,5,27,0.04744142989112628,1.5995355484110862,35,11,2,1,0,0,Benign,0
2,0.06620432446937556,0,0,0,4,18,0.22775495440031632,1.7995816078505027,38,7,2,0,1,0,Benign,0
1,0.04823996330579955,0,1,0,3,27,0.1275657383738955,2.117872102568912,34,5,1,0,0,0,Benign,0
3,0.6561357728868618,7,8,253,632,14,0.9530829478744953,53.278421120430195,17,4,174,3,45,1,Attack_DataExfiltration,1
1,0.008670456694169607,0,0,0,0,23,0.1762661345061783,0.9955947285908389,49,8,2,0,1,0,Benign,0
1,0.016565184698252237,1,0,1,7,30,0.13998496807316446,0.4210696904743491,35,3,4,0,2,0,Benign,0
3,0.843767806215023,6,9,256,591,14,0.9047206909747799,401.55673573572324,16,4,167,0,48,2,Attack_DataExfiltration,1
2,0.6147040090256425,3,3,250,577,15,0.892589376821967,131.91616354587066,26,4,159,4,55,1,Attack_DataExfiltration,1
3,0.06408056930957966,0,0,1,4,28,0.06315821604875296,6.574674295970767,53,10,1,0,1,0,Benign,0
1,0.08150958042088265,1,1,0,4,31,0.07127526854401174,2.2076803184665117,39,11,2,0,1,1,Benign,0
2,0.002348266427518234,0,1,2,3,28,0.14349240899062682,1.0665435153216456,32,10,2,0,0,0,Benign,0
3,0.0555643517167394,0,0,0,0,21,0.0933041446652591,0.4166656952047452,36,8,1,0,1,0,Benign,0
1,0.006836073661854993,0,0,0,7,30,0.2732679380087184,0.7982940247826154,32,15,1,0,0,0,Benign,0
1,0.017167131614355978,1,0,0,6,27,0.3510936319318366,0.24658378133509634,25,5,3,0,0,0,Benign,0
1,0.0514100261923034,1,1,0,2,17,0.04202022813300456,4.91040168029498,43,9,3,1,0,0,Benign,0
1,0.03558887906804497,0,0,0,7,16,0.08052188821093272,7.370334772271468,44,8,3,0,2,0,Benign,0
6,0.02427796677067744,0,0,0,6,20,0.1927341018009033,2.0678329093050243,45,13,4,0,0,0,Benign,0
5,0.08510939223481451,0,1,0,8,25,0.27171487712629155,1.27489179311478,48,9,2,0,3,0,Benign,0
2,0.007762575156907641,0,0,0,9,21,0.007358671778720152,5.486145576036819,29,9,1,0,1,0,Benign,0
3,0.3612906156330155,3,1,0,17,4,0.0003334719172278752,0.728362383776004,78,2,0,13,0,21,Attack_InsiderSabotage,1
1,0.022013083419465607,0,0,1,8,27,0.22987515645660375,0.9316137071195826,42,11,1,0,0,0,Benign,0
5,0.43620269629569297,2,2,0,9,8,0.15790086504092093,0.2287880604821267,101,5,0,11,0,17,Attack_InsiderSabotage,1
2,0.05260935991954207,0,0,2,7,16,0.182939675545114,6.105534161622737,41,10,4,0,1,1,Benign,0
1,0.043326201457101476,0,1,1,3,24,0.07115778298974537,11.90363336643507,31,9,2,0,2,0,Benign,0
2,0.0016610206740795064,0,0,0,7,24,0.10204491270043048,1.1937965326357356,48,11,3,0,1,0,Benign,0
2,0.9199765586018777,3,7,259,608,19,0.9169135464626834,189.81010144150198,22,7,182,1,39,1,Attack_DataExfiltration,1
2,0.08020975495714103,0,0,0,2,23,0.08832961151138205,2.4789700004738715,48,14,1,0,1,0,Benign,0
2,0.03050923469948578,0,0,1,2,26,0.10558226212710725,1.8955464234314712,39,7,4,0,1,0,Benign,0
2,0.019935212588402248,0,0,0,6,23,0.12588843539892486,5.71207913443058,36,11,2,0,0,1,Benign,0
1,0.060985882801771904,0,0,1,5,19,0.30865133759846347,0.7429338339237734,34,10,1,0,1,0,Benign,0
3,0.008500733159936736,0,0,2,10,24,0.03343055037042982,6.571522376769225,40,13,0,0,0,0,Benign,0
3,0.059963923848896296,0,0,0,4,21,0.19877470613242534,6.386268861725228,38,11,3,0,3,0,Benign,0
1,0.031658201858010965,0,0,0,4,20,0.22019612551301987,23.319208954074472,43,13,3,0,1,0,Benign,0
1,0.037279724050359175,0,0,0,6,38,0.3056684478389529,4.02122207818919,44,12,1,0,0,0,Benign,0
2,0.06695341577772848,0,0,0,5,19,0.10995937695551478,2.335999690876224,40,11,1,1,0,0,Benign,0
1,0.10411199181056842,0,1,0,5,29,0.13145536187222548,4.660875935070908,41,4,2,0,2,2,Benign,0
10,0.7968070558527516,5,0,0,8,8,0.03273773634951074,1.3481829595686492,99,6,1,19,0,22,Attack_InsiderSabotage,1
3,0.124079648473212,0,0,2,5,31,0.12380201690671809,2.00599439702722,41,18,2,0,0,1,Benign,0
6,0.04955351078043375,0,0,0,3,22,0.04691389654162362,1.7705240116280578,42,10,1,0,2,0,Benign,0
2,0.03100684939144065,1,0,1,4,31,0.16799572142284874,0.10888323410427761,43,11,1,0,0,0,Benign,0
3,0.008616238232327449,0,0,0,4,27,0.19657941342641158,3.051736853862974,37,11,1,0,0,0,Benign,0
2,0.03322659171819062,0,0,0,5,17,0.17836385123122533,2.9928088809440716,41,8,6,0,0,1,Benign,0
1,0.0772120755125299,0,0,0,1,23,0.05556650989438818,10.540098265948947,46,9,1,0,1,0,Benign,0
2,0.010397669347592916,0,0,0,6,31,0.03389000850931686,5.248847752683035,38,12,3,0,2,2,Benign,0
1,0.0010902435068970908,0,0,0,5,24,0.14653885232242828,3.7905421134659814,56,10,0,0,0,0,Benign,0
2,0.015756247887688143,0,0,0,7,25,0.24015698297714114,0.7243800612428313,41,12,2,1,1,0,Benign,0
3,0.26783779611041864,0,0,1,7,21,0.16870042804366875,1.3764533174233369,46,9,0,0,2,0,Benign,0
2,0.017979139833852686,2,0,1,2,30,0.20456683273352638,2.7724838601443116,42,5,1,0,2,1,Benign,0
2,0.02409665767001861,0,0,1,4,20,0.06948710204119489,4.213269062613553,30,5,3,0,1,1,Benign,0
3,0.024947033413894665,0,1,1,2,26,0.300551583435624,3.43304884963022,44,7,4,0,1,0,Benign,0
1,0.07228515200983668,0,0,0,6,32,0.28559049762504385,0.8112300795227841,39,8,0,0,0,0,Benign,0
2,0.055895074964270534,0,0,0,7,22,0.38509064319789305,1.0220748919249214,30,11,2,0,1,0,Benign,0
2,0.9090850898509066,5,5,241,597,14,0.5107123272468218,233.1584142085436,17,11,181,2,41,3,Attack_DataExfiltration,1
1,0.11961944513480094,0,0,0,3,31,0.04448622319799014,0.8315317108488933,32,9,2,0,1,0,Benign,0
3,0.021317473653527416,0,0,2,2,24,0.2913356848500107,2.7721068768660784,40,12,0,0,1,0,Benign,0
2,0.012871485152722233,0,1,0,7,21,0.20548764115234727,5.669903714364712,30,14,2,0,2,0,Benign,0
2,0.06347282634769083,1,0,2,4,23,0.03965747687895187,4.272406795876178,38,15,3,0,1,0,Benign,0
1,0.0009686632677371114,0,0,3,7,23,0.15271475281194957,4.490209549395405,37,9,1,0,0,0,Benign,0
2,0.029517413038293472,0,0,2,6,30,0.2319137933429519,0.38241697493838295,47,10,3,0,0,1,Benign,0
2,0.043813057368443924,1,0,0,2,23,0.10120053776090672,9.068062358053101,27,6,1,0,2,1,Benign,0
5,0.5305402867785736,4,2,0,12,4,0.010533419683221041,0.9975785471262363,94,10,1,12,0,22,Attack_InsiderSabotage,1
1,0.02529323136962903,0,0,0,4,31,0.18266147376948022,1.2640609251261623,31,4,3,0,2,0,Benign,0
1,0.01663238095441544,0,0,1,4,20,0.16907917965297786,2.1101759195293335,30,7,1,0,0,0,Benign,0
1,0.012227566151725964,0,0,2,5,24,0.19577769009045903,5.668773926346158,49,8,5,0,0,1,Benign,0
1,0.17979889953082176,0,0,1,7,13,0.3298661099788788,1.741501276052281,34,9,3,0,2,0,Benign,0
1,0.01913528476568598,0,0,1,7,33,0.019610166463351265,1.0154951582507648,33,12,1,0,2,0,Benign,0
2,0.09238320743418815,0,1,0,3,26,0.14652905382194187,3.7843751799890515,38,9,2,0,0,0,Benign,0
2,0.030004789371101494,0,0,0,2,28,0.09320388198881789,1.0432407492766926,40,14,2,0,0,0,Benign,0
2,0.049095163511494365,0,1,1,8,19,0.22561255867853483,3.3732586894512875,37,14,1,0,3,0,Benign,0
2,0.31379363515243525,4,7,260,616,12,0.754798573206825,122.30557934188415,27,10,149,1,56,2,Attack_DataExfiltration,1
1,0.00538665548587382,0,0,0,11,24,0.43271529655230334,2.776697279340229,34,5,3,0,0,0,Benign,0
1,0.0913388206119396,0,0,0,4,31,0.19493260322314343,2.195777001639006,41,7,1,0,0,0,Benign,0
1,0.0005080670264005658,1,0,0,10,27,0.24692740609481212,2.9719108785997084,45,7,2,0,1,0,Benign,0
1,0.016242155851715453,0,0,0,7,19,0.16358929795232674,1.2110564669979917,39,9,3,0,3,0,Benign,0
1,0.7002234654247078,10,4,252,574,20,0.9042558321132632,146.41524777264496,22,4,167,1,47,1,Attack_DataExfiltration,1
1,0.037001828062110595,0,0,2,3,32,0.1664527905545773,5.693643253277613,39,12,5,0,0,0,Benign,0
1,0.01454385151299147,0,0,2,4,19,0.44744535371386523,3.841998416373575,37,15,2,0,0,0,Benign,0
1,0.03875389037626514,2,0,2,4,25,0.35256600086879536,0.49799509848532564,39,9,2,0,2,0,Benign,0
2,0.027873417571589898,0,0,2,3,27,0.04788726209614146,3.0491392619924516,39,9,4,0,2,0,Benign,0
1,0.111203961489249,0,0,0,3,22,0.2536372966458059,1.4657248911048308,33,11,6,0,3,0,Benign,0
1,0.009414297687667519,0,0,0,2,19,0.38756641242882134,1.4754872258285385,50,9,1,0,1,1,Benign,0
2,0.009013170386661539,0,1,0,4,34,0.25122582897419654,2.084771399505933,51,9,0,0,3,0,Benign,0
1,0.07030067715858315,0,0,2,2,27,0.009710913020994761,1.155185235624239,32,8,1,0,4,0,Benign,0
3,0.013873684691669714,1,0,0,6,22,0.11410530898698006,3.9906306321770537,45,7,3,0,1,0,Benign,0
2,0.022740366677444508,0,0,1,3,24,0.21896106771663784,0.7628523859791752,45,6,3,0,2,0,Benign,0
4,0.007945319996411552,0,0,0,5,28,0.23952836597539975,3.288236376903418,32,13,2,0,0,0,Benign,0
5,0.03768903945007561,0,0,1,7,29,0.33118491464245675,3.2741161443045605,55,16,4,0,1,0,Benign,0
2,0.6628082537288448,9,7,236,595,18,0.6588252106537512,207.53207777059495,24,4,187,3,46,1,Attack_DataExfiltration,1
2,0.044655134263804755,0,0,0,1,22,0.06811801962626024,33.84417271365799,35,15,0,0,2,0,Benign,0
2,0.02372420992132427,1,0,0,2,28,0.2147498119166032,4.13487005573071,49,8,2,1,1,0,Benign,0
5,0.4640228712101371,3,0,0,11,9,0.14994201865357012,0.39397658313827877,83,6,0,10,0,27,Attack_InsiderSabotage,1
1,0.05743801009221865,0,0,0,3,28,0.19769255731641242,2.850781637679343,41,10,1,0,0,0,Benign,0
1,0.01183628210905322,0,0,0,3,19,0.36413997978848106,1.259604844952721,48,13,2,0,1,0,Benign,0
1,0.005594967081975919,2,0,0,7,23,0.1216381714833211,0.6886000492657601,51,9,0,0,1,0,Benign,0
1,0.03260492517583588,0,0,0,2,24,0.17326860408505645,4.575743153644207,42,8,4,0,0,1,Benign,0
2,0.026416250280933588,0,0,1,7,19,0.25214005447733456,1.0711051847692596,26,14,1,0,0,0,Benign,0
1,0.10288045428425491,0,0,0,3,27,0.163199152334759,7.276518768868608,40,7,2,1,1,0,Benign,0
1,0.03184350512638637,0,1,1,5,21,0.2912416902314448,1.4351895089168876,44,7,3,0,2,0,Benign,0
1,0.773198791008376,6,7,246,623,14,0.8139541516943216,192.22155097423175,23,5,178,2,53,0,Attack_DataExfiltration,1
1,0.009748087003828813,0,1,0,4,19,0.02827276426311491,1.6507383515197633,40,11,1,0,0,0,Benign,0
4,0.013412335418241819,1,0,0,7,31,0.17868984405285793,4.7402539970940945,44,9,1,0,0,0,Benign,0
3,0.002085547595464018,1,1,2,5,23,0.05823171664040032,1.1593805620942406,36,9,0,0,1,0,Benign,0
3,0.001499445191827799,0,0,0,4,24,0.18398821831467274,1.4898262274264809,37,10,2,0,1,0,Benign,0
2,0.011622263265748433,0,0,1,6,19,0.1176167917532951,4.05514907402809,50,9,1,1,0,0,Benign,0
1,0.004362694846888324,0,0,1,3,25,0.14438911871220494,4.004460481471763,44,5,0,0,1,0,Benign,0
2,0.00900076116731791,0,1,0,4,20,0.18237885947468152,1.9320036930351692,39,8,3,0,1,0,Benign,0
2,0.07041127213296869,0,0,1,3,23,0.09280588535617161,2.127818815155657,37,10,4,0,0,1,Benign,0
2,0.0025110848276475328,0,0,0,8,22,0.12770634293707642,8.115631127277107,41,9,2,0,0,0,Benign,0
1,0.02773620061034402,0,0,1,7,26,0.055320361305757355,1.424012302054033,54,17,1,0,2,0,Benign,0
2,0.6143169348421998,5,6,256,623,17,0.6473793377574578,120.3358408158299,20,5,158,0,37,0,Attack_DataExfiltration,1
3,0.13887241622584687,0,0,0,8,23,0.12692043243870438,1.0886660543917202,34,12,4,0,3,0,Benign,0
2,0.1388371359359075,1,0,0,5,16,0.10948325237240321,12.555447473621628,38,10,1,0,0,0,Benign,0
4,0.0060759720730399255,0,0,0,4,20,0.14078977148023303,9.823271462806344,39,8,2,0,0,0,Benign,0
1,0.007144252914715532,0,0,0,5,17,0.3516233780936133,8.829563146288635,28,10,3,0,1,0,Benign,0
1,0.7791060652256683,11,6,244,597,16,0.6255159254350176,185.66273897910708,28,6,159,0,48,2,Attack_DataExfiltration,1
3,0.24918173716523748,1,0,1,7,24,0.07822227405024466,5.4517527681728755,39,12,2,0,0,0,Benign,0
1,0.0066529707909935105,0,1,0,3,22,0.3708071042247972,3.4032432352133233,39,12,2,0,2,0,Benign,0
2,0.13887629337790433,0,0,0,5,32,0.41741868250976977,1.1624115725246125,57,8,1,0,0,0,Benign,0
1,0.014294718229750652,0,0,0,2,21,0.0912486066533338,2.84444355576092,35,10,6,0,2,0,Benign,0
2,0.03626938661464339,1,0,0,7,25,0.43417778773947674,4.194007803310343,44,9,5,0,0,0,Benign,0
1,0.010022993689912541,0,1,0,7,34,0.0752386255024684,2.4795698621318993,41,10,1,0,0,0,Benign,0
6,0.7049156792621342,3,1,0,13,5,0.22755245876835212,2.365494963280357,86,5,0,14,0,15,Attack_InsiderSabotage,1
1,0.022880227627891554,0,0,0,5,25,0.23329120826286462,1.2786055770825493,39,16,5,0,1,0,Benign,0
4,0.030880206095099803,0,2,0,5,25,0.32460522638136524,2.8815164551452264,42,11,2,0,0,0,Benign,0
1,0.001557938214600921,0,0,1,6,18,0.1444481712942097,8.126523328132526,36,8,1,0,2,0,Benign,0
6,0.42954010916854934,4,1,0,8,8,0.006343215507719796,2.10969075514029,98,3,1,7,0,22,Attack_InsiderSabotage,1
1,0.08229540764218897,0,0,0,3,19,0.2539340568823297,12.947143131283614,42,8,1,0,0,0,Benign,0
1,0.06478951465466024,0,0,0,8,24,0.20078178665413848,1.1023564013551537,32,11,3,0,2,1,Benign,0
1,0.02245754781650646,0,0,0,4,30,0.09428141096119949,2.029671403912244,51,10,2,0,1,0,Benign,0
1,0.03422566440058948,0,0,0,5,25,0.09787353186273301,1.6906833824918153,31,12,1,0,0,2,Benign,0
1,0.006448449412520776,1,0,2,6,27,0.12811337223775984,13.805979793373492,35,8,0,0,1,0,Benign,0
1,0.061065366323474674,0,0,0,3,23,0.15699859411527575,7.9096117631079785,47,17,3,0,3,0,Benign,0
1,0.4890016759832427,2,6,238,553,14,0.8473463466607781,200.2686679910521,28,5,153,0,60,0,Attack_DataExfiltration,1
4,0.06437327671131292,0,0,0,10,23,0.16344795352048458,4.330461309781537,39,14,3,0,1,1,Benign,0
1,0.03296115453237619,0,0,0,5,22,0.055936839670522036,0.7603910501895284,57,6,1,0,2,0,Benign,0
1,0.006372434402740106,2,0,0,8,21,0.09515907486716436,2.178200796515274,34,16,3,1,0,0,Benign,0
5,0.8734886217246317,1,5,262,625,15,0.7678272248190969,371.05472822757577,25,9,168,1,47,2,Attack_DataExfiltration,1
1,0.0007424269018746993,1,2,0,8,25,0.30349924280109125,4.93366338894801,35,10,5,0,0,0,Benign,0
3,0.8771128545824164,4,1,0,15,6,0.09466906391012492,2.553397892308224,91,5,0,15,0,19,Attack_InsiderSabotage,1
2,0.0022114065839616806,0,0,0,4,33,0.05295070912506412,0.9922252884274693,25,6,1,0,1,0,Benign,0
1,0.014831556941660658,1,0,0,13,24,0.09595236322165937,65.32631143919464,45,11,1,0,4,0,Benign,0
1,0.010394307506491274,0,0,1,2,25,0.04299042198090655,6.420584604577334,37,11,1,0,0,0,Benign,0
1,0.1407451663616499,1,0,0,8,26,0.11847908534907046,2.146420853062635,32,9,0,0,1,1,Benign,0
1,0.09328184781994675,0,0,0,3,19,0.09397180782319615,1.970397710954862,54,8,3,0,2,0,Benign,0
1,0.013291965463447806,0,0,1,6,27,0.05554829565476908,6.385698336571367,31,12,2,0,1,0,Benign,0
1,0.9014939984837181,1,7,244,613,15,0.8995762558461199,90.39908919068141,21,3,176,1,61,0,Attack_DataExfiltration,1
3,0.03103438992672557,1,1,0,7,29,0.41195137958660744,20.592293987468878,50,10,1,0,0,0,Benign,0
1,0.028157816396053068,1,0,1,5,31,0.10563044093721305,6.226171510594193,33,14,3,0,0,1,Benign,0
3,0.014144374807839165,0,0,1,4,17,0.046450363069167215,0.5721745295100169,45,12,1,1,1,0,Benign,0
1,0.007488089806292936,0,0,1,10,23,0.0914504681097409,118.3542390324396,31,13,4,0,0,0,Benign,0
3,0.021883525691927214,0,1,0,8,28,0.05601650160038995,2.1972162500260577,40,14,2,0,1,1,Benign,0
3,0.07305744068430071,1,0,1,4,20,0.1274580992591838,1.7634487133947727,42,10,1,0,0,1,Benign,0
3,0.024197592367532234,1,0,1,6,32,0.3176813905958306,2.4220471441302704,33,12,2,0,1,0,Benign,0
1,0.028562808266308342,0,0,0,6,26,0.09807155031631566,11.554672110940949,37,9,2,0,0,0,Benign,0
1,0.011320658184033128,0,0,0,9,22,0.2168018892226003,3.5797520488799828,41,10,1,0,2,0,Benign,0
3,0.006393378475153454,0,0,0,4,33,0.25731936109804243,14.768057180575914,33,9,4,0,1,1,Benign,0
1,0.019251474812560985,1,0,0,6,28,0.014762418108944398,2.320229224857135,32,9,3,0,2,0,Benign,0
4,0.016103736973276973,0,0,1,8,27,0.043787752500855696,3.5795753109132873,33,14,2,0,1,0,Benign,0
3,0.018614813215448646,0,0,0,6,19,0.11691220053255769,2.6588604751079723,35,5,3,1,1,0,Benign,0
1,0.05219420558762103,0,1,1,0,19,0.10907048833764313,3.2855977202761544,48,12,1,1,0,0,Benign,0
2,0.08659357477314551,0,0,1,9,20,0.18771245011979762,4.035911041738718,50,10,1,0,1,0,Benign,0
3,0.007656015678318523,0,0,0,3,19,0.06947343859840603,0.5296414523291332,44,16,2,0,1,0,Benign,0
1,0.02231089689029134,0,0,1,5,27,0.14550399138800277,16.908234338393758,38,13,1,0,2,0,Benign,0
1,0.029064565742879387,0,0,0,8,18,0.2607549973794074,10.356128361398632,41,7,0,0,1,0,Benign,0
3,0.09492286326650974,0,0,0,4,31,0.3235275827006402,4.898637684740871,46,16,2,0,3,0,Benign,0
1,0.02809792033277849,0,0,0,4,16,0.23695001011151845,14.024271272905766,41,7,2,0,0,0,Benign,0
1,0.866086122087246,4,6,258,575,17,0.8197656251498635,300.39964815874566,12,3,168,2,40,1,Attack_DataExfiltration,1
2,0.016329195123508236,1,0,0,6,18,0.35653854066734036,2.5238927268395135,45,12,2,0,2,0,Benign,0
2,0.12409971274972216,0,0,0,2,13,0.09562980798682728,1.5298317105966193,45,12,1,0,0,0,Benign,0
1,0.03568840452441221,0,0,0,2,26,0.26211852906053196,5.132043900446816,49,13,4,1,1,0,Benign,0
3,0.0013705844932138359,0,0,0,5,22,0.13146058030789845,20.675557919851276,35,9,0,0,1,0,Benign,0
1,0.054361884055328866,0,0,3,7,29,0.11996429696581697,16.702869553991246,37,10,1,0,0,0,Benign,0
1,0.039109274052102135,1,1,2,1,25,0.19990041063612715,4.600243636524012,39,9,5,0,1,0,Benign,0
2,0.07811296485578983,0,1,0,6,23,0.10695034953841683,5.227258667618159,46,12,4,0,3,0,Benign,0
2,0.16639212408506335,0,1,0,6,28,0.15148794249725198,60.30857073322634,40,7,1,0,0,0,Benign,0
1,0.010087878300613447,1,0,0,10,27,0.0417145719147712,1.1594466995127788,36,12,1,0,1,0,Benign,0
1,0.04237413345297666,0,0,1,5,28,0.18854475765558645,3.7618302681673645,47,13,2,0,3,1,Benign,0
1,0.01974680419045932,1,0,2,5,15,0.24588394978386183,2.5723660328024756,35,10,6,0,0,0,Benign,0
1,0.19432793975228466,0,0,0,4,34,0.11819441569338181,1.3751771404445075,34,7,4,0,0,0,Benign,0
2,0.04633620727986703,0,0,0,5,25,0.189279342933786,9.734455818904182,46,11,1,0,2,1,Benign,0
1,0.10216192194720884,0,1,0,1,36,0.4615977693243641,4.577437271312259,45,11,3,0,1,0,Benign,0
2,0.036173158946715724,0,0,0,8,32,0.09816912773235383,0.15765142960408052,38,6,2,0,0,1,Benign,0
1,0.7647868949304958,6,5,236,607,16,0.980440200032186,230.15424102919332,16,5,160,2,62,1,Attack_DataExfiltration,1
2,0.026272520445498757,0,0,0,5,17,0.12771980956705883,0.4166238743931566,39,6,1,0,4,1,Benign,0
2,0.09102160412968982,1,0,0,6,24,0.14363079966415668,4.479659114390829,42,10,5,0,1,0,Benign,0
1,0.07250476717487958,0,0,1,6,26,0.21470871106837694,3.530535331035571,40,14,1,0,1,0,Benign,0
2,0.03494650887943431,1,1,0,9,20,0.30233456233075373,1.34302248886493,28,4,2,0,2,0,Benign,0
3,0.02751670240968303,0,0,1,3,17,0.3255983691796117,0.6135213696482585,36,14,3,0,1,1,Benign,0
1,0.10034150423877324,0,1,1,5,24,0.27438679347152306,0.3060249996880283,32,6,2,0,0,0,Benign,0
1,0.029115774291553456,1,0,1,10,20,0.0716239831428757,1.8525712242773011,38,8,1,1,3,1,Benign,0
2,0.08477534580500284,0,0,0,1,33,0.24589089635907996,4.617941336642318,47,10,3,0,0,0,Benign,0
4,0.036971340968558426,0,0,0,8,25,0.20355555720141388,0.672712874053509,45,8,0,0,1,1,Benign,0
3,0.023913843222577665,2,0,1,2,25,0.3043504793414613,2.016585019236049,38,5,1,0,1,0,Benign,0
1,0.10376102890620445,0,1,1,5,27,0.16845031562572846,1.1155420342739852,41,10,3,1,2,3,Benign,0
1,0.02447700241936017,0,0,0,8,24,0.34441430526647715,15.832650524100425,47,8,2,0,0,1,Benign,0
3,0.03514053313008823,0,0,1,2,22,0.32840671239814256,5.0235127731561295,32,7,2,0,0,0,Benign,0
3,0.3945997440831788,0,1,0,7,4,0.1205655388581223,6.428093801253959,120,5,1,9,0,17,Attack_InsiderSabotage,1
2,0.06431512331001882,1,0,0,6,30,0.03814349294925831,4.695763551313823,36,7,1,0,2,1,Benign,0
2,0.030507457523925405,0,0,0,3,18,0.18403558561536765,0.8989490168506888,49,9,1,0,2,2,Benign,0
2,0.06140334702028335,1,0,1,4,27,0.07922814915261014,2.9284447202760595,40,9,4,0,0,0,Benign,0
1,0.0020558178692039737,1,0,0,7,25,0.21943273597743565,3.4820770168305013,44,7,1,0,2,0,Benign,0
3,0.004119702737340881,1,0,0,2,21,0.041833632494042414,3.2040148125987975,53,12,2,1,1,1,Benign,0
2,0.016839771276302574,1,0,3,2,29,0.17134060902844908,7.1331107183706175,45,8,4,0,0,2,Benign,0
1,0.14623669870728925,0,0,0,6,35,0.21567756924325607,4.01813173263404,44,9,3,0,0,0,Benign,0
1,0.06759133027542699,0,0,0,4,25,0.009792576686144559,7.300284160777928,55,9,4,0,2,0,Benign,0
1,0.012627911834953494,1,0,2,6,27,0.3189433265009913,1.39169983063719,37,12,3,0,0,0,Benign,0
2,0.07945595111973881,0,0,0,7,21,0.2074685011843228,3.518441832286631,47,10,3,1,1,1,Benign,0
3,0.029911852191565263,0,1,0,7,14,0.16584840459158987,2.0052034476551834,45,13,1,0,2,0,Benign,0
2,0.6967636857744686,3,0,0,5,2,0.2181509073979587,0.4454106413055829,109,6,4,7,0,17,Attack_InsiderSabotage,1
4,0.05705248328532477,1,0,0,4,27,0.09198366794992131,4.248158923739719,36,7,2,0,0,0,Benign,0
1,0.011863857144083301,0,0,0,4,28,0.2679002531233732,2.318426081837803,45,7,1,0,3,0,Benign,0
1,0.004172322583731196,0,0,0,6,24,0.22434172639772965,1.642894578647959,36,8,2,0,0,0,Benign,0
2,0.08607745798492582,0,0,0,10,18,0.008021723072902023,1.5007478500308795,39,11,4,0,0,1,Benign,0
1,0.0031362475165812352,0,0,2,8,35,0.49409760294504695,3.502499467658298,54,9,1,0,3,2,Benign,0
4,0.6137492402657901,4,3,0,12,5,0.018549801055918847,1.1135837222938698,92,5,2,21,0,17,Attack_InsiderSabotage,1
1,0.0065689827153482035,0,0,0,3,22,0.07738233212624501,8.50503840152178,37,9,1,0,2,1,Benign,0
2,0.038807935711337865,0,0,0,5,24,0.29342023143636964,1.6046430773046145,34,12,2,2,1,0,Benign,0
2,0.01223592473472942,0,0,1,7,26,0.09727590168811737,7.367448080189907,44,6,4,0,2,0,Benign,0
1,0.019041912142052454,0,1,1,3,33,0.12298917860367532,4.85271525800456,37,22,4,1,3,0,Benign,0
1,0.6412351870921744,4,9,278,600,15,0.9480166830571473,184.70193392491612,23,1,166,2,39,0,Attack_DataExfiltration,1
2,0.1410535885682413,1,0,1,4,21,0.13556086238623194,24.644451108012557,47,10,1,1,2,0,Benign,0
1,0.8831283006625116,7,8,249,577,13,0.9842379335203538,170.0211248886683,17,4,167,0,45,3,Attack_DataExfiltration,1
2,0.05850796808626888,0,0,0,5,21,0.32716778850564227,14.987398012512047,36,15,1,0,3,0,Benign,0
3,0.7159935214290291,5,6,258,581,9,0.5594107465837797,88.26706792964681,23,6,181,1,66,1,Attack_DataExfiltration,1
3,0.05297578192060076,0,1,0,5,25,0.09334300458616661,0.7450080928933748,50,9,4,0,3,0,Benign,0
1,0.017246524413717927,0,0,0,2,23,0.044607167077237886,4.393331034933626,36,10,2,1,1,0,Benign,0
9,0.28468848613251574,5,1,0,12,2,0.19937060189914504,2.0406691091516915,82,1,0,19,0,17,Attack_InsiderSabotage,1
4,0.033988404003383946,0,0,2,3,23,0.09789765762120221,1.3350132098624672,40,11,2,0,2,2,Benign,0
2,0.020731710904558803,0,0,0,10,26,0.17548528378122336,0.487531278279113,36,14,2,0,1,1,Benign,0
4,0.6753845370526713,4,3,249,599,14,0.7595452609018852,155.83679714147104,22,7,169,0,48,0,Attack_DataExfiltration,1
4,0.31235861906799445,3,1,0,7,3,0.08143228334441514,0.3642449890544758,97,4,1,17,0,24,Attack_InsiderSabotage,1
1,0.00404506930030747,0,0,0,3,26,0.31160638754848835,11.08995204946065,41,11,4,0,1,0,Benign,0
1,0.0026007159031673282,0,1,1,6,23,0.12582814748585167,18.89950244438305,36,10,1,0,4,0,Benign,0
2,0.031110712267131104,0,0,0,5,16,0.03812058324700441,2.144422119351227,40,15,1,0,0,0,Benign,0
6,0.08471593525287567,0,0,0,8,30,0.13542612501476978,0.4837201177433139,36,13,3,0,2,0,Benign,0
4,0.7359954454509492,4,4,246,620,21,0.9312022088502626,141.67223307073903,26,3,147,3,49,1,Attack_DataExfiltration,1
1,0.014676151609575784,0,0,1,3,24,0.10555810608327158,1.5755539920415549,32,9,0,0,0,0,Benign,0
1,0.05273669430267501,0,0,0,4,18,0.22619069333969913,1.532147690170816,36,7,1,0,1,0,Benign,0
1,0.02103794395302525,0,0,1,3,22,0.1499788589899451,4.282824221153861,42,17,1,0,0,0,Benign,0
5,0.01175189801874969,0,0,0,2,22,0.19683017395139385,1.3798803980141527,42,22,1,0,2,2,Benign,0
3,0.5765817596175457,1,2,0,8,8,0.05157620174145552,1.8041882052454925,103,3,0,23,0,20,Attack_InsiderSabotage,1
1,0.038573365578755084,0,0,0,9,32,0.14973779418165714,19.69755761696424,44,8,4,0,0,0,Benign,0
4,0.06530578939694642,0,0,0,7,20,0.2549091036411611,17.04224067047986,39,5,3,0,0,1,Benign,0
1,0.054895748819071735,1,0,1,11,29,0.2427448087575915,1.2622086294486925,51,9,2,0,0,0,Benign,0
1,0.013523672747543151,0,0,1,2,19,0.13301747648404158,6.871563879918619,43,7,3,1,1,0,Benign,0
3,0.5040456487197079,4,1,0,14,8,0.4451360055334064,6.0901733985927295,88,4,2,13,0,19,Attack_InsiderSabotage,1
1,0.035150674692516794,0,1,1,5,22,0.2515392909501374,1.8182095493614736,51,12,2,0,3,0,Benign,0
2,0.026826472288929176,0,0,1,5,28,0.15022432925377643,19.330162087967906,50,11,1,0,1,0,Benign,0
1,0.8134581229778156,9,3,244,566,15,0.8731627363266369,69.57884667446403,15,4,170,0,48,0,Attack_DataExfiltration,1
1,0.011119824949407388,0,0,0,7,19,0.41140422147847483,0.7386236980839613,42,12,3,0,1,1,Benign,0
1,0.02913468114125349,0,0,0,3,26,0.16968202990642348,0.8824047830669038,49,13,2,0,0,1,Benign,0
1,0.1198093122736134,1,0,0,5,27,0.11612109954542113,1.6413588930034566,39,13,1,0,0,0,Benign,0
1,0.1340845927958735,0,0,0,4,23,0.16595451868080652,2.996322865606158,39,10,0,0,2,0,Benign,0
1,0.0019952521241948158,0,0,1,10,23,0.0548811828838574,1.8152479754695179,52,7,0,0,0,0,Benign,0
3,0.010881689678607804,0,0,0,4,26,0.03990654322815061,1.502674395624466,44,12,3,2,0,1,Benign,0
1,0.039961883945831174,0,0,1,8,24,0.3441905093782145,0.8012246074170938,34,11,3,0,1,0,Benign,0
1,0.0037757118929580918,0,1,0,7,26,0.23096001413504846,2.3364396634497444,43,13,1,0,0,0,Benign,0
2,0.11695068531499746,0,0,1,1,22,0.17084471153895867,0.9808359058146813,31,18,2,0,0,0,Benign,0
10,0.495390304490456,2,1,0,14,7,0.019524277586638664,0.26056088807268896,110,9,1,19,0,23,Attack_InsiderSabotage,1
1,0.027429366679714576,0,0,0,4,19,0.13720882233637272,2.0059656996922097,37,9,4,0,1,0,Benign,0
5,0.17391583133470664,7,1,0,6,10,0.06960578399154391,1.4895800139564195,89,11,1,12,0,21,Attack_InsiderSabotage,1
2,0.06047257949316457,0,0,3,6,25,0.0544100965850299,3.26920851779568,46,11,1,0,1,0,Benign,0
1,0.03792750493244952,0,0,0,2,28,0.08748360769270103,2.776831014085584,37,3,2,0,0,1,Benign,0
1,0.015728881921204863,0,1,2,5,23,0.09382733969727218,25.33851656832894,36,10,2,0,0,0,Benign,0
1,0.042656367059217784,0,0,1,5,31,0.22086075063818603,0.7517034514055931,36,9,1,0,1,0,Benign,0
2,0.08051277790047126,1,0,0,5,23,0.11281207770105305,7.736508617316149,31,5,3,1,0,0,Benign,0
3,0.021001579529010717,0,1,0,7,24,0.07167833445695272,6.061168267686354,34,7,1,0,3,0,Benign,0
1,0.026056964293975613,0,1,0,5,19,0.10704896856805007,12.871942965502159,47,8,3,0,2,1,Benign,0
1,0.02216960332683563,0,0,0,5,21,0.09854152563569968,1.527358299015716,39,12,2,0,0,0,Benign,0
3,0.05258432223320623,0,0,1,5,23,0.07026563014518027,0.9584791429807897,39,8,2,1,0,1,Benign,0
2,0.021691198815035208,0,1,1,6,23,0.3109446491649901,9.57512517508163,41,8,1,0,2,0,Benign,0
1,0.021304829068309817,0,0,0,4,21,0.34916776018333623,7.7430803097954355,38,8,2,0,0,0,Benign,0
1,0.019088499503828363,0,0,0,4,31,0.08760171514892715,3.0337708131131484,39,10,2,0,0,1,Benign,0
1,0.027857601211591955,0,0,0,7,16,0.10542594770575552,2.879725343982643,39,11,2,0,0,0,Benign,0
1,0.0211604880365361,1,1,1,6,29,0.2594667919947591,1.3248327032053517,35,12,2,0,0,0,Benign,0
2,0.05771244543146744,0,0,1,5,25,0.3185208931916187,6.367538362769917,45,15,1,0,0,0,Benign,0
1,0.02513141184924226,0,0,2,4,23,0.22174586933368065,3.8251382132649443,49,9,1,0,2,0,Benign,0
1,0.17595044889643352,0,0,1,4,22,0.06315264695370423,0.14069351897671212,34,13,2,0,1,0,Benign,0
2,0.07841177646732064,0,0,1,7,23,0.0991009561849879,3.4963285951752376,46,11,1,0,1,1,Benign,0
2,0.0002692771415986596,1,0,1,4,25,0.1494791324187855,3.219184739667637,36,7,2,0,1,0,Benign,0
1,0.020874291343480934,1,0,1,4,28,0.1291621082086285,1.900728634479811,56,10,5,0,0,1,Benign,0
2,0.07916237524161678,0,0,0,9,18,0.12321474002337883,9.374325716750342,36,11,2,0,0,0,Benign,0
1,0.018073577497386407,1,0,1,1,19,0.3286409584210148,6.203616206178636,27,7,0,0,1,0,Benign,0
1,0.0007210216491482664,0,0,0,4,19,0.06664061483148655,6.4504056367225076,47,11,2,0,2,0,Benign,0
1,0.028240024839226906,1,0,0,6,19,0.21449059449872315,0.7939352789018678,44,10,1,0,2,1,Benign,0
1,0.05198510732978596,0,1,0,5,19,0.15868082576702894,3.45636111307887,41,8,1,0,2,2,Benign,0
1,0.4373691850736252,5,5,231,600,10,0.743512356996093,392.6854528724386,24,4,171,0,48,0,Attack_DataExfiltration,1
2,0.0431019688795548,0,0,1,5,21,0.22086839146555262,5.50456827318753,35,8,0,0,1,0,Benign,0
3,0.024489520884329458,0,1,2,8,27,0.26963252827518314,5.838865923787659,33,9,2,0,0,0,Benign,0
1,0.1465523401279707,0,0,0,6,15,0.18944630728382103,2.443528117086101,27,11,2,0,0,0,Benign,0
3,0.018671087569077167,0,0,0,1,19,0.23839436147055476,19.854444321780782,30,9,2,0,3,0,Benign,0
1,0.10121775000804693,0,0,1,7,26,0.16265544019379868,3.543918455149126,32,12,1,0,0,0,Benign,0
3,0.001803451703796561,1,0,1,6,21,0.05369649752007243,2.74254824877294,37,9,2,0,0,0,Benign,0
2,0.042969757629534255,0,0,0,2,17,0.1695212329251792,3.7983905935871594,29,9,2,0,3,1,Benign,0
1,0.029800261747908213,0,0,0,3,29,0.24259798021513168,4.3504782168522205,40,17,4,1,1,0,Benign,0
3,0.1519697041401425,1,2,0,3,23,0.2820906404694265,0.9895595416047047,40,9,2,0,0,0,Benign,0
5,0.676202870388083,2,1,0,4,2,0.05916351817086822,0.3817920062066372,88,3,0,13,0,23,Attack_InsiderSabotage,1
1,0.06090685428627955,0,0,1,5,23,0.08972270905859381,3.4999545735967943,49,11,0,0,0,1,Benign,0
2,0.037901561496232104,0,1,0,7,25,0.15232096130007144,5.56743871264386,40,7,1,0,0,0,Benign,0
1,0.03768131942112451,2,0,1,5,23,0.08000658973095519,4.478979108617957,51,11,1,0,1,0,Benign,0
2,0.019963231988599422,0,0,0,5,25,0.14250569163212456,2.1569478672248743,47,12,2,0,2,0,Benign,0
1,0.02520460393550345,0,0,0,5,24,0.18074397001478257,1.1778733472584253,29,11,3,0,0,2,Benign,0
1,0.029082164610016167,0,0,1,4,16,0.05852454657048241,2.4713724130550836,61,8,1,0,2,0,Benign,0
2,0.051579187706157985,0,0,0,1,22,0.1577893948353412,28.55342003776988,32,10,2,0,0,1,Benign,0
1,0.07843700804069904,0,0,0,4,19,0.34687503513939955,1.8728387505130928,54,8,0,0,0,1,Benign,0
2,0.04572873073282258,0,0,0,3,27,0.07504523812607056,0.8486179650921474,49,5,3,0,0,0,Benign,0
2,0.015149483782807976,0,1,0,5,27,0.3311470115759128,6.090470801223865,42,12,2,0,1,0,Benign,0
1,0.10653540522817068,0,0,1,8,32,0.4685724123780802,16.67139521706987,41,16,1,0,1,0,Benign,0
2,0.003925259405859366,0,0,0,6,26,0.31600672411700453,0.5727069935615215,54,16,4,0,0,1,Benign,0
1,0.03979533654673767,0,0,0,3,25,0.14619816294356983,0.7461048899932409,34,5,2,0,0,1,Benign,0
1,0.18568066719889426,0,0,0,1,26,0.06598050016180444,2.0920724747240373,36,8,0,0,2,0,Benign,0
1,0.005613290370887147,1,0,0,9,28,0.08830798374415115,5.5902673753107255,41,9,0,0,1,0,Benign,0
4,0.4207602607897897,0,1,0,8,4,0.1922793455574973,0.9477439592948953,94,4,0,15,0,13,Attack_InsiderSabotage,1
1,0.2864101244580758,0,0,0,4,17,0.3096003255654403,6.140594507609201,48,12,3,1,1,0,Benign,0
2,0.01128615830450506,1,0,2,2,29,0.14227881437716441,4.428045403162019,35,14,1,0,0,1,Benign,0
1,0.06982852124414503,1,1,0,5,19,0.09146034564247854,14.027707068645164,40,9,1,0,2,1,Benign,0
2,0.019969339464858293,1,1,0,6,27,0.12807935117186003,5.87406472939561,35,7,3,0,2,0,Benign,0
1,0.027292514755287735,0,1,1,7,27,0.1393194944902507,3.8929112272464823,35,6,0,0,2,1,Benign,0
3,0.02828124509442627,0,0,0,4,21,0.19947641063202107,0.820403023623002,34,13,2,0,2,0,Benign,0
1,0.0008254451757991891,1,0,1,3,23,0.22731156377891265,7.315620205759018,42,10,4,0,0,0,Benign,0
1,0.13971830466959106,0,0,0,4,25,0.1583118593558071,1.718772641335311,39,5,5,0,1,1,Benign,0
1,0.1216750751071427,1,0,0,3,26,0.20700897061471377,1.9224723876132306,25,15,1,0,1,0,Benign,0
6,0.566963226474111,2,1,0,8,7,0.021254541331046,4.060541873929165,113,7,1,7,0,21,Attack_InsiderSabotage,1
1,0.1639061854844134,0,0,0,4,17,0.09238789778395626,1.1764345499551379,34,11,3,0,0,0,Benign,0
1,0.0045760989278456465,1,0,0,2,27,0.12319944621518705,5.36408164659631,34,9,1,1,2,0,Benign,0
1,0.034433348668204376,1,0,1,4,21,0.08316902322115063,3.345026241005865,41,3,1,0,1,1,Benign,0
2,0.7671493226199908,5,5,214,594,16,0.7311986482020209,142.32843152148936,20,8,164,0,48,1,Attack_DataExfiltration,1
1,0.0016910957512406277,1,0,1,7,25,0.18025948635631003,5.5958889876930575,48,13,8,0,3,0,Benign,0
2,0.7019843755580165,3,4,242,575,11,0.6514614580559733,190.94168750520302,18,6,169,0,38,0,Attack_DataExfiltration,1
2,0.017867513211003258,0,0,2,5,32,0.15263795446441597,1.4670134209570982,45,16,2,0,1,0,Benign,0
1,0.029442301060425825,0,1,0,5,23,0.26939947639554157,3.867099643765276,50,9,4,0,2,0,Benign,0
1,0.051444360249157016,0,0,0,9,32,0.2605353764220524,8.308322644874462,45,15,2,0,0,0,Benign,0
5,0.7044702170990739,3,10,250,599,6,0.8872926050534093,202.63289989518964,11,8,177,2,55,0,Attack_DataExfiltration,1
3,0.023947683445402806,0,0,1,2,34,0.05212431243858502,3.681421307250054,43,11,3,0,1,0,Benign,0
3,0.12964421256827224,0,0,0,10,22,0.2442037137735128,1.293005262785637,39,9,2,0,0,0,Benign,0
4,0.07946173403851112,0,0,1,5,27,0.13478837307274213,5.207766968958533,54,10,2,0,1,0,Benign,0
1,0.0031556665854103752,0,1,0,4,23,0.26904641448304956,3.96975282727773,49,8,2,0,2,0,Benign,0
2,0.7573723499028467,4,5,263,599,11,0.7830764611577926,133.63739306305985,27,3,168,3,44,1,Attack_DataExfiltration,1
2,0.041236066364161154,1,1,1,3,25,0.08324537967430368,21.32009309027934,45,12,4,0,0,0,Benign,0
3,0.009894012346327582,0,1,1,7,32,0.33083235841758357,0.23622183237432462,37,8,0,0,2,0,Benign,0
1,0.10105164026682169,2,0,1,4,28,0.07915734155396038,8.426025352108587,48,9,1,0,2,1,Benign,0
1,0.0629238659790813,0,0,1,1,28,0.3423660619959492,1.981841393320767,44,11,0,0,1,0,Benign,0
2,0.09347380484448278,1,0,0,7,30,0.048964455188009175,0.9565129781070394,37,5,2,0,2,1,Benign,0
2,0.6978099711885389,6,5,263,607,15,0.8356685347213617,333.55696589344353,19,6,149,1,45,0,Attack_DataExfiltration,1
3,0.018463218269583255,0,0,1,6,17,0.38726043549225386,2.3449740803319714,36,4,1,0,1,1,Benign,0
1,0.05801200361894951,0,0,0,7,26,0.14743607606486223,1.089233781376525,44,12,5,0,0,0,Benign,0
1,0.012801711432304894,0,0,0,7,23,0.10073997035473682,1.3840083151447926,43,8,1,1,3,0,Benign,0
2,0.03665905562479522,1,0,0,10,25,0.304537112400276,1.7418296860711444,35,7,3,0,2,1,Benign,0
2,0.006121050206088614,0,0,0,8,25,0.14123825577595486,2.2083035057300906,45,7,1,0,2,0,Benign,0
1,0.12596853799436483,0,0,0,4,32,0.19067718511470563,4.096029703495832,39,7,4,0,2,1,Benign,0
1,0.14548654956858562,1,0,0,9,35,0.09589611095104193,8.85402792599256,36,7,1,1,2,0,Benign,0
1,0.0012531946198897153,0,0,0,7,27,0.18245379282342683,3.883675482493963,30,11,3,0,0,0,Benign,0
1,0.06275280733826942,0,0,0,2,31,0.048163213218604006,2.6155973394677834,36,11,1,0,2,0,Benign,0
2,0.0010804788405846364,0,0,1,5,23,0.033357806411754176,2.244995703768582,37,8,3,0,0,0,Benign,0
2,0.8186956726836984,5,9,224,637,23,0.6935858698460209,130.9163525798049,21,4,175,1,53,1,Attack_DataExfiltration,1
1,0.19141333469971164,0,0,0,4,26,0.03829968449108602,0.7251428246982324,42,12,3,0,2,0,Benign,0
4,0.48326784650081694,5,1,0,15,4,0.10732001602028708,0.7998335592455159,90,6,0,20,0,16,Attack_InsiderSabotage,1
4,0.07522605420616375,0,0,1,3,36,0.007313656301311831,0.6709666346631175,43,14,1,0,0,0,Benign,0
2,0.054306320766232416,0,0,1,5,28,0.11133397047530041,0.32558301168152665,29,9,0,0,1,0,Benign,0
1,0.02615732264965668,0,0,0,3,20,0.23764311412865174,1.420720158744489,43,7,1,0,1,0,Benign,0
3,0.15384503784558531,0,0,0,8,21,0.17436462572965844,2.906945510669307,34,7,2,0,1,0,Benign,0
1,0.07887644786474297,0,1,0,6,24,0.1120110202171494,2.5765228115869494,35,10,1,0,1,1,Benign,0
2,0.08494025142245978,0,0,0,8,29,0.27334353421784235,0.7832763230555282,49,12,2,0,2,0,Benign,0
1,0.008068580189016919,0,0,0,6,19,0.19011465156564356,1.9494478749785793,36,5,2,1,0,1,Benign,0
1,0.10678081382406346,0,0,1,5,16,0.09572067920363289,3.230645453119901,41,8,0,0,0,1,Benign,0
1,0.07627603257231272,2,0,1,5,24,0.23029860286212686,24.64287171564733,35,6,2,0,1,0,Benign,0
1,0.012534566870877123,1,1,1,4,32,0.09097876250601447,0.9032681878985946,44,17,1,0,1,0,Benign,0
1,0.0030368337196113584,0,0,0,5,22,0.17654439865125787,8.35834290673352,43,8,1,0,0,0,Benign,0
1,0.04328090605726131,0,0,0,2,34,0.10611069450809242,3.8320695228795554,32,9,0,0,1,0,Benign,0
1,0.10664109968855785,0,0,0,4,27,0.3649053063870143,1.515302030695791,46,15,2,0,1,0,Benign,0
4,0.06603561826643306,1,0,0,2,24,0.09504452705802129,0.3414116093663835,44,9,2,0,0,0,Benign,0
1,0.03106978536683527,0,1,0,5,26,0.031341487519979915,7.3239138495053915,27,12,2,0,2,0,Benign,0
1,0.013116444020073469,0,0,1,3,28,0.11927852383710755,2.324154596087392,44,14,1,0,0,1,Benign,0
1,0.012886547842976706,0,0,0,7,26,0.09485677587447433,6.05251641746887,38,7,1,0,1,0,Benign,0
2,0.09202170590321251,0,1,0,5,20,0.16921718327199323,0.7643269261754257,37,9,1,0,0,0,Benign,0
1,0.013159664827188253,0,0,0,5,29,0.29320481198777126,7.507620703501513,37,11,3,0,0,0,Benign,0
1,0.012736707386339849,0,0,1,6,20,0.05557183570040391,1.7286149172522163,34,9,4,0,1,0,Benign,0
3,0.15099192908118744,0,1,0,4,25,0.17284118651713626,13.560057056820394,43,7,2,1,0,1,Benign,0
4,0.3148816513953416,2,0,0,6,4,0.12467403512747172,3.491141593366962,129,5,1,15,0,22,Attack_InsiderSabotage,1
2,0.07471375195036321,0,0,0,10,32,0.03826540789146334,2.56549249330058,54,8,1,0,1,1,Benign,0
1,0.112100106561719,0,0,0,5,26,0.07346029052699761,0.4808933053944277,35,8,1,0,3,1,Benign,0
3,0.08713638623548087,0,0,1,1,24,0.2522852419237601,2.9990284539546166,30,10,2,0,1,0,Benign,0
1,0.001543480521257777,0,1,0,12,19,0.08923310738785753,3.1817241103474867,26,23,1,0,1,1,Benign,0
2,0.15577058409475888,1,1,1,6,28,0.23528752563390243,1.5276403396300322,41,10,0,0,2,1,Benign,0
2,0.9275080948833689,5,5,260,572,11,0.8083879529570565,127.87613428705241,15,2,154,0,44,1,Attack_DataExfiltration,1
1,0.7185076952484396,3,6,241,602,22,0.710452709417103,95.21902112089731,20,5,160,1,43,1,Attack_DataExfiltration,1
1,0.11163851472069038,1,0,0,5,26,0.045920026906419255,15.616026080276079,43,13,2,0,1,0,Benign,0
1,0.0024296757594889974,0,0,1,4,21,0.24814050079687724,1.0676000640722125,43,13,2,0,2,1,Benign,0
1,0.028644862611998223,0,0,0,4,20,0.18825074430643124,0.9201208435234117,35,9,2,0,1,1,Benign,0
2,0.009065430138147855,0,0,1,4,26,0.12324690650156576,5.248829776855388,43,10,1,0,0,0,Benign,0
3,0.010780582598538722,0,1,1,3,25,0.17233005354697922,2.9141971374515885,34,12,1,0,0,2,Benign,0
2,0.0013277777494129907,0,0,0,3,31,0.39361967779652784,3.832484329586394,42,14,1,1,2,1,Benign,0
1,0.23531592537926466,0,0,0,4,25,0.4656930416484338,0.47630969839668336,38,10,0,1,2,0,Benign,0
1,0.04703213347237152,0,0,0,4,29,0.29360587811306743,2.5116315117368098,53,12,1,0,1,0,Benign,0
2,0.7527581261360738,7,6,246,592,13,0.8694769098324856,237.65332139689502,23,3,186,0,60,0,Attack_DataExfiltration,1
2,0.6970598637464545,6,5,245,582,13,0.8471349923106474,217.73384328436714,19,4,195,2,49,1,Attack_DataExfiltration,1
3,0.0721693987293568,0,0,0,2,38,0.0940764088050386,3.618967343904228,44,9,1,0,0,0,Benign,0
3,0.2185623655646829,4,1,0,7,5,0.004543266767921366,0.90535026533364,116,3,0,14,0,27,Attack_InsiderSabotage,1
1,0.04468700884741691,1,0,0,5,28,0.1762924746137848,11.147571729621951,48,9,3,0,0,0,Benign,0
4,0.002978661607914685,0,0,0,2,21,0.22266628032251065,4.450298805237666,39,11,3,0,0,0,Benign,0
1,0.027033738868501495,0,1,0,6,25,0.1965882067989368,9.888913578502176,41,12,3,0,4,1,Benign,0
1,0.0946450688302368,0,0,0,5,33,0.13369463190744516,3.5116535433180274,38,14,3,0,1,1,Benign,0
1,0.2701402413560531,0,0,0,3,38,0.1256240135324672,0.7352630184299824,37,6,1,0,1,0,Benign,0
2,0.0015457274868360409,0,0,1,6,23,0.11243133059275309,1.975077330954621,38,5,1,0,1,1,Benign,0
2,0.0315234307351687,0,0,0,3,21,0.20647602721768615,1.3779965259366118,38,11,6,0,2,0,Benign,0
2,0.011737311017123095,0,0,5,7,23,0.2700745430490465,0.8468061938891335,43,8,0,0,2,0,Benign,0
2,0.14804137072772589,0,0,0,3,22,0.23774556180484524,1.0210537761659555,31,10,4,0,0,0,Benign,0
1,0.021308985256934566,0,1,0,4,18,0.18582959994973614,0.7529374084727991,41,7,0,0,0,0,Benign,0
3,0.005966715208192272,1,0,2,1,26,0.20034569775191755,9.310549131539597,36,9,1,0,1,1,Benign,0
1,0.0034500273291066816,0,0,0,5,17,0.045262309727798156,1.720520003091499,36,10,0,0,1,0,Benign,0
1,0.022461784110855414,0,1,1,5,20,0.17188779937735738,1.203313989572595,38,5,3,0,0,0,Benign,0
3,0.027423571136251348,0,0,0,7,31,0.06768057460058088,46.92058496566756,46,7,1,0,1,0,Benign,0
6,0.030067138774718002,1,1,0,4,24,0.3784902850354784,16.34323136056647,40,8,2,0,0,1,Benign,0
1,0.0024295449644106105,1,0,0,5,22,0.21058284360217686,4.69271205773481,35,10,0,0,1,1,Benign,0
2,0.027001903843524088,0,0,0,3,20,0.06573160844976247,2.477726489353655,36,11,3,0,1,1,Benign,0
1,0.06258966126988766,0,0,1,7,21,0.2556178885944076,1.6220122385459266,37,8,1,0,0,0,Benign,0
3,0.05556382071811167,1,1,0,7,25,0.16025857557014747,1.4538198070483268,34,8,5,0,1,0,Benign,0
1,0.02871293786082302,0,1,0,5,27,0.15161675243934736,2.9701283085745582,30,11,1,0,0,0,Benign,0
1,0.10094849077256583,0,0,0,2,29,0.12507226003064306,5.598528191628864,41,10,0,0,1,0,Benign,0
2,0.007691464982250648,0,0,0,9,22,0.20451353581077156,7.338332838839377,31,8,1,2,1,2,Benign,0
1,0.007465327171439184,0,0,1,7,21,0.24359680346804244,5.015739556149126,48,13,0,0,1,0,Benign,0
1,0.08097408283551527,0,0,0,3,18,0.2278511009686302,0.6055976052546217,42,13,3,0,3,0,Benign,0
6,0.7976789868751134,4,1,0,8,4,0.16622302953078685,2.454092370120344,107,6,0,18,0,27,Attack_InsiderSabotage,1
1,0.010867171290810369,0,0,0,7,23,0.03961211984814434,1.3364222316267016,36,10,2,0,0,0,Benign,0
3,0.012129286187350414,1,0,0,3,33,0.026442998820046682,0.8032375117671312,49,7,1,0,1,0,Benign,0
10,0.7529081312541069,1,0,0,15,5,0.011835327373793683,1.0037396080051713,109,4,1,16,0,21,Attack_InsiderSabotage,1
2,0.005104041935964399,1,0,0,4,20,0.18306166702281942,1.1708898772392526,32,10,1,0,0,0,Benign,0
3,0.008440895807675102,0,0,0,10,23,0.15648217483963286,3.8428205991926214,45,11,3,0,0,0,Benign,0
1,0.5597465796372381,5,8,226,608,16,0.5044512606851317,68.47913659675827,19,8,175,0,48,1,Attack_DataExfiltration,1
2,0.007743359107743312,1,0,0,9,27,0.03555964853570477,0.5867171619593486,31,13,3,0,0,0,Benign,0
4,0.048451501158450004,1,0,1,6,28,0.19504355464427314,8.34638265822073,36,13,4,0,2,0,Benign,0
1,0.02874195048223004,0,0,0,7,25,0.08536866123453869,1.3726660018157089,39,11,2,0,1,0,Benign,0
3,0.007951446872523093,0,0,2,7,24,0.15583582053486855,1.6843223371027916,37,18,2,0,1,1,Benign,0
1,0.07869260968152833,0,1,0,2,31,0.05266847504562078,3.9517511388682993,40,9,2,0,2,1,Benign,0
1,0.03188462222509209,0,1,0,1,22,0.16902793945341982,12.00764784429361,28,9,2,0,0,0,Benign,0
5,0.012616318578142726,0,0,0,2,15,0.17515242112021437,7.663908422782603,26,10,2,0,0,0,Benign,0
1,0.675347158488442,3,7,268,640,12,0.9482063373399252,220.62396083090076,24,7,149,1,37,0,Attack_DataExfiltration,1
1,0.00744663697643291,0,0,0,9,29,0.1543072112196091,0.6355509330653777,48,10,3,0,0,1,Benign,0
1,0.002070593025354252,1,0,0,2,28,0.1596623987807087,11.076350993569923,49,12,3,1,1,0,Benign,0
1,0.009614406877552923,0,2,0,7,29,0.23065605208058262,4.857675262842252,27,11,0,1,2,0,Benign,0
2,0.2492811041885937,0,0,0,4,22,0.279210442700222,0.46770738747630886,49,6,1,0,1,0,Benign,0
2,0.00017080803667719337,0,0,0,4,29,0.28973661564726433,1.191578721538641,54,8,2,0,2,0,Benign,0
1,0.01120792051789611,1,0,1,3,28,0.10700588281125813,1.5295730720188647,49,12,3,0,0,1,Benign,0
1,0.012521411759767745,0,0,1,8,15,0.1931439263472874,1.4715480481234389,34,5,3,0,0,0,Benign,0
1,0.05630772992649263,0,0,0,5,22,0.31942274681608324,3.713305913038856,31,11,3,0,0,0,Benign,0
1,0.013692184871035146,0,0,0,6,27,0.20894560880605667,1.0320206073126708,45,5,1,0,0,0,Benign,0
2,0.018625375096659555,0,0,2,5,36,0.15934211147397687,1.3664127684283816,33,7,2,0,1,1,Benign,0
3,0.060389515165350315,0,0,1,4,33,0.2059889245475518,2.591722682740897,32,11,3,0,3,0,Benign,0
3,0.015300935656712734,0,0,0,4,32,0.1465452594707792,3.387908885767266,35,13,0,0,0,0,Benign,0
3,0.03353397019758063,0,0,0,6,32,0.15180952481229215,1.3952222721939591,35,15,1,0,2,1,Benign,0
1,0.01250629038270858,0,1,0,2,25,0.23499117433429834,0.5661445202785877,32,15,2,0,1,0,Benign,0
1,0.600235824239421,1,6,242,619,12,0.8049159788481288,117.8345350049471,20,4,171,0,61,2,Attack_DataExfiltration,1
2,0.07101478668363899,0,0,1,7,37,0.025607825071712366,7.254588863254789,44,7,3,0,0,0,Benign,0
2,0.053475092643198996,0,1,0,3,24,0.03017782594171096,0.4471756752716689,39,8,1,0,1,0,Benign,0
1,0.5448080961513104,7,9,263,587,15,0.8863358330267137,138.72710741564669,18,7,167,1,56,2,Attack_DataExfiltration,1
4,0.7929498170424987,10,5,260,601,15,0.773892300999973,129.81884006829446,21,4,156,1,43,0,Attack_DataExfiltration,1
1,0.008134618005088488,1,0,1,1,21,0.4582863461606424,2.690475016419963,30,13,4,0,0,0,Benign,0
2,0.5403274878406482,6,6,249,555,10,0.978749708875058,145.98224388600596,16,5,181,0,58,2,Attack_DataExfiltration,1
1,0.01822245601716148,0,0,0,5,28,0.08630403506992107,6.132394674820509,39,14,2,0,1,0,Benign,0
1,0.7079775151724887,7,7,226,606,20,0.7802351137181457,105.64743229230156,25,6,163,2,43,2,Attack_DataExfiltration,1
2,0.026820826542037074,1,1,0,4,38,0.18810579937731148,0.5113500800991987,46,9,5,0,1,0,Benign,0
2,0.02879968307458528,1,0,0,8,29,0.14332099730002848,1.32466397597173,41,6,3,0,0,1,Benign,0
1,0.059181104899636246,1,0,0,6,30,0.288865451085886,11.210326585935574,36,10,2,0,1,0,Benign,0
1,0.00237153536425329,0,0,0,6,28,0.23072343362895512,4.2431639449136025,47,7,1,0,0,0,Benign,0
1,0.059673668357898044,1,0,0,5,27,0.2244738517782462,7.240234814725719,46,10,1,1,2,0,Benign,0
4,0.09399186814544254,0,0,0,8,27,0.10326545590563492,17.93409737834898,44,9,1,0,1,0,Benign,0
1,0.005447905703088471,0,0,0,8,28,0.12225781251296994,24.142199745669906,40,3,1,0,2,1,Benign,0
2,0.09162686689098146,0,0,0,2,17,0.22159852204329752,21.412850420334472,52,12,0,0,1,0,Benign,0
3,0.15049361289853688,0,1,0,3,23,0.2146002901677046,0.685974385070979,49,13,3,0,0,0,Benign,0
2,0.007544735896240386,0,0,2,3,21,0.30751369422149333,5.977009209979471,37,8,0,0,2,0,Benign,0
1,0.0527888827851811,0,0,1,7,31,0.06486510936345381,0.8137509696171531,31,10,0,0,0,1,Benign,0
2,0.04472814295174602,0,0,0,5,27,0.3448907305079428,1.472580350281545,49,10,3,0,2,1,Benign,0
1,0.7722737404464276,3,8,221,619,13,0.7189054373243482,68.42010781933804,16,8,172,1,37,3,Attack_DataExfiltration,1
2,0.09491327111821247,0,0,0,3,35,0.14526015338116952,2.5809901688791004,36,13,3,1,2,0,Benign,0
1,0.01954789830373459,0,0,0,3,31,0.16043891598765045,0.38362674980868516,38,5,1,0,1,0,Benign,0
2,0.00339045098184832,0,1,1,3,31,0.12589326442564464,2.741701412242423,41,10,1,0,1,1,Benign,0
3,0.4802706497968338,2,0,0,10,9,0.007857265703209442,5.650042861929642,78,6,0,8,0,17,Attack_InsiderSabotage,1
2,0.06267443162286145,0,0,0,4,30,0.09268070717121786,0.4843124285031462,37,6,2,0,0,0,Benign,0
1,0.6452289252572915,3,6,285,612,9,0.5304446307631001,130.42798014179778,16,4,151,2,51,2,Attack_DataExfiltration,1
4,0.15331725411798025,0,1,1,3,30,0.09904080693895709,12.590020340173204,43,12,1,0,1,0,Benign,0
3,0.5515514964120443,3,8,251,582,9,0.6509784818200329,459.9144156980003,22,9,167,1,44,1,Attack_DataExfiltration,1
1,0.03260175010511877,0,0,0,4,26,0.07552766672596296,1.0269753277823204,46,9,1,0,0,0,Benign,0
1,0.14346514822694936,0,0,0,8,26,0.1321609843719266,2.0587022178090555,37,8,2,0,1,0,Benign,0
3,0.0284383700838143,0,0,3,2,28,0.17030796593968278,4.343341304778686,36,10,4,0,0,0,Benign,0
2,0.046957079290867086,0,0,1,6,23,0.07348786013524843,5.685238175131331,39,8,0,0,0,1,Benign,0
3,0.23578190826736992,0,1,0,6,23,0.1935684477324408,4.241166704937857,46,13,3,0,2,0,Benign,0
8,0.7240856097899362,2,2,0,5,3,0.06320327285692792,1.6311617341129254,104,2,1,15,0,18,Attack_InsiderSabotage,1
3,0.005935676251288994,0,0,1,4,27,0.054225907426920586,6.368027416245862,39,11,3,0,1,0,Benign,0
2,0.03265821742917324,0,0,2,2,28,0.11161431723913581,0.8295198999292606,36,6,4,0,1,0,Benign,0
2,0.030430395181968956,1,0,0,6,29,0.28630032323535654,8.745122481615388,44,15,1,1,0,1,Benign,0
2,0.5182823461365678,6,3,261,599,10,0.8107860790402399,107.38089263612574,23,6,194,0,50,1,Attack_DataExfiltration,1
1,0.08715759711201473,0,0,0,7,23,0.2554078049948995,3.3205437969563922,52,8,2,0,1,0,Benign,0
11,0.25376349268179993,2,1,0,8,3,0.12269546051999203,0.6671951819103591,126,10,2,11,0,24,Attack_InsiderSabotage,1
1,0.004512659669414322,0,0,2,6,15,0.27465993993493765,4.411234457100467,41,9,3,0,0,0,Benign,0
3,0.2799880891837339,2,1,0,9,6,0.05832210660689715,1.3707644641153736,97,3,2,14,0,19,Attack_InsiderSabotage,1
3,0.017344577908760025,0,0,0,4,25,0.15906332308617688,2.776365584276807,31,7,1,0,2,1,Benign,0
1,0.7928334952802645,5,6,237,601,18,0.6481092328718381,103.93684506478407,18,6,162,2,53,2,Attack_DataExfiltration,1
1,0.5323558698662391,5,8,251,593,18,0.7495195463325729,227.9153689716273,16,2,154,0,47,2,Attack_DataExfiltration,1
1,0.01680937499970183,0,0,1,3,18,0.12653348881587684,13.054362588031545,43,10,5,0,0,0,Benign,0
2,0.08306055317654647,1,0,0,13,23,0.11391280962707494,4.8883741977126665,46,9,1,1,0,1,Benign,0
2,0.46100697020379355,1,2,0,9,8,0.17798407172766165,0.8112907799969843,109,3,0,12,0,27,Attack_InsiderSabotage,1
1,0.05210896454700988,1,0,0,4,24,0.14027232438039464,5.759697567558372,34,8,0,1,1,1,Benign,0
2,0.021203899984878084,0,0,0,4,24,0.07658957718261962,1.8263614632524088,43,10,2,0,1,1,Benign,0
1,0.04156243390541413,0,0,0,3,22,0.28792793870502303,8.079736870994264,31,8,2,0,1,0,Benign,0
2,0.00791537961929756,0,0,1,5,24,0.1094533560274832,0.7575960013758032,49,8,2,0,0,0,Benign,0
5,0.6760930133445588,4,3,0,11,3,0.164196005021263,1.5669015691799195,93,3,1,15,0,18,Attack_InsiderSabotage,1
1,0.14766140213660162,0,1,2,5,24,0.1857151202859335,4.447332034875982,33,13,0,0,2,1,Benign,0
1,0.6273175926753801,3,0,0,9,3,0.08064015196168063,1.8906091130196416,109,3,1,20,0,24,Attack_InsiderSabotage,1
3,0.01442595505056495,0,1,0,5,30,0.17271286334192237,48.20132719676053,39,6,2,0,1,0,Benign,0
1,0.10307279539444247,0,0,1,9,28,0.12065573423397032,0.8367504411699471,30,19,3,0,1,0,Benign,0
5,0.6414664263729305,0,1,0,7,3,0.28389361260648904,3.0518827333379552,113,6,1,24,0,16,Attack_InsiderSabotage,1
1,0.06699289152304022,0,0,1,5,30,0.07396327157956303,2.941417624122829,46,7,0,0,0,0,Benign,0
2,0.018641224750571207,0,0,1,9,26,0.07821727682708943,11.75677906840154,37,10,4,0,0,0,Benign,0
4,0.05093032984535835,0,1,0,6,30,0.25085411872717317,4.858652112151069,28,6,3,0,1,0,Benign,0
1,0.11079581980523706,0,0,1,6,26,0.07305975883522925,1.1373482371485646,41,9,1,0,1,0,Benign,0
2,0.9025561556652422,7,5,250,586,13,0.5386592167729212,107.57780670860295,17,5,164,1,51,1,Attack_DataExfiltration,1
2,0.01992606333336332,0,0,0,7,24,0.05784670300137363,7.4529827089979,45,13,3,0,0,0,Benign,0
2,0.018922661383286937,0,0,1,3,19,0.2511168947778345,5.412400543403622,41,6,3,0,2,0,Benign,0
2,0.1064911172672482,0,1,1,6,12,0.2067621828644009,2.788005026924733,41,12,4,0,0,0,Benign,0
1,0.0950154532257656,0,0,1,4,40,0.07339424413076483,0.7884153804355463,44,10,4,0,0,1,Benign,0
3,0.019615077124583144,0,1,0,9,18,0.2093467235054008,5.550719249546366,39,7,2,0,1,0,Benign,0
2,0.1337284617364413,0,0,0,6,29,0.22309276307313902,0.3110737712018753,44,8,3,0,0,0,Benign,0
1,0.0083351353510912,0,1,0,8,25,0.16930004720680622,2.41834165664726,36,13,2,0,0,0,Benign,0
1,0.03268644215952557,0,0,0,4,29,0.07904646796007028,3.6781917292494417,44,11,1,0,5,0,Benign,0
1,0.0072989626740610405,0,0,0,6,25,0.14295507355090353,0.3581238936937319,37,13,1,0,0,0,Benign,0
2,0.04423434364197804,1,1,0,3,28,0.0642441102004938,2.136249980197511,41,11,2,0,1,0,Benign,0
2,0.002240385783190537,0,0,1,6,34,0.04100946300849615,0.8913155007240795,33,12,0,1,0,0,Benign,0
2,0.006424797894794218,0,0,1,6,19,0.17197974809322994,3.3265020898590754,36,12,1,0,2,0,Benign,0
1,0.1127178794766312,1,0,0,4,20,0.010717241186621068,0.4295031027358705,49,11,3,1,1,0,Benign,0
1,0.49613203693772157,9,3,258,603,17,0.9248432049376464,362.288412519565,14,2,173,0,48,3,Attack_DataExfiltration,1
2,0.01035794147888645,0,0,2,13,19,0.045950712576540806,1.472636079455431,40,9,5,0,1,0,Benign,0
2,0.022363993806750224,1,0,1,6,25,0.37727973776512097,2.760537372179963,44,10,1,0,0,0,Benign,0
5,0.6180736382531635,1,1,0,13,3,0.11925811525042135,0.6562258854788868,93,6,1,16,0,20,Attack_InsiderSabotage,1
2,0.010840262840764043,1,0,0,4,25,0.12390380911977858,5.522034124578964,31,9,4,0,1,0,Benign,0
1,0.07408819945467122,0,0,0,7,33,0.27263635025660615,2.215600262937968,33,10,6,0,0,1,Benign,0
1,0.003849040403581505,1,1,0,6,27,0.3757938064422622,12.691370391683131,42,7,4,1,0,0,Benign,0
1,0.025543331656433396,0,0,1,2,17,0.1347693879421822,1.0758688449512954,28,13,1,1,0,0,Benign,0
1,0.014428759004161242,0,1,0,1,20,0.1119611227534045,2.954299677494701,41,14,3,0,1,0,Benign,0
2,0.01739191895749274,0,0,0,6,24,0.09736260122334577,1.7020304274321156,39,6,1,0,0,0,Benign,0
3,0.10061168447304529,0,0,0,1,33,0.28845677034444483,11.627573205374475,29,7,2,0,2,1,Benign,0
1,0.09974946024336179,0,0,2,6,28,0.3404160695163949,0.512819518558297,47,9,0,0,0,0,Benign,0
4,0.41426776702247303,4,2,0,15,6,0.3749097750411138,3.031670836179131,119,3,0,16,0,24,Attack_InsiderSabotage,1
1,0.03613795821800107,0,0,1,6,15,0.14139702800465104,1.0332532806482633,27,13,1,0,0,2,Benign,0
2,0.004666972682286813,0,1,0,7,26,0.10965731540181983,2.5041379513054323,32,14,1,0,0,0,Benign,0
1,0.04431936342533467,0,0,0,7,26,0.3869507710323566,0.2263157476737387,35,6,0,0,0,0,Benign,0
1,0.0014214699678896942,0,0,1,6,30,0.07724767758892558,1.3332180711626627,44,8,3,0,0,0,Benign,0
2,0.0002517952811173393,0,1,0,3,27,0.020074177320446536,3.8683447698233255,41,15,3,0,2,0,Benign,0
2,0.0162530781070418,0,0,1,7,21,0.14306010792521007,1.6415516440754043,44,11,2,0,1,1,Benign,0
2,0.08712363995982086,0,0,0,5,27,0.42759665537434643,0.8935420694258235,43,10,4,0,0,1,Benign,0
1,0.004353838536994344,1,0,0,6,21,0.15929399184432222,7.523791705390456,38,6,2,0,1,0,Benign,0
1,0.04789749856025517,0,1,1,6,21,0.21084319233877946,2.2168466629456627,31,5,2,0,1,1,Benign,0
2,0.055987362472728085,0,0,0,3,28,0.13416894294545312,4.0472541010926095,38,6,0,0,0,0,Benign,0
2,0.0542365038929237,0,0,1,6,27,0.24478675462844246,4.166798001950443,29,12,0,0,1,0,Benign,0
1,0.010894839968210964,1,1,0,2,32,0.13107072791054936,1.9826165017768025,35,8,5,0,0,0,Benign,0
2,0.08822547728458385,2,0,0,2,22,0.09357799455949371,6.430598211529468,33,8,1,0,1,1,Benign,0
1,0.025197154119225688,0,1,0,0,24,0.17722249206408183,6.652476431390629,32,5,0,1,1,0,Benign,0
2,0.05123721130798718,0,0,0,6,22,0.15911510749764332,2.3425267987417,54,7,1,0,0,0,Benign,0
1,0.04154808082897809,1,0,0,6,24,0.057000172671635436,3.338616422585508,36,10,2,0,3,1,Benign,0
3,0.6033941091356471,3,6,245,586,11,0.8879668222226984,50.21438050550176,24,7,178,2,42,1,Attack_DataExfiltration,1
2,0.15141466965673012,0,0,1,4,30,0.0767475017201888,2.0604816241064374,37,12,0,0,4,0,Benign,0
3,0.8698775870121599,3,0,0,10,3,0.027444481099397858,1.3095815540554643,95,6,0,15,0,20,Attack_InsiderSabotage,1
1,0.058062154087584576,1,0,1,5,21,0.2319806285789208,13.207222484907845,33,8,3,0,1,0,Benign,0
1,0.05375156093686645,0,0,1,4,19,0.09752005945595317,1.4574818897349524,39,8,1,1,2,0,Benign,0
1,0.024929718459192576,0,0,1,6,31,0.1522855076343261,3.4192347614023575,32,11,3,0,0,0,Benign,0
1,0.01062024918661208,0,0,1,7,20,0.044259783580410994,8.55322799967692,46,14,3,0,1,0,Benign,0
1,0.6174955810720376,4,10,242,590,17,0.83370885858436,97.04484596455225,25,3,146,2,36,2,Attack_DataExfiltration,1
1,0.15492608500247165,0,0,0,6,21,0.17060526577069896,0.6906052573404298,36,12,1,0,0,0,Benign,0
1,0.0274773703154042,0,0,1,1,27,0.20273814748616686,16.049310607691236,38,8,2,0,1,0,Benign,0
1,0.006059257410731342,0,0,0,8,25,0.3843402852757314,5.699984654144384,43,13,3,0,0,0,Benign,0
2,0.009451365878816453,0,1,0,8,34,0.08598021740537361,10.077844054569427,38,11,0,0,3,0,Benign,0
1,0.03938360305883866,0,0,1,6,27,0.08448092030909936,1.09697838314693,33,13,3,0,1,1,Benign,0
2,0.06947942275373577,0,1,0,1,26,0.21980583672924325,3.5655498714616742,44,7,2,0,1,0,Benign,0
3,0.47703743921839403,5,6,259,620,16,0.7291142504215385,155.65541981988218,14,6,177,0,48,0,Attack_DataExfiltration,1
1,0.006799624008643946,0,0,1,3,18,0.031247091853347002,3.738493601388155,34,12,0,0,1,0,Benign,0
1,0.07966628936294952,0,0,0,9,36,0.2112372412345071,0.5699085501168512,34,11,0,0,0,2,Benign,0
4,0.07842693187175248,0,0,0,9,23,0.100631669581092,34.03611938402814,41,9,2,0,1,0,Benign,0
2,0.0034480603086467164,0,0,0,6,27,0.17702175956807423,7.571424582762157,43,14,3,0,3,0,Benign,0
2,0.2309383012400121,0,1,2,2,22,0.12521047313341402,1.0008461829956128,39,6,4,0,0,0,Benign,0
3,0.014646031085498605,1,1,1,7,20,0.23395935096259915,1.1550077879562513,49,9,2,0,0,0,Benign,0
4,0.03553038049717904,0,1,0,3,27,0.17948890277210583,2.8493152690431924,30,10,1,0,1,0,Benign,0
3,0.03410334052910373,0,1,0,5,18,0.12921191765515722,0.8371334871313268,47,12,2,0,3,0,Benign,0
1,0.03851779031593203,0,0,1,7,28,0.05659590527371012,4.836495294877009,35,11,6,0,2,0,Benign,0
1,0.9356274187123372,6,4,249,611,22,0.8522652616929131,170.41624878444975,22,4,169,3,57,1,Attack_DataExfiltration,1
2,0.004738838277223381,0,0,0,6,28,0.14978568124752187,9.026701628773177,41,10,2,0,1,0,Benign,0
1,0.03753181459936289,0,0,0,5,24,0.07018262562956885,18.347240507226445,50,11,2,0,3,0,Benign,0
1,0.022030933743313098,0,1,0,4,31,0.17499970152077832,2.818674966442472,42,9,6,0,1,0,Benign,0
1,0.052943337036142964,0,0,0,3,27,0.21070675976669262,8.941297922977139,26,14,1,1,0,1,Benign,0
3,0.1667848138534264,0,0,1,12,32,0.20263420853751798,0.4684622299114706,26,6,1,0,0,0,Benign,0
1,0.03162961934456093,0,0,1,6,29,0.05748316551347308,8.00747039681,45,7,0,0,2,0,Benign,0
2,0.006930799580753029,0,0,1,5,18,0.04450667689657587,20.99214922906688,33,11,1,0,0,0,Benign,0
2,0.05931365909359555,0,0,0,2,25,0.01915246679267729,1.7944125128420056,44,7,2,0,0,0,Benign,0
1,0.05393513156882319,0,0,0,4,32,0.07829816119708947,0.722390078102032,41,7,2,0,1,1,Benign,0
1,0.05657358207798862,0,0,0,5,25,0.18213477814228593,0.7569307794837262,33,6,2,0,1,0,Benign,0
1,0.035411602099806705,0,1,1,6,22,0.11558051080874884,0.6410433798856686,43,8,2,0,2,0,Benign,0
1,0.03596646996632026,1,2,1,7,22,0.2294903728427886,1.4704848362076153,40,7,1,0,1,1,Benign,0
1,0.07515310956634356,0,0,1,3,21,0.08339402569219766,10.721435795987121,39,9,4,0,1,1,Benign,0
2,0.0178889656826327,0,0,0,3,28,0.4045514090010275,0.5721833325866479,40,9,4,0,1,0,Benign,0
1,0.001859912370434947,0,0,0,4,29,0.2727103743476434,0.8382460356351636,23,18,1,0,2,1,Benign,0
2,0.0821047135553601,0,0,0,3,22,0.10142741832894929,0.9357476364996514,36,11,3,0,1,0,Benign,0
1,0.07772970996759944,1,0,0,5,31,0.0585483147463283,9.141325392200075,35,7,1,0,2,0,Benign,0
4,0.028815501626707256,0,1,1,8,27,0.3489121195468186,1.1445926275531435,31,9,0,0,0,0,Benign,0
2,0.0022345912461382415,0,1,1,4,29,0.027693492259452862,1.0006442089550307,37,14,3,0,1,0,Benign,0
3,0.021380482957938436,0,0,0,4,23,0.09349880990083201,4.134613715748824,34,10,4,0,0,0,Benign,0
7,0.18966416587563767,1,0,0,12,2,0.220771505352654,0.7219216656978993,90,9,1,12,0,22,Attack_InsiderSabotage,1
1,0.05985078121857235,1,1,1,0,30,0.06401171294313054,4.261241489260998,44,8,1,0,1,1,Benign,0
2,0.15248098722161205,0,0,1,8,23,0.2204010711499967,0.5036878653295818,48,12,2,0,0,0,Benign,0
1,0.06357476551162956,0,0,0,3,24,0.13181728587144506,26.447237498332402,49,6,3,0,2,1,Benign,0
3,0.04500122603348292,0,0,0,3,28,0.04013134950567524,0.4089997988442112,36,9,3,0,1,0,Benign,0
2,0.056851345887164416,0,0,0,7,29,0.3546847908993309,3.375592352125643,45,11,1,0,0,0,Benign,0
4,0.08518004774653412,1,0,0,3,32,0.1918833623737407,0.7277425954670932,35,6,3,1,1,0,Benign,0
1,0.05739146331825659,0,0,0,7,20,0.11733041030109227,2.5542727690487124,25,13,2,0,0,1,Benign,0
1,0.01779327065156068,0,0,1,7,22,0.17568892862170235,0.981752891509269,28,5,5,0,4,0,Benign,0
1,0.016745421795092353,0,0,0,1,23,0.08394677024136478,2.939834486222714,38,10,2,0,1,0,Benign,0
2,0.0025377695016207337,0,0,0,5,26,0.04893467603742296,5.9319390768868105,31,8,2,0,0,0,Benign,0
4,0.708898669349466,7,4,239,613,7,0.6774963877371435,268.7830496168489,21,6,150,1,39,0,Attack_DataExfiltration,1
1,0.05348701078169697,1,0,2,5,21,0.31032825527046176,25.058058937826775,50,12,2,0,1,0,Benign,0
1,0.05976575430238757,1,0,0,5,18,0.2583388686543712,2.331821263477136,41,12,2,0,1,0,Benign,0
3,0.004064522795002871,0,0,2,8,28,0.1677467586158038,4.969685224300895,35,12,0,0,2,0,Benign,0
2,0.056774035600920036,1,0,0,4,22,0.11736241867716583,0.3390324358357807,47,8,3,1,1,0,Benign,0
1,0.014489291718178362,1,0,0,7,25,0.030597718631904983,1.76930439428482,34,9,0,1,0,0,Benign,0
3,0.0006106920881199914,0,0,0,5,30,0.21022257358367086,4.487922895225373,41,9,1,0,0,0,Benign,0
2,0.000462716249260824,0,0,0,3,26,0.017729027103221003,0.16481110268207397,40,14,1,0,1,0,Benign,0
1,0.09636365560662581,0,1,0,0,18,0.181746929164339,0.3881801210956082,42,12,1,0,3,0,Benign,0
4,0.03548087943784543,0,0,0,6,20,0.20155412630164785,3.2580478961222905,53,13,3,0,1,0,Benign,0
1,0.9169104451650112,4,4,233,632,14,0.7830775007366866,156.0378828487224,22,8,183,1,38,1,Attack_DataExfiltration,1
3,0.4389218790603164,3,2,0,7,3,0.05061808017681894,1.8644699299301473,108,7,3,14,0,24,Attack_InsiderSabotage,1
2,0.103281606169119,1,0,1,6,19,0.21331033185740977,1.721285222867889,48,14,3,0,3,2,Benign,0
2,0.9093394255379061,3,7,256,563,22,0.6373677350962674,151.0318426063783,29,3,164,0,43,0,Attack_DataExfiltration,1
1,0.6537975733014891,3,7,261,613,6,0.8584409803135038,342.56068190392267,25,6,189,0,41,1,Attack_DataExfiltration,1
3,0.008788792999214964,0,0,1,3,20,0.2141362241881756,8.862716496624554,44,10,1,0,0,0,Benign,0
4,0.794252333909703,6,5,250,593,14,0.7758621372564743,189.64591225511722,26,10,164,0,49,5,Attack_DataExfiltration,1
3,0.04628324218524144,1,0,0,4,34,0.1800295697513306,2.2643773478823785,46,8,2,0,2,1,Benign,0
2,0.014456342056871567,1,0,0,2,26,0.18092326674156534,4.791849318142058,36,22,2,0,2,0,Benign,0
2,0.15906427706823853,0,0,0,7,35,0.14782239963116228,2.667628358836835,40,10,2,0,1,0,Benign,0
1,0.1125278552531666,0,0,0,5,30,0.0830055769308564,9.77375015136137,36,10,1,1,0,1,Benign,0
1,0.03499373379412499,0,2,0,4,33,0.07993824523285921,1.366962506984165,32,6,2,0,1,0,Benign,0
1,0.03297945919240408,0,0,0,9,22,0.1278194017255521,15.910472612960193,36,13,1,1,1,0,Benign,0
4,0.07791241755931308,0,0,0,4,25,0.2687817688906865,5.35834821433639,32,5,4,0,0,1,Benign,0
1,0.4130237401117315,9,8,255,594,10,0.6407801590534739,109.59897423051042,13,6,151,2,65,1,Attack_DataExfiltration,1
1,0.12015358879188776,0,1,0,4,24,0.20870208013782454,4.161343641417274,26,8,5,0,0,1,Benign,0
1,0.05356092516898502,0,1,1,6,22,0.21520433881709086,4.574215262333819,36,8,3,0,0,1,Benign,0
3,0.8472710602056197,4,5,260,609,19,0.9044592278022314,214.75531200117072,13,3,158,3,43,3,Attack_DataExfiltration,1
2,0.0005955336645542607,0,0,1,3,26,0.08053638421522295,2.2567535948163036,43,16,1,0,1,1,Benign,0
1,0.05380043375656886,0,1,2,5,24,0.05167503828599827,0.24066814253383234,35,8,4,0,1,0,Benign,0
1,0.14010689649846803,1,1,1,3,21,0.14928489112670737,3.393931755167483,37,10,0,0,1,0,Benign,0
1,0.053957984597275244,1,0,0,7,20,0.18279773620986586,5.509509262079459,36,11,1,0,2,0,Benign,0
2,0.0015935789024968227,0,0,0,10,29,0.23559051312320123,1.1896090710602139,40,8,4,0,1,0,Benign,0
1,0.2947938899436294,7,1,0,11,7,0.3071012675570315,2.789639941241277,105,6,4,16,0,22,Attack_InsiderSabotage,1
2,0.00026830671334337976,0,0,0,6,39,0.1543950806684214,0.2688163221791185,35,8,0,0,1,0,Benign,0
2,0.08393071719772163,0,0,0,1,26,0.36034569700762953,1.096925123996786,47,9,1,0,1,0,Benign,0
2,0.05385729948290375,0,0,0,5,25,0.16338209911536422,4.611462659014676,42,8,4,1,1,0,Benign,0
1,0.008245141590512888,0,0,1,4,25,0.07962446305857587,4.878336808891495,41,9,1,1,2,0,Benign,0
2,0.03602199839593556,0,0,1,4,21,0.10360690045749728,3.8127754414773563,35,5,1,0,1,0,Benign,0
1,0.0130112364430709,0,1,0,4,35,0.15868628884251182,13.611394710135913,34,9,0,0,1,1,Benign,0
3,0.002630068178545266,0,0,0,4,17,0.29020360853288607,20.199208726806617,39,10,1,0,3,0,Benign,0
1,0.12082525907664808,0,0,0,2,21,0.2130028334329946,0.8695640501061709,31,10,2,0,1,0,Benign,0
1,0.026304583211406548,0,0,0,6,26,0.04816920066184414,4.284495526314236,36,12,1,0,1,1,Benign,0
1,0.009406295022075972,0,0,0,10,33,0.22746898845571673,2.4463947770588717,47,8,1,0,2,0,Benign,0
3,0.08118991239225766,0,0,0,3,31,0.27568442226384615,8.453948167702046,39,15,4,0,1,0,Benign,0
1,0.0008135756904262781,1,0,0,5,25,0.2339402032956231,6.4584878147726625,44,19,2,0,0,0,Benign,0
2,0.09144328694024491,0,0,0,7,27,0.1920263987854569,1.8013914283987345,28,10,0,0,2,1,Benign,0
1,0.0103659907804834,0,0,0,1,22,0.2200907211446372,0.7498696806315028,27,11,4,0,2,1,Benign,0
4,0.01960841670030166,0,0,0,4,30,0.11465055301217458,2.835349832288147,48,9,0,0,1,0,Benign,0
2,0.05654198992423622,1,1,0,2,25,0.37005671532440404,1.136571936862367,47,7,2,0,0,0,Benign,0
3,0.002178117674718213,1,1,0,3,20,0.1238835764403145,2.0646482153249317,50,4,2,1,0,1,Benign,0
1,0.062191492417151474,0,0,0,4,25,0.2633466956780211,21.793496465017427,34,10,2,0,0,0,Benign,0
1,0.04222557298406473,0,0,1,6,23,0.08878171538781804,4.069840280934417,34,16,1,0,0,0,Benign,0
2,0.0006771235370771405,0,0,1,7,17,0.18489654064458533,1.0591784879861872,33,13,1,0,0,2,Benign,0
1,0.01534764486396314,1,0,0,3,24,0.01975470547111919,3.36771558975997,48,8,1,0,0,2,Benign,0
1,0.025074894425491864,0,1,0,8,26,0.29557468390711783,1.055321137429721,42,6,3,0,2,0,Benign,0
1,0.02941851528747916,0,0,0,4,19,0.07097727589265729,2.3613824659472717,35,14,3,1,2,0,Benign,0
2,0.062001595072745525,0,1,2,7,26,0.04314329346385695,1.1033910085756438,36,12,2,0,3,0,Benign,0
2,0.7855080006941134,7,8,244,596,10,0.740064792654511,224.92467755810284,18,4,178,0,57,1,Attack_DataExfiltration,1
1,0.007392187662555468,0,0,1,4,34,0.1666925622540202,0.616265403179501,29,10,4,0,0,0,Benign,0
1,0.7926174191069778,5,4,245,583,11,0.73878369872622,198.66686882395123,20,2,167,2,57,0,Attack_DataExfiltration,1
1,0.07457612102844385,1,1,0,1,19,0.12029778232426569,2.0770854798257687,38,7,1,0,0,0,Benign,0
1,0.010132066356816787,0,1,1,4,22,0.40297206827330123,3.409414535240768,37,5,6,1,3,0,Benign,0
1,0.003109227997858298,1,1,1,11,24,0.026521438026108304,4.256095035785518,38,10,8,0,0,0,Benign,0
1,0.009994686330203484,0,0,2,7,28,0.12428152769221013,10.839858164697995,42,11,2,0,1,0,Benign,0
5,0.04570634137082853,1,0,0,2,30,0.143625144996964,1.9680379028062183,46,9,2,0,0,0,Benign,0
3,0.1248047177070448,0,0,2,3,28,0.15848716898389176,0.6853010993736819,42,10,0,0,1,0,Benign,0
2,0.009859164622285319,0,0,0,6,22,0.022775722859442345,4.490585211896138,44,14,1,0,1,0,Benign,0
1,0.040734950806270875,0,1,1,7,22,0.27787000436392356,1.5846659552532047,38,11,1,1,1,0,Benign,0
1,0.037921499154478684,0,0,1,2,26,0.09512244329848314,4.662419056945039,24,10,2,0,2,0,Benign,0
1,0.11354954552109649,0,0,1,1,21,0.23692391323568784,2.360094180611616,36,8,1,0,1,1,Benign,0
1,0.04672123953285033,0,1,3,6,19,0.0765757830735601,6.927312405446259,45,15,1,0,3,0,Benign,0
1,0.007285681954964888,0,0,0,3,18,0.06466072755471478,13.905481204803824,37,12,1,0,0,0,Benign,0
1,0.0015927778739899749,0,1,0,4,30,0.17763901987708033,3.8448246198485942,47,10,2,0,0,0,Benign,0
1,0.02720065400697635,0,0,2,9,27,0.11159111782291121,1.551095677807594,47,7,2,0,2,0,Benign,0
3,0.005275224344364238,0,1,0,8,16,0.22669055081927653,1.9371553028593234,51,8,3,1,0,0,Benign,0
2,0.037902267569190136,0,0,0,8,25,0.23503224930995076,0.6622244735496843,34,8,1,0,0,0,Benign,0
1,0.009789425803687178,0,0,1,2,28,0.05629637951078936,10.500618997538336,43,11,2,0,2,0,Benign,0
1,0.09088937138854435,0,0,1,7,18,0.04080429747543704,0.5367148612284989,45,13,1,0,3,0,Benign,0
1,0.05300181945511985,0,0,0,8,23,0.41495601590121794,2.7612919729400476,41,14,6,0,1,0,Benign,0
1,0.04698795401188052,1,0,0,5,23,0.11630226874565208,3.6809372515238867,33,14,3,0,0,0,Benign,0
5,0.5041529336648694,2,9,256,603,20,0.7597595246210416,153.27791541854052,23,3,172,1,53,0,Attack_DataExfiltration,1
5,0.5401175819801488,3,3,231,614,6,0.9202127366295164,107.10159830634667,17,5,188,1,47,2,Attack_DataExfiltration,1
1,0.007017481515012821,1,1,0,6,32,0.1847250010978669,2.844562899950796,35,2,0,0,0,0,Benign,0
1,0.1263188290749363,0,0,1,8,17,0.450402526279845,1.7947048571730542,55,6,4,0,1,0,Benign,0
5,0.45379637307422765,3,1,0,5,5,0.20676029163915327,0.5204684616882447,86,7,4,17,0,18,Attack_InsiderSabotage,1
3,0.00462320887438478,0,0,0,3,25,0.18036119036748155,1.4132151394971908,33,8,1,0,1,1,Benign,0
1,0.05800592935051447,0,0,0,5,30,0.07215269600694599,8.841956577560413,40,6,3,0,0,0,Benign,0
1,0.06378835620630899,1,0,0,6,25,0.2001010289268027,1.0101487777285474,41,8,1,0,1,0,Benign,0
1,0.08839097293253928,0,0,1,3,22,0.23305531581714112,1.3819732508976739,44,11,1,0,1,0,Benign,0
1,0.4648261177166441,9,4,241,653,16,0.9329110821254392,271.5524859170245,26,6,163,0,40,1,Attack_DataExfiltration,1
1,0.012981627908905122,0,0,0,2,23,0.08675986423585137,2.4430390086373484,32,13,2,0,0,1,Benign,0
1,0.03787330221662843,0,1,1,6,24,0.1987951568003624,6.591531644352034,48,9,4,0,1,0,Benign,0
1,0.0475043112451498,1,0,0,4,22,0.2447311985808184,4.156452626098973,41,12,2,0,1,0,Benign,0
2,0.03417793406799577,1,0,1,4,31,0.0727114915012865,2.362665954588588,37,11,2,0,0,0,Benign,0
2,0.596982908897587,6,6,265,593,10,0.8019330174978186,111.49350348682252,16,6,164,0,46,2,Attack_DataExfiltration,1
2,0.013040835285330102,0,0,0,5,19,0.2975931350489457,3.892935158431575,41,10,5,0,2,1,Benign,0
1,0.00451864821105449,0,0,0,5,25,0.35924268370402596,1.1136643573654066,33,7,2,0,0,0,Benign,0
5,0.002651879454676604,0,0,1,5,26,0.14599067928761503,1.3516362657976482,40,8,1,0,1,1,Benign,0
2,0.11925303231772426,0,1,1,3,27,0.14871753252936673,2.840060405825085,46,5,4,0,0,1,Benign,0
2,0.0008503186182871911,0,1,0,4,25,0.051510502676297525,1.583263117267351,41,11,1,0,0,0,Benign,0
1,0.040038184079488934,0,2,0,2,23,0.22830468765331843,19.1402037581832,47,7,2,0,2,0,Benign,0
1,0.0076194899128413434,0,0,1,5,33,0.09511691417091465,9.832957817678793,33,3,1,0,0,0,Benign,0
4,0.018894257416339932,0,0,2,7,29,0.098764223843265,1.3176659898847543,41,15,0,0,2,0,Benign,0
1,0.018829252897587974,1,1,0,8,25,0.09211374977527677,2.8693367622239148,35,11,0,0,2,0,Benign,0
1,0.0555236111050469,0,0,2,8,22,0.15100436676449658,3.8441727819799776,40,14,1,0,0,0,Benign,0
2,0.014531705722614903,0,0,0,6,26,0.18236766256140557,1.8787232459009084,33,10,0,0,0,0,Benign,0
2,0.002201301893246591,0,0,1,8,23,0.18798897861676336,12.76521484669183,32,7,4,0,1,1,Benign,0
1,0.011364865380084525,1,1,0,2,27,0.28978387556549995,4.932253602702585,41,4,0,0,0,1,Benign,0
2,0.032866045257236354,0,0,1,3,28,0.2188405730151352,2.079120304147906,36,10,1,0,0,1,Benign,0
2,0.020528025022911085,0,0,1,6,19,0.28354065260723876,2.6382948557245096,38,10,2,0,2,0,Benign,0
2,0.011541795482776573,0,0,0,6,27,0.026199180389276894,1.930141591773867,37,9,1,0,0,0,Benign,0
1,0.028850305043395173,0,1,1,7,26,0.030131746996240726,1.9931919470646324,31,7,3,0,0,1,Benign,0
1,0.0014556635672343561,0,0,0,4,18,0.12526737272080177,0.7819386983259871,28,15,1,0,1,0,Benign,0
2,0.09633143426252583,0,0,0,7,19,0.04933059625511043,5.222530721501647,43,15,3,0,0,0,Benign,0
1,0.039047220074528835,0,0,1,4,28,0.10622293607354036,1.486878769551572,43,9,0,0,0,0,Benign,0
1,0.06320302385252877,0,0,0,5,38,0.20171828975835632,2.7878397917013023,38,17,3,0,0,0,Benign,0
1,0.010257449508010356,0,0,1,9,33,0.18443163978827656,1.2301510124621278,29,6,3,0,3,1,Benign,0
1,0.0044549380432424455,0,0,1,4,27,0.10229913297477207,0.4367648913276533,42,4,4,0,2,0,Benign,0
2,0.10744883637808814,0,0,0,7,31,0.10282103336083076,6.682630011031829,34,6,2,0,2,0,Benign,0
1,0.022023202461355827,0,0,1,9,26,0.19521273656512203,4.472642838530462,35,9,1,0,1,1,Benign,0
1,0.686597245174953,4,7,268,623,21,0.7446079575947393,431.268890457281,17,10,164,1,41,2,Attack_DataExfiltration,1
3,0.014845666198246808,0,1,1,7,30,0.05740115612129759,4.376731430336001,40,9,1,0,2,0,Benign,0
2,0.8632256061754464,4,8,255,586,12,0.6733176599342573,163.91421073605213,17,8,162,1,51,2,Attack_DataExfiltration,1
1,0.07293275341771209,1,0,0,4,30,0.3098433544670253,6.3424369219204655,41,9,1,0,0,0,Benign,0
3,0.009660525730124072,1,0,1,4,28,0.24607872897722985,3.7363198186573654,49,13,3,1,1,1,Benign,0
2,0.019717866261733764,0,0,0,5,28,0.20611438902258736,3.4088692813020933,38,13,2,0,1,1,Benign,0
1,0.04633717018339856,0,0,2,4,21,0.13764264280539043,2.1363430146210893,48,14,1,0,0,0,Benign,0
1,0.7090595017632858,5,6,248,593,15,0.7827249948238612,129.71503948042482,15,1,176,1,52,0,Attack_DataExfiltration,1
1,0.04349306318859918,0,0,0,3,31,0.12794423291880003,2.9599419347560247,43,10,0,0,1,0,Benign,0
2,0.07413364764624622,1,1,0,7,21,0.4102538573280219,2.83405445719826,35,9,5,0,0,0,Benign,0
2,0.03169929725750546,1,1,0,5,26,0.0710193717506487,1.5951130656666919,37,5,3,0,2,0,Benign,0
1,0.0320674985414224,0,0,0,5,23,0.06782445140209746,1.9321973550131262,22,8,4,0,1,1,Benign,0
1,0.005192593746881944,0,0,1,5,20,0.34817856653748835,2.175753302303581,45,7,1,0,1,0,Benign,0
1,0.0076214360717039775,1,0,0,8,39,0.2381111017324819,0.7639739123269251,47,15,1,0,0,1,Benign,0
1,0.013179574744717034,1,1,0,7,20,0.29536768626953225,0.26108645004336406,42,8,3,1,1,0,Benign,0
1,0.003571807638847383,0,1,0,4,36,0.17691740091990577,3.9776218446087013,38,6,2,0,1,0,Benign,0
1,0.003398470183907528,0,0,0,6,33,0.14689962331559508,3.3146720689283433,32,2,3,0,1,0,Benign,0
2,0.03488496188408204,0,0,1,6,15,0.14803976630973792,1.9153480171031894,38,3,2,1,1,1,Benign,0
2,0.7924821193061243,4,6,249,569,13,0.5784945366557801,471.7774059337991,18,4,146,1,42,2,Attack_DataExfiltration,1
1,0.015805867874521942,1,0,0,9,34,0.35346729078459543,0.3407744928027927,37,8,2,0,2,0,Benign,0
3,0.023692004130844754,0,0,0,5,30,0.05097818697295603,2.0639848086222226,29,7,1,0,1,1,Benign,0
1,0.015377324693641847,1,0,0,7,24,0.0031667271713419257,1.3589171976554957,51,9,3,0,1,0,Benign,0
1,5.965403844463872e-05,1,0,0,8,25,0.20770386373400632,3.09287628226719,44,10,2,0,0,0,Benign,0
1,0.9097207971582302,6,7,237,617,24,0.7604588892986713,84.17024475688581,20,5,167,1,62,1,Attack_DataExfiltration,1
2,0.01688437858661002,0,1,0,5,23,0.08084246192747087,1.374568043049665,44,9,2,0,0,0,Benign,0
2,0.0757880914654392,0,1,0,5,17,0.1913384054715912,5.279604974282203,36,9,2,0,1,1,Benign,0
2,0.7879895077245876,8,6,245,571,15,0.9209408386355987,167.52104073486322,18,6,150,1,61,2,Attack_DataExfiltration,1
1,0.08073452276532403,0,0,0,2,26,0.07731123848426716,1.7724638271154312,44,10,2,0,1,0,Benign,0
3,0.1045363286542878,0,1,0,4,21,0.21746598393787786,0.6305815428154136,38,11,2,0,0,0,Benign,0
2,0.02085580435288833,0,0,1,6,26,0.30772777434690524,2.495263478342953,34,6,2,0,0,0,Benign,0
4,0.0001744157920056465,0,0,0,2,15,0.2999375593830357,6.0441996116405825,48,16,2,0,0,1,Benign,0
4,0.026947110167376154,0,0,1,5,43,0.43005528932548087,16.792002013316026,45,9,1,0,0,1,Benign,0
1,0.03840284545250564,0,1,1,4,27,0.1203580550039622,2.94081666007415,38,6,5,0,0,0,Benign,0
2,0.07451290204367239,0,0,1,7,33,0.1276058789639666,3.2890973514599127,30,8,3,0,0,1,Benign,0
1,0.0042404403260026535,0,0,0,4,27,0.25342623314434387,0.3639252365696354,41,12,0,0,2,1,Benign,0
2,0.027910897319392856,0,0,0,6,24,0.13378244106776369,7.644352828505888,53,7,3,0,1,1,Benign,0
6,0.7347032881877629,7,0,0,12,5,0.023529367985596863,5.33774370255586,95,3,3,21,0,13,Attack_InsiderSabotage,1
1,0.011349728459636629,0,0,0,1,17,0.266161033691506,1.5132770140297547,36,10,3,0,1,1,Benign,0
1,0.11085116950364837,0,0,0,4,30,0.17351129872408705,0.535493672305297,31,12,1,0,2,1,Benign,0
2,0.9286771327445866,1,6,253,572,9,0.7689169379643567,332.3216640083373,27,3,182,5,59,0,Attack_DataExfiltration,1
2,0.0009311469687607815,0,0,0,6,23,0.2344896745439653,3.1211981926462444,42,13,2,0,2,0,Benign,0
3,0.006776873084807826,0,0,1,7,20,0.15029951473368294,12.24750253617858,36,14,5,0,1,0,Benign,0
1,0.0034268943922526668,0,0,0,5,31,0.1280673658143053,1.3283321425580206,40,11,3,0,0,0,Benign,0
3,0.0032831348548948186,0,1,0,6,22,0.29611948495053203,8.14225787540945,50,9,1,0,0,0,Benign,0
1,0.030608355733576433,0,0,0,3,18,0.2219045316083787,8.152011063222806,47,12,1,0,2,1,Benign,0
2,0.0002861752958168706,0,0,0,8,23,0.12802346915554072,0.8771415805926176,42,12,0,0,0,0,Benign,0
1,0.05155147813719421,2,1,0,11,30,0.04334486291540013,0.1790433700790068,43,7,8,0,2,1,Benign,0
2,0.011759423664160468,0,0,0,4,25,0.39271503341260156,0.7619137369797065,48,9,1,0,0,0,Benign,0
3,0.007915097147200128,0,0,2,7,34,0.027155417399616515,0.5428952014343779,33,14,2,0,2,0,Benign,0
1,0.08840639903547193,0,0,1,1,17,0.11001832535606243,4.368680961363392,39,9,5,0,2,0,Benign,0
1,0.009957947784617073,0,0,2,3,20,0.0719211342942427,6.063312326811934,40,11,3,0,1,0,Benign,0
2,0.014097156233472229,0,2,0,2,31,0.2620043099554167,1.5757490762769157,45,8,5,0,2,0,Benign,0
1,0.058019779418387964,0,0,1,3,21,0.5101094448946375,5.236133902132848,42,13,2,0,2,0,Benign,0
3,0.09956847563975958,0,0,0,3,28,0.12342511073281763,1.4873539991605618,45,10,0,0,2,0,Benign,0
5,0.5216514223798647,4,1,0,9,7,0.27760253693858666,0.7081684147367537,106,10,0,11,0,21,Attack_InsiderSabotage,1
2,0.03448414342127001,0,0,1,5,23,0.20886064263034027,0.9553901639467253,32,9,0,0,0,0,Benign,0
1,0.012906078128935307,1,0,0,10,23,0.2821059268616195,5.505146937921786,34,12,3,0,1,0,Benign,0
2,0.0007617389044097873,0,1,0,4,29,0.29632617148964674,0.2922184739238971,44,14,3,0,2,0,Benign,0
1,0.004735881801881072,0,0,1,5,26,0.2192554608712041,8.084047370425724,36,5,4,1,0,0,Benign,0
1,0.0010292130769998706,0,0,1,6,21,0.07409498763040004,3.835713953934387,36,17,0,0,2,0,Benign,0
1,0.009424928090150083,0,0,0,7,24,0.11740570374275168,0.9094459962712977,47,9,0,1,0,1,Benign,0
2,0.023404031924328703,0,0,1,5,27,0.07702727007518691,6.2677027811248545,28,8,1,0,0,0,Benign,0
2,0.04655529945281028,1,0,1,8,26,0.2521689441443065,4.05520308876081,37,9,0,0,3,0,Benign,0
3,0.020650116183999635,0,0,2,3,28,0.07298175189739264,0.9048143578587163,36,13,0,0,0,0,Benign,0
2,0.002084918089777814,1,1,0,6,29,0.2526878544362223,13.892711190090303,49,7,0,0,0,1,Benign,0
1,0.06883222755529775,1,1,0,5,18,0.26109993962045597,6.10758993223247,24,10,2,0,0,0,Benign,0
3,0.11271254971534059,0,1,0,7,21,0.21780611974724923,4.260846232177766,38,6,2,0,1,0,Benign,0
3,0.024209123064657164,0,2,0,3,29,0.17110301442378845,13.893824454253812,41,11,1,0,1,0,Benign,0
1,0.007138022345207732,0,0,0,6,28,0.16341708319017303,6.111484937742047,41,6,2,0,0,0,Benign,0
3,0.019551696421712596,0,0,0,4,26,0.022518955552620113,1.6414627002612243,34,14,1,1,0,0,Benign,0
2,0.02479801401106359,0,0,0,3,23,0.24549497943090487,1.9177358865053749,41,13,2,0,0,1,Benign,0
1,0.07365875373671629,0,0,1,4,17,0.08908890018189397,5.167749177583967,39,8,1,0,0,1,Benign,0
1,0.018916671762867678,0,0,0,5,22,0.08130498392845603,7.519310905856549,36,8,4,1,1,0,Benign,0
1,0.0014933273471161813,1,0,1,2,28,0.26655790881454516,2.393282341214013,37,6,3,0,0,0,Benign,0
1,0.012593815665305296,0,0,1,7,24,0.10133158639339587,4.911375008215805,36,7,1,0,0,1,Benign,0
2,0.9193304329440798,4,4,264,610,8,0.6999930775007526,91.51086443341842,19,2,171,0,59,1,Attack_DataExfiltration,1
5,0.8000691593304681,3,7,233,598,13,0.804496037480732,207.05811483723497,17,5,173,3,47,1,Attack_DataExfiltration,1
3,0.003935527413351014,1,1,0,8,18,0.3001100252387143,6.695412290136753,38,7,1,0,2,0,Benign,0
3,0.015733539188571472,0,0,0,6,34,0.21675172021569503,0.8412427795997985,37,9,1,0,0,2,Benign,0
1,0.004440275336638871,0,0,0,1,26,0.16367641299321756,1.796038779800077,40,11,5,0,1,0,Benign,0
1,0.02020027461202441,0,0,0,4,22,0.09849261268671387,3.5931240337782775,47,11,4,1,0,0,Benign,0
2,0.06447413267884827,0,0,1,2,25,0.14158538007978028,2.622977010388914,40,10,1,0,1,0,Benign,0
4,0.010246293839883933,0,0,1,15,20,0.05644344518919115,1.0525046837393075,40,10,3,0,0,0,Benign,0
1,0.04245145629277317,0,0,2,7,18,0.13803547685316217,10.103497716588276,34,18,2,0,0,0,Benign,0
4,0.014716208865666543,1,0,1,4,19,0.26759918434428104,4.3742116733775935,39,9,2,0,2,0,Benign,0
1,0.05028806028625114,0,0,1,3,21,0.30697127563691856,3.227912910308038,45,12,2,0,1,1,Benign,0
1,0.6153996074932415,7,5,256,593,18,0.8621425028808541,197.75798412889785,20,2,177,3,56,1,Attack_DataExfiltration,1
1,0.1478544097925232,0,0,0,5,20,0.030867866099463553,1.2592051244947982,46,6,5,0,0,0,Benign,0
1,0.1558295659660176,1,0,1,5,34,0.20828358679367492,1.8875074388567172,41,4,1,0,2,0,Benign,0
4,0.09750474154671136,0,1,0,6,22,0.36421640471422234,1.5600543564466554,42,4,3,0,2,1,Benign,0
1,0.04907558631089217,0,0,0,3,32,0.08856812621208936,1.7411519548830918,41,16,4,0,0,0,Benign,0
1,0.06049193459708785,1,0,0,4,14,0.13690583303213183,1.3003911993691728,50,14,3,0,1,0,Benign,0
4,0.00478852823009385,0,0,0,3,27,0.3073719998523667,1.6391221698315217,41,7,4,0,1,0,Benign,0
2,0.024301109162165536,0,0,1,5,32,0.0813326758051522,0.5960695951378614,34,18,0,0,2,0,Benign,0
1,0.020260838428100635,0,0,1,6,23,0.4206200779802352,6.937100539987229,27,11,3,0,0,1,Benign,0
4,0.11982876769536231,0,0,1,5,28,0.13471975014913926,7.76846894280812,34,9,2,0,0,0,Benign,0
1,0.015801234164425696,0,0,2,7,33,0.2979595315459183,1.1340376355936947,48,15,4,0,3,0,Benign,0
1,0.004408098010458024,0,1,2,4,26,0.2665246180127882,3.9281898046071024,48,8,1,0,1,0,Benign,0
1,0.01724864481882088,1,0,0,9,31,0.16716331942972845,2.677746401749093,40,5,4,0,1,1,Benign,0
1,0.019149749406083647,0,0,1,0,23,0.2378507272458959,4.489142084571055,44,17,2,0,1,0,Benign,0
1,0.05088351991320068,1,0,1,4,23,0.12340909009355763,3.5856189593387384,55,13,1,0,0,0,Benign,0
1,0.0178760070871112,1,0,1,3,19,0.1049934630531333,7.0473234588078,30,9,1,0,3,0,Benign,0
1,0.008777587187162005,0,0,0,5,21,0.005107132859992822,6.119960962976848,43,11,1,0,0,0,Benign,0
2,0.10018735721141248,0,0,1,4,30,0.12643168959184353,0.5254922673018771,47,13,1,0,0,0,Benign,0
2,0.03373240380435715,0,0,0,2,19,0.4805310248724399,1.3670566340519004,39,5,2,0,1,0,Benign,0
3,0.11188867467630227,0,0,0,6,22,0.23405979097446147,4.8704157277629125,45,9,2,0,0,1,Benign,0
3,0.00632630282877517,2,0,1,1,30,0.24300299019022686,2.9550337030626714,44,5,1,0,1,1,Benign,0
4,0.8966976607132955,6,5,271,607,19,0.6910377337959303,130.5786394346146,15,5,179,1,44,0,Attack_DataExfiltration,1
5,0.3514889142965005,3,1,0,12,4,0.03397631855767968,0.5996749059807046,97,1,3,9,0,26,Attack_InsiderSabotage,1
1,0.06777988232991583,0,1,1,5,26,0.05411084220139775,3.9684372597932875,38,6,0,0,3,1,Benign,0
1,0.0248771377017236,1,1,0,6,21,0.15360568141167547,3.9336567336924677,36,6,1,0,2,0,Benign,0
1,0.03465501951837771,0,1,1,7,31,0.19019890950979917,5.520813849955526,46,6,1,0,1,2,Benign,0
1,0.07821351148610392,1,0,0,8,16,0.05519519264502741,21.27738752303159,45,12,6,0,0,0,Benign,0
3,0.008835994845788965,0,0,0,7,23,0.17193091318667253,0.6192775745015764,39,11,1,0,1,0,Benign,0
1,0.04359438424898617,0,0,0,7,26,0.11087948213749137,0.5312878532395708,41,11,0,0,0,0,Benign,0
2,0.018781349898252208,0,0,1,2,23,0.25957961224853887,1.3633399694797068,47,12,3,0,2,1,Benign,0
6,0.48296978496719467,6,0,0,13,6,0.11879328493323747,0.6451052627479565,102,3,0,14,0,24,Attack_InsiderSabotage,1
2,0.004862264207378283,0,0,1,4,15,0.09095841777018487,4.399970718645961,33,11,2,0,3,0,Benign,0
1,0.04394313473685006,1,0,0,4,17,0.1721542597156623,1.8285924753371512,57,4,2,0,1,0,Benign,0
1,0.043971805737822195,0,0,0,7,22,0.24785912363469537,2.056997668612977,49,10,1,0,1,0,Benign,0
2,0.013561574450495021,0,0,0,4,30,0.02022488989632942,0.8011294504313559,41,12,2,0,3,1,Benign,0
2,0.015443492112969194,0,0,1,4,25,0.009083895233147217,2.6206075781664873,38,5,3,0,2,0,Benign,0
1,0.01360890578125118,1,0,2,7,24,0.5090417200419683,1.8437264184255837,40,11,1,0,2,0,Benign,0
1,0.01217069253447474,0,0,1,0,41,0.23388112935173005,1.9441926232271494,42,12,2,0,1,0,Benign,0
1,0.08076501858810421,0,0,0,6,29,0.18780432306328457,2.0212041580481355,47,9,3,0,0,0,Benign,0
1,0.04506516159132322,0,1,0,6,20,0.0361021642545942,3.8613158394847806,38,12,3,0,2,2,Benign,0
1,0.20312368846422418,0,1,0,8,24,0.17375285227541296,0.585143485711275,37,14,4,1,1,0,Benign,0
1,0.06447596274439374,0,0,0,5,23,0.030172127852495803,0.5603538629963748,34,11,3,0,1,0,Benign,0
2,0.020114193287709907,0,1,0,7,29,0.08026127629579355,1.9107176374662171,30,11,2,0,0,0,Benign,0
1,0.004740728424789597,1,0,1,4,23,0.1314458421297546,1.8668324611452054,37,7,0,0,3,1,Benign,0
3,0.01349891745160409,0,0,0,3,23,0.04949536188243764,1.2530371485627216,36,10,2,0,1,0,Benign,0
1,0.039166949288486776,0,0,0,6,35,0.3020522611932534,2.2875848946910957,44,10,2,0,1,1,Benign,0
2,0.07251699365933498,0,0,0,3,16,0.07475092209923935,2.300237239129644,44,14,2,0,0,0,Benign,0
1,0.0060129075596196185,0,0,0,5,27,0.036149356006700974,6.811016579109679,41,7,2,0,1,0,Benign,0
1,0.12381925540090523,0,0,1,3,20,0.150883714897811,3.3101570037142984,44,14,1,1,0,0,Benign,0
2,0.02025458028292972,0,0,1,4,28,0.19702569209243248,31.227157606094554,32,12,1,0,0,2,Benign,0
1,0.10636649326875323,0,1,1,9,23,0.07095099989978912,0.939263071277158,47,9,0,0,4,0,Benign,0
1,0.017021403881231034,0,0,0,4,17,0.278840766627293,1.067716681794495,40,7,3,0,2,0,Benign,0
1,0.07892824695574996,0,0,0,5,21,0.2965040703428656,26.291873504670413,42,12,0,0,1,0,Benign,0
1,0.029305601187453435,0,1,1,4,24,0.1238047257137155,2.002726919165549,34,8,0,0,0,0,Benign,0
1,0.0011449187057231945,0,0,1,6,25,0.30849611034095004,0.7890265271824977,40,13,1,0,4,0,Benign,0
7,0.05459464181118696,1,0,0,5,18,0.0921307113477254,8.590577855046558,45,6,1,0,1,0,Benign,0
3,0.03289948965005809,1,0,1,4,31,0.16647915012146702,0.3158076489022161,44,13,3,0,0,0,Benign,0
3,0.7229480587746993,5,6,243,560,14,0.8463824401023484,128.61053268979174,22,6,180,2,55,1,Attack_DataExfiltration,1
1,0.49679565397414605,7,7,263,588,11,0.9130225209385433,146.07114175371166,16,2,162,0,48,2,Attack_DataExfiltration,1
1,0.04473178186562472,0,0,0,6,27,0.34638246752281204,2.0787487288208095,38,9,1,0,3,0,Benign,0
1,0.047826244382168835,0,0,0,8,29,0.09339571241220698,4.956314606859063,45,5,3,0,0,0,Benign,0
1,0.007151660580281344,1,0,2,4,29,0.196104123844746,6.316067839463745,42,5,1,0,0,0,Benign,0
2,0.009275514621972543,0,0,0,4,24,0.09117563865302823,1.168758856611782,47,3,3,0,2,0,Benign,0
1,0.09209971443236771,0,0,2,2,23,0.3264558551630802,1.066099984722811,43,9,0,0,3,0,Benign,0
2,0.41184074705828094,3,6,233,607,13,0.7318521655313425,88.88843177780672,18,2,173,1,58,2,Attack_DataExfiltration,1
1,0.09167617427966417,1,0,0,7,27,0.21621715743700476,3.6575813981990724,34,11,3,0,0,0,Benign,0
3,0.029728558420703224,0,0,0,6,34,0.15635442245214107,7.027826733168439,48,7,3,0,1,0,Benign,0
2,0.0145932694890087,2,0,1,5,25,0.18216309188682045,18.34808275163898,34,8,0,0,2,1,Benign,0
1,0.02080542287207788,0,1,1,5,25,0.14910095418457786,5.324426826174185,44,6,2,0,3,0,Benign,0
2,0.022047961147259803,0,0,1,12,24,0.3451192751196251,5.191616661900088,39,9,4,0,1,0,Benign,0
2,0.019182526065792647,0,0,0,6,27,0.16812830822946867,4.540788062277128,39,11,1,0,1,1,Benign,0
3,0.017725072638579652,0,0,0,2,23,0.182997839307765,13.698629186731871,31,8,0,0,0,0,Benign,0
1,0.013297351992251192,0,0,0,7,25,0.07144116491217355,26.14669854806385,47,6,5,0,0,0,Benign,0
2,0.07882164715375534,0,0,0,4,35,0.17076994821162797,9.793590202472007,36,9,2,0,0,2,Benign,0
1,0.1437766466510758,0,0,1,8,29,0.23657566538035263,8.162347133535334,40,12,4,0,4,0,Benign,0
1,0.022607558060586588,1,0,1,7,25,0.056370103255520165,32.130915653746484,36,9,2,0,0,0,Benign,0
2,0.021160350750198734,1,0,1,4,24,0.040529424764820986,4.904815158927324,36,9,1,0,2,0,Benign,0
1,0.06900598707290066,0,0,1,6,19,0.20346167615302674,12.379589688040372,32,13,2,1,1,0,Benign,0
1,0.8445707642056511,1,7,235,597,13,0.8554967260457155,254.09264487843996,17,9,159,3,48,2,Attack_DataExfiltration,1
1,0.08704041529987637,1,0,0,2,31,0.07499637418620424,0.7821186471009968,49,12,0,0,1,0,Benign,0
1,0.09491534640593034,1,0,0,4,18,0.36071626401018964,10.413297680282502,36,14,0,0,0,1,Benign,0
1,0.06435547379652176,0,0,0,4,26,0.3525231020490013,4.538690448419568,41,4,0,0,0,0,Benign,0
3,0.13757577292144024,0,0,0,6,21,0.15437225340685634,14.184631328080135,47,10,2,0,2,0,Benign,0
1,0.05637277134206744,2,0,0,4,30,0.11428591221641311,6.577790961989234,48,4,2,0,1,0,Benign,0
3,0.1281426029501648,0,0,0,6,35,0.09349912888519425,1.8473706013310525,22,11,3,0,1,1,Benign,0
1,0.81335279450974,4,11,240,594,15,0.9275871353665195,164.3739903828646,22,6,160,1,45,0,Attack_DataExfiltration,1
1,0.021602435713308554,1,0,0,4,26,0.2917703661399725,0.537063292950488,42,10,2,0,0,0,Benign,0
1,0.04054535872057993,0,0,0,2,24,0.09185712301344663,0.7971345140347098,46,13,2,0,2,0,Benign,0
2,0.017703775386318607,0,0,1,6,20,0.31117619585626916,6.85794302867569,39,6,2,0,0,0,Benign,0
1,0.01802972951492741,0,1,0,3,31,0.28773884578956826,5.481486182309642,30,11,3,0,0,0,Benign,0
1,0.1383043064059862,0,0,0,3,24,0.09066018786886965,0.4338438542534471,35,13,2,0,2,0,Benign,0
2,0.03460937176172382,0,0,0,1,25,0.030143273914358566,3.9903794694035777,30,12,0,0,1,0,Benign,0
1,0.7357217011495036,4,4,230,628,14,0.5885439639795178,299.6658003855707,12,4,176,2,51,2,Attack_DataExfiltration,1
2,0.0834414203717506,0,0,0,7,30,0.1764275692033294,1.6243874462045016,45,14,1,0,1,1,Benign,0
1,0.0517308204711139,0,0,0,5,26,0.07777685957631708,3.591412149668691,52,17,1,0,3,0,Benign,0
4,0.3546953806950658,0,0,0,10,2,0.14179774595457206,1.5491061993172068,93,6,3,17,0,16,Attack_InsiderSabotage,1
2,0.044478373526296106,1,0,0,3,21,0.27968607756696406,0.7344321576720461,46,11,2,0,1,0,Benign,0
1,0.026003394790503374,0,1,1,8,25,0.16522013741040992,2.8117332542052758,41,14,2,0,0,0,Benign,0
2,0.02139034138773685,0,0,0,4,35,0.15180233627478235,4.890933751637373,41,8,0,0,0,0,Benign,0
3,0.0003302700274189077,0,0,1,7,25,0.1910062446942326,0.9517372441590881,48,9,4,0,1,0,Benign,0
1,0.03769324083160145,0,0,0,4,25,0.23489102391368072,5.0611593931132735,33,11,2,0,1,1,Benign,0
1,0.0631733295550789,0,1,0,5,18,0.11820650340525471,3.000782623407532,47,11,5,0,3,0,Benign,0
1,0.006761767658462545,0,0,1,4,35,0.2797448882501592,2.256096175048522,52,6,1,0,2,0,Benign,0
1,0.04024827016324089,1,1,1,5,21,0.14563252546548663,1.9704477402149525,29,15,2,0,0,0,Benign,0
2,0.017186519320600564,0,0,1,4,14,0.2741180390629726,2.8569771886773685,32,13,2,0,1,0,Benign,0
1,0.07288164036193531,0,0,1,9,15,0.4469465793356538,3.4717891830260736,36,6,1,0,2,0,Benign,0
1,0.08579869544568301,0,0,0,1,26,0.1605527579210092,11.786627558733974,41,10,3,0,0,1,Benign,0
1,0.059204675613619154,0,0,0,7,24,0.2797923803516755,3.6633751464833813,38,11,1,0,0,0,Benign,0
1,0.07169793931672572,0,0,1,5,18,0.16921370886160272,1.8477535805256795,35,13,3,0,0,0,Benign,0
1,0.012545965919670202,0,0,0,3,23,0.10339310591196194,20.555281355524023,38,9,4,0,2,0,Benign,0
1,0.02612693330911303,1,1,0,0,34,0.18120209318599603,3.377820771318216,49,13,1,0,0,0,Benign,0
1,0.08983741208146252,0,1,1,7,18,0.1302554182492978,26.450648455639946,36,12,0,0,2,1,Benign,0
3,0.0040595777012227005,0,0,2,7,20,0.08316829660533823,0.7866384319507946,41,9,4,1,0,1,Benign,0
1,0.015934845725526926,0,0,1,6,24,0.017435985054469753,2.1172026441812677,35,10,5,0,0,1,Benign,0
2,0.9376840974451746,8,5,223,628,21,0.559056850393255,119.38806627127937,13,7,177,0,53,1,Attack_DataExfiltration,1
1,0.013741180222618879,0,0,0,6,25,0.15643542739485106,0.8504592970128243,42,9,3,0,0,0,Benign,0
1,0.1138555609493848,1,2,1,4,26,0.15384759704325868,4.2125470758106145,43,12,2,0,0,0,Benign,0
3,0.01196091895568054,0,0,1,2,32,0.2507582984950573,1.5039759064890827,44,14,1,0,1,0,Benign,0
1,0.02870912883545973,1,0,0,4,28,0.09012279941843082,2.151263237320173,45,10,2,0,1,0,Benign,0
2,0.008352342221745053,0,0,1,4,34,0.1135821327847748,3.8203846407313047,42,11,3,0,1,0,Benign,0
5,0.536963006900617,3,1,0,13,3,0.024906914338971124,2.1926183066323994,107,3,2,9,0,20,Attack_InsiderSabotage,1
1,0.04845908124968484,1,0,0,3,36,0.049367754028063905,6.904431121579456,36,11,2,0,0,2,Benign,0
4,0.6652941710760049,8,10,267,599,12,0.7086686567681484,165.6067279532161,25,7,171,0,52,0,Attack_DataExfiltration,1
1,0.8875994778017287,7,6,251,599,21,0.838863791756068,110.86094248700681,23,8,188,0,52,0,Attack_DataExfiltration,1
1,0.02560213068133598,0,0,0,4,33,0.10605986333993885,7.4740011695853985,50,11,2,0,1,2,Benign,0
2,0.023595590309914958,0,0,1,4,24,0.008821853162507018,1.3227084116948014,30,18,1,0,1,0,Benign,0
1,0.09315883488115015,0,0,1,7,18,0.03338704774242791,0.9688476085875724,51,13,3,0,2,0,Benign,0
1,0.005387720677335275,0,0,0,3,30,0.16728886481251767,2.9631072041535567,34,5,1,0,2,0,Benign,0
1,0.0123740465577028,0,0,0,0,25,0.1365912594665502,6.7884399023476245,48,9,2,0,2,0,Benign,0
1,0.016977211118146127,0,0,1,9,31,0.2643639850820299,9.298028600229026,42,9,2,0,0,0,Benign,0
2,0.022039980173918332,0,0,1,5,21,0.47127686049620243,2.8462743478770802,43,9,4,0,0,0,Benign,0
10,0.5972796070878906,2,0,0,7,4,0.027991461128704376,1.4020741420528327,103,3,0,15,0,18,Attack_InsiderSabotage,1
1,0.07562593791798837,1,1,1,8,29,0.13549819135402727,3.0484960409510964,30,12,1,1,1,0,Benign,0
2,0.08799529636160736,1,0,1,5,34,0.15284977605432892,0.876428739008003,46,13,0,0,2,0,Benign,0
6,0.7466641967669548,4,4,0,10,4,0.11183664427765375,0.9355782598141484,105,7,2,18,0,21,Attack_InsiderSabotage,1
6,0.5457265434786446,2,0,0,11,4,0.11037375197513319,0.9792219280360364,108,3,0,17,0,18,Attack_InsiderSabotage,1
3,0.06833745298319974,1,1,0,4,23,0.052669621883611906,3.150302695065336,42,5,0,0,0,1,Benign,0
2,0.03721905264382788,1,1,1,2,28,0.18218594628877396,1.5883440710148289,42,10,2,0,0,0,Benign,0
1,0.04555603845877305,0,1,1,4,21,0.15774385717484912,1.8886737148241384,33,8,1,0,2,0,Benign,0
3,0.04753433759774269,0,0,0,8,25,0.04055063347638835,1.0613842267009983,35,12,3,0,0,0,Benign,0
1,0.0401111181519862,0,0,0,2,35,0.21581099800787304,6.825596626824382,38,3,2,0,1,0,Benign,0
1,0.007614477521685973,0,0,0,3,27,0.2805252768472414,4.149262968388002,49,10,4,0,1,0,Benign,0
2,0.053406098800191516,0,0,0,4,32,0.161449672057409,3.031942826168605,46,8,2,0,0,0,Benign,0
4,0.02660982989713338,0,0,0,4,23,0.048662831693465664,2.3032005694447637,44,18,0,0,2,0,Benign,0
1,0.02955488259294219,1,1,2,2,26,0.08355024890489425,2.3766717951847465,39,8,1,0,1,0,Benign,0
7,0.08589987547742083,0,0,0,9,17,0.2217195089162675,21.974028002820766,41,7,1,0,1,0,Benign,0
1,0.43282559890281513,4,6,237,601,17,0.9493618145703479,156.81133314323574,13,8,176,1,47,3,Attack_DataExfiltration,1
1,0.04822246097140775,1,1,0,5,27,0.11531015089774273,1.7691401564049936,24,8,0,0,1,0,Benign,0
3,0.09478562898592617,0,0,0,2,22,0.11998858133363972,6.682182258988312,39,7,2,0,0,0,Benign,0
2,0.010802835359050854,0,0,1,10,31,0.1939354900721198,0.5951068225002855,41,12,2,0,0,0,Benign,0
2,0.15796044880549623,1,0,2,6,30,0.04201044075991819,4.391506946047907,41,10,1,0,1,0,Benign,0
5,0.011217576505840994,0,0,1,8,34,0.06231963048778607,6.02582700245122,30,10,0,0,1,0,Benign,0
1,0.5138380540021914,7,11,235,592,14,0.9333047407479759,467.8804375344979,20,7,162,2,46,1,Attack_DataExfiltration,1
2,0.034173077117722835,0,0,1,6,22,0.15476503076053766,1.435256280704935,36,12,4,0,1,0,Benign,0
1,0.05928348290860234,0,0,0,7,32,0.28229303347843765,2.358291958672929,35,12,1,0,0,0,Benign,0
2,0.002548387474126185,0,0,1,2,27,0.04677770110740768,1.4611530815606246,35,9,1,0,3,0,Benign,0
2,0.1805193476237803,1,0,1,8,23,0.07099412081459561,1.6390868674568289,32,6,0,1,0,0,Benign,0
1,0.07573103691596586,0,0,0,6,28,0.01422277509860117,0.37980555234198676,38,7,2,0,1,1,Benign,0
4,0.3487041546051449,3,6,0,8,9,0.00987198609964384,2.1375049327716,113,2,1,18,0,21,Attack_InsiderSabotage,1
3,0.032245562903229136,0,0,1,10,29,0.20042896008074737,8.894906666034506,36,13,2,0,1,0,Benign,0
1,0.07603233483928723,0,0,1,3,22,0.07486212776122292,4.573087819931766,42,8,2,0,2,0,Benign,0
3,0.08797569138851824,0,0,1,6,29,0.12325684440786648,5.2975109497670045,36,9,2,0,1,0,Benign,0
1,0.03040558722688734,1,0,0,4,18,0.28075787764955396,3.3878675406698613,34,16,4,0,1,0,Benign,0
1,0.013867422450274284,1,0,0,2,28,0.14852411285097158,1.8006551471513552,41,6,2,0,3,0,Benign,0
1,0.09066769588096849,0,0,1,4,20,0.15130027745662147,1.5575490651200352,48,8,0,0,0,1,Benign,0
4,0.03432001851945614,0,0,3,6,24,0.16332884849388687,1.6141959303717481,40,8,0,0,1,0,Benign,0
4,0.9243931907217457,7,5,267,575,12,0.7992560764605455,285.58298004111265,20,3,176,2,41,5,Attack_DataExfiltration,1
4,0.6031849863207678,0,0,0,4,6,0.0001780202715201902,3.132132986854015,100,7,1,27,0,17,Attack_InsiderSabotage,1
1,0.014679882433163635,0,0,0,4,32,0.19960740681375153,2.905517962275122,43,6,3,0,1,0,Benign,0
4,0.046778184429660835,0,0,1,4,35,0.1826118702192393,0.23170559954966302,43,11,3,0,2,0,Benign,0
4,0.09827540579436748,1,0,0,7,23,0.11855834882995248,4.213651076207477,34,12,2,0,1,0,Benign,0
2,0.011404248369972161,1,0,0,4,27,0.29190802416942724,11.466658888614026,32,16,2,0,1,0,Benign,0
1,0.813468888467043,9,7,265,593,9,0.5940260650254157,66.2944712706452,19,1,174,1,44,1,Attack_DataExfiltration,1
2,0.010093830890041247,1,0,1,2,20,0.07440490746338167,3.7502052903506433,28,5,1,0,0,0,Benign,0
1,0.05622296025582554,0,0,1,3,28,0.184735241305682,4.930607321744168,43,8,2,0,2,0,Benign,0
3,0.018356141626841432,1,0,0,8,29,0.20467417898768156,6.044186567068535,45,14,4,0,2,0,Benign,0
1,0.09640508487584734,2,0,0,8,21,0.3786960531037774,1.0199723611635136,36,11,2,0,2,0,Benign,0
1,0.09889119535057675,0,0,1,5,27,0.18358480417748274,1.0130223041013289,34,12,5,0,2,1,Benign,0
1,0.022782828394127676,0,0,1,3,22,0.054918625513389274,7.56722213900267,48,6,3,0,3,0,Benign,0
2,0.15612811815154765,5,0,0,9,7,0.08804945763208033,3.1417526703567233,96,7,1,18,0,19,Attack_InsiderSabotage,1
1,0.014935242911045813,0,0,1,5,29,0.15374526419965767,0.9544923001910858,36,10,3,0,0,0,Benign,0
3,0.5830087505305903,9,5,228,583,21,0.6786132727967173,268.6648079942658,17,1,177,0,40,2,Attack_DataExfiltration,1
2,0.002736152731375627,0,1,0,7,26,0.305285397322455,1.3751867782225413,30,7,2,1,2,0,Benign,0
2,0.0556361194221347,0,0,0,6,24,0.3102086347446321,1.7475871398013574,31,6,3,0,0,0,Benign,0
2,0.1526816798281812,0,0,0,3,22,0.14751283944081914,7.3182176648201755,50,7,3,0,0,0,Benign,0
1,0.013560251692420443,0,0,1,6,23,0.11493827261690392,7.44316271563127,44,9,3,0,3,1,Benign,0
1,0.23774264765991027,0,0,1,4,24,0.28301291637969267,12.596671655863531,35,13,5,1,2,0,Benign,0
3,0.031587841751945046,0,1,0,3,33,0.10890701927780766,1.2065985182676318,31,9,3,0,1,0,Benign,0
1,0.15513382195963524,0,0,0,5,29,0.08166323772230238,6.473734221875881,35,12,0,0,0,0,Benign,0
4,0.02500592937281225,0,2,0,8,19,0.40744918149104437,1.917637995434911,28,13,3,0,0,0,Benign,0
1,0.015729174636809094,0,0,0,8,16,0.34107687867676334,0.8106028480395713,39,16,0,0,0,1,Benign,0
2,0.09390433576640698,0,0,0,3,25,0.12288317042438925,1.8896206512001896,35,9,2,0,2,0,Benign,0
4,0.9696975380816895,8,5,261,601,17,0.9520948520651787,410.2266341410798,16,8,178,0,52,0,Attack_DataExfiltration,1
1,0.07832561450872097,0,0,1,7,35,0.2719980726083246,1.742010265014576,44,14,0,0,0,0,Benign,0
1,0.013296138215522828,0,0,1,8,25,0.2691752880073146,7.527646080826007,31,10,5,0,0,1,Benign,0
2,0.1719488413852534,0,0,0,3,28,0.046570546125429275,0.7266818818077656,47,11,1,0,1,0,Benign,0
2,0.04140357149278277,0,0,0,4,37,0.14423139336752058,8.12133313850984,26,6,0,0,2,0,Benign,0
2,0.035291980885092326,0,1,0,4,18,0.11668580537270623,0.8814519090814127,47,8,0,0,2,0,Benign,0
1,0.6931542237862565,3,6,238,618,20,0.9768924406776329,236.78900182763257,17,7,167,2,35,4,Attack_DataExfiltration,1
2,0.020144960144297733,0,0,0,1,22,0.20067330908081676,0.7471768603357832,46,16,4,0,2,1,Benign,0
3,0.023106253367104198,0,0,0,7,25,0.16750848655460868,5.370616697344625,35,9,2,0,2,0,Benign,0
3,0.04501682600362227,1,0,0,6,30,0.1197606187669989,6.007637422626445,39,14,1,0,0,0,Benign,0
4,0.0048380493014466685,1,1,0,6,23,0.1320612765431962,1.4841180015818756,48,10,2,0,1,0,Benign,0
1,0.1714228214215591,0,0,0,9,15,0.13682721970072478,0.934385318902395,37,13,6,0,0,0,Benign,0
1,0.052719686298489506,0,0,3,9,21,0.16703495168917593,3.478339078700498,36,9,2,0,0,0,Benign,0
6,0.49956241174945104,5,2,0,10,2,0.061120503887358124,0.34984975138951735,102,6,0,19,0,21,Attack_InsiderSabotage,1
1,0.003537321260576867,0,0,0,1,24,0.18857541027074642,7.340825264849327,39,6,1,0,0,0,Benign,0
1,0.0006556103160054995,0,0,0,2,23,0.22889290631318812,0.6768406945554155,41,8,1,0,2,1,Benign,0
2,0.39309394578053736,4,0,0,15,5,0.036395332214658335,1.4335726094150512,102,6,1,11,0,20,Attack_InsiderSabotage,1
3,0.8813225357664313,5,6,264,647,25,0.6571854828232176,121.66258115320663,25,4,193,4,48,0,Attack_DataExfiltration,1
2,0.016909643724418433,0,1,0,7,32,0.05850426278989574,7.719348902469484,29,7,1,0,1,0,Benign,0
3,0.07856328637881675,2,0,1,2,26,0.1769273883033048,1.798737618848008,43,11,2,0,2,0,Benign,0
1,0.09590625996762159,0,1,0,2,22,0.0884271962112397,7.518976529200509,50,11,5,0,3,0,Benign,0
4,0.9299807275837358,6,6,257,607,26,0.7002549495250334,93.56622326640958,23,4,158,0,43,0,Attack_DataExfiltration,1
2,0.03772477829932513,0,0,1,8,20,0.19164429409259323,22.35677643659851,33,13,2,1,0,1,Benign,0
2,0.04913233512773133,0,1,1,5,34,0.14092972616269506,3.9970132665415927,41,6,3,0,1,0,Benign,0
1,0.0958199070527758,0,0,1,6,20,0.1996990369675252,1.35639446849947,35,6,5,0,1,0,Benign,0
2,0.02174282678375071,0,0,0,8,28,0.09586793717475284,2.1169259091101775,36,12,1,0,1,0,Benign,0
3,0.2766850774169948,5,2,0,12,3,0.009248067687224306,2.5578782446317407,101,8,0,16,0,28,Attack_InsiderSabotage,1
1,0.014508968595816673,1,0,1,3,24,0.13728339579493817,7.795770986704333,42,7,6,1,0,1,Benign,0
1,0.048532349156028456,0,0,1,4,27,0.20770114251500496,0.34596986264303975,40,13,1,1,2,0,Benign,0
2,0.1540304496598032,1,0,2,6,26,0.014266228549144833,1.1729114777783993,41,12,2,0,0,0,Benign,0
1,0.12218904085899367,0,0,0,4,24,0.27043464305351494,0.45525230902382774,32,9,2,0,2,0,Benign,0
1,0.07871340690915778,0,0,0,7,25,0.11790023849688908,3.381272595444627,36,9,2,0,0,0,Benign,0
1,0.01242609330030043,0,0,0,4,26,0.04268258940621634,0.6621465018598548,32,8,3,0,1,0,Benign,0
1,0.009749539458209132,1,1,0,5,18,0.16155561798896462,7.173029876326167,36,9,3,0,0,0,Benign,0
1,0.15587149631069447,1,0,1,7,29,0.12252589087806522,2.698254718480262,46,6,1,0,0,3,Benign,0
2,0.0013325089822119342,1,0,2,3,20,0.19069544330051702,2.0700529290606355,34,10,1,0,2,0,Benign,0
1,0.0773196574811057,0,0,2,1,31,0.18530952813407306,1.7882461028246321,47,15,1,0,0,0,Benign,0
1,0.06901701772537244,0,0,2,6,26,0.21760429431066514,1.9881742702625598,25,9,2,0,3,1,Benign,0
2,0.012967213292772624,0,0,0,3,26,0.16319397902289873,3.734493543853098,43,9,2,0,2,1,Benign,0
5,0.46490008427840196,2,2,0,11,7,0.023937416273331073,0.2639272414317597,105,4,0,15,0,24,Attack_InsiderSabotage,1
1,0.09676070199493178,0,0,0,5,27,0.13333861060673102,10.820850401917195,48,10,0,0,1,1,Benign,0
2,0.04709016681788113,0,1,0,8,25,0.079356201679114,2.487292660705933,36,8,4,0,0,0,Benign,0
1,0.05054160335060966,1,0,1,8,20,0.027407234628666524,2.2870075911758856,51,10,0,1,0,0,Benign,0
1,0.022670625892685366,1,0,0,5,32,0.42434806375679673,5.011677031895582,36,12,0,0,0,0,Benign,0
1,0.0661877365147309,0,0,0,5,31,0.07885323120963292,1.6136844422997247,44,11,0,0,0,1,Benign,0
2,0.05283188586413654,1,0,0,3,28,0.26305386299090483,2.0147379609836342,45,6,4,0,0,0,Benign,0
3,0.8910092022743323,3,7,269,623,13,0.6801071778774812,325.4010253955224,22,4,174,0,61,3,Attack_DataExfiltration,1
1,0.4883655197957236,5,0,0,9,1,0.1194958936563828,0.5170432914348877,113,7,0,21,0,19,Attack_InsiderSabotage,1
3,0.004339987627836337,0,0,0,6,29,0.15095633759975952,0.8962359316166514,31,13,3,0,1,0,Benign,0
1,0.018835963347627303,0,0,0,4,19,0.1035437356175623,5.227733646252489,30,8,2,0,0,0,Benign,0
1,0.8907567964202929,3,5,247,544,14,0.6631119023371312,101.95366608479867,17,7,172,1,45,0,Attack_DataExfiltration,1
1,0.019534950308439693,0,0,1,3,28,0.08437232794382658,4.775242807987009,40,10,3,0,0,0,Benign,0
5,0.003986515337200221,0,0,1,5,25,0.17973226402585277,0.41129463316428944,37,12,4,0,1,0,Benign,0
1,0.06537593123941757,0,0,0,3,24,0.08787298053531399,0.5930506421034115,34,6,3,0,2,0,Benign,0
1,0.03618037721661169,0,0,0,9,24,0.32049564269465586,0.7284214481551416,36,12,4,0,2,0,Benign,0
1,0.017315409059214353,0,0,1,2,19,0.16769069242353976,18.35695195112907,29,9,2,0,0,0,Benign,0
2,0.005952859964990068,0,0,1,4,25,0.321085849958748,0.13778184671934504,39,10,1,0,0,0,Benign,0
1,0.032314918755878816,0,0,0,4,28,0.09351332325394207,2.804272281273671,42,10,1,1,0,1,Benign,0
2,0.02036315398451627,0,0,0,7,29,0.05913639683268192,0.773677249404826,52,12,1,0,0,1,Benign,0
1,0.008738635773408453,0,1,1,8,21,0.2628266546597126,4.73646336476416,45,11,1,0,2,1,Benign,0
1,0.026668513177138753,0,0,0,4,27,0.021845542862933824,3.0697004188222303,44,7,1,1,1,0,Benign,0
4,0.10452262937763698,4,1,0,12,7,0.06786384712371159,0.6856278782952142,95,5,1,13,0,15,Attack_InsiderSabotage,1
1,0.032799615990319386,0,0,0,4,31,0.3451721945315496,1.2143471351296322,33,8,2,0,2,1,Benign,0
1,0.027575333498404183,0,1,1,2,21,0.05671175733106924,14.82579044196816,49,12,3,0,1,0,Benign,0
1,0.0704433188995244,0,0,0,3,23,0.08125728099764941,0.9458371439253697,29,8,3,0,2,1,Benign,0
3,0.0997114404494965,1,0,0,4,30,0.07182764573944869,2.5179669534795206,42,12,4,0,0,1,Benign,0
1,0.012540963832479468,0,0,0,9,20,0.1185869242230695,1.694410797944409,40,10,2,0,2,0,Benign,0
9,0.5187074944449546,3,1,0,11,8,0.1415841096431593,1.1198386725542429,111,5,1,14,0,18,Attack_InsiderSabotage,1
1,0.002754450545783485,1,0,0,7,24,0.15464243714003667,9.551651158162503,41,13,2,0,2,0,Benign,0
3,0.07079939720871373,0,0,0,2,19,0.08668534239111463,0.6528989839274475,43,8,7,0,2,1,Benign,0
2,0.07289916967327864,0,0,0,3,24,0.08417951026900253,1.4124708174359475,35,16,0,0,1,0,Benign,0
2,9.6761559934296e-05,0,0,0,4,25,0.1574272502592168,1.3818417335011142,35,7,1,0,0,0,Benign,0
3,0.8619055198982285,5,10,264,616,6,0.6619137023569245,152.02465989674747,24,6,170,0,52,0,Attack_DataExfiltration,1
1,0.13809787268432847,0,0,0,4,41,0.24063154239557552,0.737230794213408,47,10,1,0,1,0,Benign,0
1,0.053011488046446655,0,0,3,5,34,0.1445865010031101,1.0754405453818472,31,7,2,0,1,0,Benign,0
1,0.8794914610400278,5,8,267,602,16,0.8181757583600645,396.88971244038186,25,8,155,0,57,0,Attack_DataExfiltration,1
1,0.04771578502677176,0,0,0,6,29,0.03485750165591682,1.7091021626288443,37,11,4,0,1,0,Benign,0
1,0.8174778925504026,4,8,259,605,14,0.8708642322070568,248.43592083871096,11,2,173,2,40,2,Attack_DataExfiltration,1
4,0.472297249002154,1,1,0,2,7,0.026077851856546666,1.4365264513306832,107,8,0,20,0,18,Attack_InsiderSabotage,1
3,0.023570556825812217,0,0,0,4,24,0.6171701452887534,0.8706184158150204,36,10,6,0,1,0,Benign,0
2,0.03464004743647377,0,0,0,3,28,0.03686234634832064,1.6884214696093245,45,13,3,0,4,0,Benign,0
2,0.019482551841274377,0,0,2,3,26,0.06750426606986519,4.7200825235570925,30,17,6,0,0,0,Benign,0
5,0.0031555751077997534,0,0,0,5,30,0.11776731720985406,1.500996419385988,35,13,4,0,0,1,Benign,0
1,0.10884624710561865,0,0,0,9,22,0.3779646173838441,1.9983350280480765,46,10,3,0,1,0,Benign,0
1,0.08150553408700886,0,0,3,5,31,0.10692206883439352,4.487767016935605,48,15,3,1,0,0,Benign,0
2,0.9958063457924682,7,5,247,573,14,0.7790865838918569,93.91381609913937,25,3,159,0,49,0,Attack_DataExfiltration,1
2,0.023997080992843905,1,0,1,4,18,0.12367537990495665,0.5523518665645708,31,8,1,0,2,0,Benign,0
3,0.0048857669610568345,1,0,0,6,32,0.14919206114892547,7.019216525621526,40,10,0,1,3,1,Benign,0
4,0.11500637096606509,0,0,0,2,39,0.27159061759266195,1.3320153951405902,49,10,2,0,0,1,Benign,0
1,0.013001381446295358,0,1,0,3,20,0.21910444627848805,7.315606337179459,45,14,0,0,2,0,Benign,0
3,0.062055757228299445,0,0,1,7,18,0.2466557088763411,1.0167673757952056,43,11,1,0,2,0,Benign,0
1,0.0038049470738137107,0,0,0,0,27,0.19385976199958693,0.5612522984930333,50,11,4,0,0,0,Benign,0
1,0.036731124727177523,0,1,0,5,33,0.33126226620501803,1.893894477478117,38,9,1,0,2,1,Benign,0
1,0.06866378034033983,0,0,0,7,20,0.1082550183858348,1.6743329877843074,45,7,1,0,0,1,Benign,0
1,0.0014976091466479024,0,0,2,5,29,0.11604900985320286,1.4501378897161892,45,8,3,0,1,0,Benign,0
1,0.6952563376181464,9,5,258,560,19,0.686995570071695,223.13659913579454,16,7,165,1,52,2,Attack_DataExfiltration,1
1,0.02349964021020625,2,0,1,9,25,0.2716095060857152,5.488705347500556,39,5,3,0,0,1,Benign,0
2,0.006724608970017646,0,0,1,4,26,0.3485875081339358,3.23695550104722,45,7,4,0,0,0,Benign,0
2,0.04912876366147665,0,0,0,5,20,0.19751791989084252,2.8718053813410687,44,10,5,0,0,0,Benign,0
1,0.0800576697218794,0,0,0,3,29,0.022488281971060148,2.613026916499239,34,12,1,0,0,1,Benign,0
1,0.033938299064276437,0,0,0,2,26,0.10199720781330181,3.0036031019758407,37,4,3,0,1,0,Benign,0
1,0.02389405027130688,0,0,1,3,24,0.1279366396307994,1.1001366962059207,54,16,2,0,0,1,Benign,0
6,0.33155195819117206,3,0,0,10,4,0.09247190852491967,0.9114913463065852,96,2,1,14,0,13,Attack_InsiderSabotage,1
1,0.07312882385618205,0,0,2,4,17,0.24500531978131512,1.094878016484686,33,9,1,0,2,1,Benign,0
2,0.00681024873001156,0,0,0,5,19,0.09388679570756336,1.118776772989797,55,11,1,0,1,0,Benign,0
1,0.11055464941322876,0,0,0,6,30,0.08057986003913166,0.7251973426401178,39,13,2,0,1,0,Benign,0
1,0.0493740114657465,0,0,1,7,20,0.3891372975103586,4.558051810581847,41,10,1,1,0,0,Benign,0
1,0.017486086086162218,0,0,0,4,26,0.010940896675070621,1.4446953071941366,45,9,1,0,0,2,Benign,0
1,0.026520395483344568,0,0,0,2,22,0.35004102116444,2.41097949720809,33,4,4,0,0,1,Benign,0
1,0.07595431293795257,0,0,0,6,30,0.13369395439350418,1.2529162595256877,35,8,2,0,1,0,Benign,0
1,0.7302853679993745,5,6,260,612,10,0.8624539157778515,86.00406494564989,16,5,151,0,54,1,Attack_DataExfiltration,1
1,0.015384177687733234,0,0,0,3,32,0.0342142536832996,2.287497646357263,38,9,4,0,2,1,Benign,0
1,0.04028093981813291,1,1,1,3,20,0.1285751479382645,3.7744222125581874,62,8,6,0,2,0,Benign,0
4,0.04211656299255661,0,0,0,6,21,0.025020161674293186,1.3469576923206714,37,4,1,0,4,1,Benign,0
2,0.05381322460461052,1,0,0,5,23,0.2674905507362997,0.4936712794590495,25,7,4,0,0,0,Benign,0
2,0.13623075455838837,0,0,0,9,24,0.08049273135993908,3.5217171186951313,35,5,0,0,0,0,Benign,0
1,0.021618687743671355,0,0,0,6,26,0.14189446415924856,1.1031369644819138,36,14,1,0,0,1,Benign,0
1,0.01114287717684128,0,0,0,2,20,0.16381769667843352,1.711684600821464,40,6,0,0,2,0,Benign,0
3,0.4408055950321938,9,4,244,592,12,0.9507975150994837,92.69092672103028,27,4,170,2,51,1,Attack_DataExfiltration,1
5,0.04424228647677495,1,0,0,3,32,0.08833979521766808,18.485542551413506,43,16,3,0,1,0,Benign,0
1,0.5205244015296001,6,4,240,607,6,0.44529365640866964,151.4413548535084,28,7,183,0,43,0,Attack_DataExfiltration,1
2,0.04209121674841698,0,0,0,4,22,0.07372755330173855,4.532300250043537,40,9,5,0,0,0,Benign,0
5,0.0038826311251428988,0,0,1,5,34,0.09541463428604512,7.808702544361965,43,11,2,0,2,0,Benign,0
6,0.35576479402807576,2,1,0,13,3,0.034260742949734,0.6005114505947642,112,6,0,14,0,16,Attack_InsiderSabotage,1
1,0.6919479985172285,5,3,217,618,17,0.9484989822517547,174.8979070807272,13,7,156,2,54,2,Attack_DataExfiltration,1
1,0.039661150331890674,0,0,0,6,25,0.03253561770952226,0.8784983130248737,40,14,2,0,0,0,Benign,0
1,0.03723794695575543,0,0,1,6,23,0.193736579907047,1.1453619613523527,38,12,1,0,1,1,Benign,0
2,0.004696271574904619,1,1,0,4,23,0.09345433702608454,1.9069627270162217,42,14,1,0,0,0,Benign,0
1,0.03477533740226743,0,0,0,5,22,0.04610115203385833,3.1159519463728795,34,9,0,0,1,0,Benign,0
2,0.044823525101838686,1,0,1,5,23,0.061096995810271865,6.112452946474351,42,11,0,0,0,0,Benign,0
2,0.06111746901863745,0,0,0,6,32,0.21355498088951508,2.1044705580639613,41,10,0,0,1,0,Benign,0
1,0.036140121376483036,2,0,1,6,26,0.26967033560077563,0.36433043436330337,45,13,2,0,0,0,Benign,0
2,0.03196889974444511,0,1,1,7,23,0.25577902421724147,1.3574305863163376,36,18,1,0,3,0,Benign,0
3,0.012809884806654482,0,0,0,7,30,0.055133127772150195,3.7031971862121105,42,7,2,0,0,0,Benign,0
1,0.5290715880140829,4,8,233,621,15,0.8277444308682305,103.35149076488791,25,5,140,1,47,1,Attack_DataExfiltration,1
2,0.038401215321127606,0,0,0,3,18,0.037253759893973906,0.21218161290140866,42,4,2,0,0,0,Benign,0
2,0.024155670096934864,1,0,1,4,22,0.23741868893722468,2.616044943758763,40,7,4,0,3,0,Benign,0
2,0.008486297994426125,0,0,0,6,29,0.13378332699599352,7.491915592956586,38,13,2,0,0,1,Benign,0
1,0.025145329181156837,0,1,1,7,24,0.28101144052822524,0.8107373793980608,36,7,2,0,3,1,Benign,0
1,0.0002394864920366824,0,0,1,5,25,0.19393525153817062,8.355078481822213,41,11,3,0,2,1,Benign,0
1,0.09006280640303703,1,0,2,5,25,0.17954706150931488,1.8626196698241575,51,10,3,0,2,0,Benign,0
2,0.12044847165879702,0,0,1,7,26,0.10097754598749786,0.4120209710557609,41,9,0,0,1,0,Benign,0
1,0.04607911541743167,0,1,0,4,24,0.055459171629118106,2.336185623148782,41,12,1,0,1,0,Benign,0
1,0.01794402108143733,0,1,2,6,25,0.07306025640724823,2.3307661288196897,30,11,1,0,0,0,Benign,0
3,0.06005105966544603,0,1,3,5,19,0.04588136707727066,2.6781134876212866,40,13,3,0,1,0,Benign,0
2,0.032502015520474235,0,0,0,6,25,0.10119817553184188,3.4650320501942846,49,9,1,0,0,1,Benign,0
3,0.03714787290665936,1,1,1,5,20,0.21876881695660863,3.090622330955241,46,8,1,0,3,0,Benign,0
1,0.08624693962739843,0,0,0,4,29,0.18994664662301314,1.0658000018341107,44,9,2,0,0,0,Benign,0
1,0.018898020182158297,0,1,1,7,26,0.10611045058105342,3.307817236982051,43,11,3,0,1,1,Benign,0
6,0.6761534871666056,3,2,0,7,2,0.05650182096035005,1.1316133299401399,95,3,1,14,0,22,Attack_InsiderSabotage,1
2,0.0031014506981966914,0,0,2,7,22,0.3012002739970409,12.425058122561138,33,8,4,0,1,0,Benign,0
2,0.03095402803809767,0,1,0,1,22,0.2872187707470845,4.032665241138993,36,11,1,0,1,0,Benign,0
2,0.016612780991392007,0,0,0,5,27,0.12175159628068677,6.126068673186365,54,5,2,0,1,1,Benign,0
3,0.0026153000722498407,0,2,0,5,23,0.050485444590546505,17.14813420867684,35,10,2,0,0,2,Benign,0
2,0.1617032073675979,0,0,0,2,19,0.1755542475981013,2.5044603045657574,42,13,3,0,2,1,Benign,0
1,0.09440159335152866,0,0,0,5,23,0.22663190920660883,15.195882119810356,47,7,2,0,0,0,Benign,0
2,0.022534110515574808,0,0,0,1,32,0.16540925571867632,1.6263423450144212,43,14,1,0,2,0,Benign,0
1,0.11442805862653387,0,0,0,6,26,0.028669723499678692,1.6480592903154112,41,6,1,0,2,0,Benign,0
3,0.02809142729967184,1,0,0,5,22,0.19429057154849186,0.7529783957407175,41,11,2,0,0,0,Benign,0
2,0.31357998085615874,5,1,0,11,3,0.05220420484180823,0.5898293700668569,90,8,0,11,0,16,Attack_InsiderSabotage,1
1,0.05778417038285895,0,0,1,7,16,0.40405125322382834,3.423400914141359,42,12,5,0,1,0,Benign,0
2,0.03511989503844777,1,0,1,8,18,0.239466954178108,0.9913540476069412,33,11,0,1,1,1,Benign,0
1,0.18182627960423742,0,0,0,3,19,0.11708960638881015,0.4886937206291969,46,7,1,0,0,1,Benign,0
1,0.08462784434267946,0,1,2,2,28,0.09427304607086022,8.799838457404931,41,12,3,0,0,1,Benign,0
4,0.13465051049362847,0,0,0,5,26,0.10839437325220079,3.0650421363903364,43,12,2,0,1,0,Benign,0
2,0.00047855570890127625,0,0,0,7,24,0.25294873904826076,5.869920607141203,40,9,2,0,1,1,Benign,0
1,0.001501315907199782,0,0,0,7,22,0.2002647365272211,4.684646638385237,50,15,1,0,1,0,Benign,0
1,0.9028538568132114,7,4,259,635,21,0.825421995242021,142.04333512106987,26,6,146,3,49,0,Attack_DataExfiltration,1
1,0.014796439290488924,1,0,0,6,27,0.11293328639025625,1.154180060069778,45,9,7,0,1,0,Benign,0
1,0.014989563590433038,1,1,1,5,22,0.07748745994609879,2.200713744780319,39,11,2,0,2,0,Benign,0
1,0.04376192478683979,0,0,0,4,29,0.11093481711609111,3.19116204868351,44,15,2,0,1,0,Benign,0
3,0.03998049691454209,0,0,1,5,17,0.014347800458792272,3.6314671122466766,39,14,4,0,0,0,Benign,0
5,0.006315007302428653,0,0,0,2,20,0.20935308842455236,1.1356760029223985,45,7,6,0,2,2,Benign,0
3,0.02505894137278752,0,0,1,4,16,0.4119782889288118,1.0391875387220135,48,14,6,0,1,0,Benign,0
1,0.0415178672765923,0,0,0,4,21,0.2686350807329026,3.429836404908502,34,10,4,0,2,0,Benign,0
1,0.057314473091651635,1,0,1,6,27,0.14629692138450995,8.622584077851341,53,11,6,3,0,1,Benign,0
7,0.47494353711375986,1,1,0,12,9,0.059636486883471146,1.322466557624525,85,5,0,19,0,25,Attack_InsiderSabotage,1
1,0.005276478632572823,0,1,0,4,23,0.1577675564370389,7.180551797360562,43,8,1,0,0,0,Benign,0
1,0.023783097343244984,1,0,0,5,23,0.22823037068855603,2.70010416746577,37,11,3,0,2,0,Benign,0
2,0.004653180420655765,0,0,0,9,39,0.13956894957711277,3.06741620402619,40,5,4,0,0,0,Benign,0
1,0.0452233481926483,0,0,0,5,14,0.0999511282728398,1.0623982149204463,42,11,1,0,3,0,Benign,0
2,0.008393556206717537,0,0,1,2,29,0.10356691987829289,0.7416952760502931,38,8,1,0,1,1,Benign,0
3,0.0018690801624554427,0,0,0,2,29,0.1129641546793315,1.4459744617713313,31,6,3,0,0,1,Benign,0
1,0.005998437864835814,0,1,0,4,29,0.16858673486112882,8.537897840367789,32,10,1,1,1,0,Benign,0
1,0.023757284243490096,0,0,0,6,17,0.204311134490513,0.724179521822656,34,7,2,0,1,0,Benign,0
2,0.026594211129544996,0,0,0,9,23,0.14946063014730723,0.30353663488858024,34,17,0,0,2,0,Benign,0
2,0.026706625445058644,0,2,1,3,31,0.09113543616311734,2.7141979314677025,30,11,2,0,3,0,Benign,0
8,0.5052428978510655,4,2,0,10,8,0.07360287675780862,0.914859644400432,100,4,1,16,0,23,Attack_InsiderSabotage,1
1,0.05454062903072409,0,0,1,2,26,0.09905345528983217,2.897986866235618,34,11,2,0,1,0,Benign,0
2,0.023036154672227062,1,1,0,7,26,0.21459612185114008,7.194510035211285,43,8,1,0,0,0,Benign,0
4,0.6194386746702314,1,0,0,13,8,0.10234679834596587,0.5047237226803425,111,4,1,14,0,25,Attack_InsiderSabotage,1
1,0.05922195965498897,0,0,0,5,21,0.03383243320230089,5.003109595242769,41,11,1,0,1,0,Benign,0
4,0.01490894260524509,0,0,0,5,32,0.09514332497279585,1.0285702707761857,52,7,1,0,1,0,Benign,0
1,0.04111256128279364,1,0,0,5,23,0.08830221973704706,1.8561174041152422,37,8,4,0,0,0,Benign,0
2,0.07734121491695933,0,0,1,4,27,0.10167467041996003,2.4767348962899223,36,11,3,0,0,0,Benign,0
1,0.019446006187384356,0,0,0,2,20,0.047438920015521115,0.6926568165231113,50,8,2,0,0,0,Benign,0
2,0.03130351565930876,0,0,0,3,27,0.3536201644388495,4.520036710467665,41,5,4,0,0,0,Benign,0
1,0.4427404032584953,4,5,252,595,20,0.7187016959080847,73.77163673274877,23,4,186,1,42,0,Attack_DataExfiltration,1
3,0.0869281495280789,0,0,1,6,19,0.13442064221621128,3.429837295632474,43,14,1,0,1,0,Benign,0
3,0.596979236956862,4,1,0,6,7,0.09468187071776783,2.1937216256640517,107,3,2,10,0,16,Attack_InsiderSabotage,1
2,0.040143911900888105,0,0,0,7,27,0.0484667842989469,7.137156026589144,37,11,0,0,1,0,Benign,0
1,0.014796418227097163,0,0,1,3,26,0.13191508088559242,1.4051757095032025,37,11,2,0,0,1,Benign,0
2,0.0275743137888817,1,0,1,4,23,0.11399925379487859,1.2449722010152011,39,9,5,0,1,0,Benign,0
1,0.011995317986298675,0,1,2,6,21,0.2320705173083758,11.936777599201267,34,12,1,0,0,0,Benign,0
3,0.00727285187264076,0,0,1,5,30,0.09730854252333163,0.27829595567943816,48,13,2,0,3,0,Benign,0
1,0.14049029522668618,1,0,0,2,20,0.15834343185193112,6.9680530460069265,40,8,1,0,2,0,Benign,0
1,0.05719178019064933,0,0,1,2,19,0.18243318133409336,22.29741194835518,40,10,4,0,1,0,Benign,0
2,0.044556126803601735,0,0,0,7,26,0.21201659517176466,4.146833692191278,30,12,6,0,3,0,Benign,0
2,0.038573820331136925,0,0,0,6,29,0.12928889695698295,3.332413354560194,42,7,1,0,0,0,Benign,0
3,0.03510074508186542,0,0,2,8,28,0.2458781921962278,11.76329690468315,39,15,0,0,0,0,Benign,0
1,0.014417261960408934,0,0,0,6,36,0.2963305792624504,0.5643406625148863,52,8,0,0,2,1,Benign,0
2,0.0896840386221184,1,0,1,4,23,0.05673886201148685,4.045503150944691,32,7,3,0,0,1,Benign,0
4,0.08741063140484548,0,0,0,6,18,0.007681085051115957,11.298812102961614,40,9,0,0,1,0,Benign,0
1,0.12479462826489857,0,0,0,4,19,0.09261860179961276,4.329518878054114,32,10,0,0,1,0,Benign,0
1,0.9527425554592946,3,10,263,598,11,0.5840431911791368,181.75402575808326,13,2,179,1,47,3,Attack_DataExfiltration,1
1,0.10769563793557235,0,1,0,7,32,0.1365496372560647,1.5007624498029624,44,10,1,0,2,0,Benign,0
8,0.5244950728859268,2,1,0,10,4,0.07901397802737155,4.771741991165164,98,4,0,8,0,20,Attack_InsiderSabotage,1
2,0.6849631216670556,7,6,237,594,17,0.9643973881128444,345.2923758271886,21,2,171,1,48,0,Attack_DataExfiltration,1
1,0.05560839937079654,1,0,0,6,23,0.1626030032521649,2.795860016496437,47,5,2,0,0,0,Benign,0
4,0.4771555254395021,2,1,0,6,1,0.07846247702670169,1.314061036350916,104,4,3,14,0,14,Attack_InsiderSabotage,1
1,0.040700047352850585,1,1,0,3,16,0.2598485690955159,1.713633395437523,37,9,0,0,1,0,Benign,0
2,0.04130009248078873,0,0,0,3,19,0.17442918637467186,3.3703224797756755,34,11,4,0,0,0,Benign,0
1,0.027293663097877226,0,1,0,6,26,0.2530220919682523,2.1429437565562637,33,12,1,0,1,0,Benign,0
3,0.0005207306130824762,0,0,1,8,29,0.17759287781006458,0.5903909420421309,34,8,1,0,0,0,Benign,0
3,0.002828461252501434,2,1,0,6,25,0.18067141801542996,0.8190416300436799,44,11,1,1,1,0,Benign,0
1,0.07302842250237244,1,0,1,5,31,0.17394923040614427,1.9431616863334993,36,8,2,0,2,1,Benign,0
1,0.09318543928256831,0,1,0,3,23,0.10472321376212745,24.17717150749087,42,11,6,0,0,0,Benign,0
1,0.06294785438016091,1,1,0,2,29,0.3535503584205077,4.505370429611804,44,8,1,0,1,1,Benign,0
1,0.09075580781667254,1,0,1,4,29,0.26048112152668296,3.8391832630188167,35,14,8,0,0,0,Benign,0
7,0.4228697982109531,2,0,0,7,3,0.025349894854290678,0.7526525719508588,88,5,2,15,0,19,Attack_InsiderSabotage,1
3,0.4719900482718458,3,1,0,9,2,0.0896429761240146,0.4913508413839715,92,5,0,15,0,20,Attack_InsiderSabotage,1
1,0.5002254364410176,4,6,275,631,19,0.7886264774649347,96.61061422112982,24,7,168,1,50,1,Attack_DataExfiltration,1
1,2.59121474931737e-05,0,0,1,8,26,0.22686533697484157,0.7904431795198669,42,8,2,0,1,0,Benign,0
2,0.02937238534412908,1,0,0,3,40,0.07166732115830393,0.684846825071608,50,14,2,1,1,1,Benign,0
1,0.028866139286937226,0,0,1,5,30,0.06293634531702882,4.033735948142603,41,11,0,0,2,0,Benign,0
4,0.006364531873774193,0,0,2,3,20,0.09171705293836303,1.230436853600877,33,8,2,0,2,0,Benign,0
1,0.04062026244661463,0,0,0,5,22,0.061447046957434685,3.735524531026048,42,17,1,1,0,0,Benign,0
3,0.03324608543575323,1,0,0,5,30,0.12672162378826285,6.375952828989357,29,11,3,0,1,0,Benign,0
1,0.017040889581598974,0,1,2,6,25,0.17069769866803644,2.560536758287186,39,12,4,1,2,1,Benign,0
1,0.05747446863003465,0,1,1,3,24,0.07065017061303093,3.3578818079777326,37,6,2,1,1,0,Benign,0
1,0.05805080320497605,0,0,1,7,32,0.07249050374468018,3.3962813356917834,42,13,0,0,0,0,Benign,0
1,0.38170401230435,4,7,287,612,14,0.7723126124162325,165.7246205650243,21,2,160,2,53,1,Attack_DataExfiltration,1
1,0.03365591028436399,0,0,1,1,20,0.13254582136910675,1.9314765772160483,35,13,1,0,3,0,Benign,0
1,0.05694108711276728,0,0,2,6,25,0.218896633497129,1.6427999003844926,55,13,1,0,3,1,Benign,0
1,0.2692125967126142,0,0,0,2,25,0.05682100119836709,0.5756823410697132,53,15,2,1,0,0,Benign,0
2,0.06475717190325489,0,0,0,4,28,0.2247765214604358,0.6740871782513604,40,7,3,0,1,0,Benign,0
5,0.022517643215443715,0,0,1,7,34,0.21863411727795073,2.1784919985125155,39,9,1,0,2,1,Benign,0
4,0.010715184807156745,0,0,0,4,27,0.1919384520340937,8.11157857498614,47,8,3,0,0,0,Benign,0
1,0.05692995090650753,0,0,0,4,30,0.21977191044085467,1.7520994454437475,36,7,4,0,2,3,Benign,0
1,0.7536704836337839,3,10,244,610,16,0.6364852287748926,288.6569546233715,13,5,148,1,38,0,Attack_DataExfiltration,1
2,0.04679336923486736,0,0,0,5,22,0.0647678694462435,1.976414043028156,41,12,0,0,5,0,Benign,0
1,0.022175092005564855,0,1,0,9,31,0.09328187583264816,4.584265722459329,41,5,2,0,0,0,Benign,0
1,0.011746289407290472,0,0,2,5,16,0.15214007727284365,5.102271731502206,50,12,3,0,0,0,Benign,0
1,0.037941934314836154,0,0,0,7,30,0.2882229927343657,5.583471697409904,37,6,2,0,2,0,Benign,0
1,0.5433709310791736,7,12,253,557,14,0.7132382123715743,81.02562959684185,20,1,148,0,43,1,Attack_DataExfiltration,1
3,0.056235653386749344,0,1,0,4,20,0.04944127828138046,0.8843514509090172,42,14,1,0,1,0,Benign,0
3,0.0259293095154586,0,0,0,9,16,0.20936627945806696,6.837491285564523,39,8,2,0,0,0,Benign,0
2,0.0275363388581242,0,0,0,4,23,0.15733830339812535,3.672177469538429,35,10,1,0,2,0,Benign,0
2,0.061260789766583,0,0,0,3,26,0.1816083567919518,2.1205804526134013,44,10,2,0,2,0,Benign,0
1,0.007218483102040931,0,0,0,4,15,0.3284349472809533,0.9896457346339449,33,7,4,0,2,0,Benign,0
2,0.06072555801690861,0,0,1,7,33,0.30544584482307524,6.664029994451123,41,6,1,0,3,0,Benign,0
2,0.008587722941559163,0,0,0,8,23,0.250066828117019,15.418613088374546,39,9,3,0,1,0,Benign,0
3,0.7116043471154765,2,7,254,586,13,0.7123097110099434,175.7024568353891,20,7,174,1,49,1,Attack_DataExfiltration,1
1,0.004361986453544427,0,1,3,7,22,0.1696118316467366,1.7757107271159955,33,5,2,0,2,0,Benign,0
1,0.8525166163512388,7,8,249,607,11,0.7982208027289971,59.730133095902026,16,8,167,5,50,1,Attack_DataExfiltration,1
1,0.5691265801043293,4,6,255,606,15,0.7218524468376939,131.42888547725028,15,6,181,2,41,1,Attack_DataExfiltration,1
1,0.1391992462445733,0,0,0,4,28,0.16384167582152404,2.92955789073993,38,11,1,0,1,0,Benign,0
3,0.011498870876375916,0,0,1,4,20,0.15105525208731257,2.394917851036649,34,8,3,0,2,1,Benign,0
2,0.03959949520696186,0,0,0,4,38,0.2578115469911708,0.9187315608380608,43,7,4,0,0,0,Benign,0
2,0.020944573033543676,0,0,1,3,24,0.12695158820488286,1.3219093325817652,37,16,4,0,3,0,Benign,0
1,0.007356455927128294,1,0,1,4,19,0.34957033513737634,1.0756385627988514,48,7,1,1,0,1,Benign,0
1,0.004200008485662116,0,0,1,6,21,0.04120463982097168,1.887207011813796,43,12,1,0,1,0,Benign,0
1,0.047930683026228355,1,0,0,7,24,0.1877312742889796,4.570801558068832,37,6,4,0,0,0,Benign,0
1,0.017460640147102153,0,0,0,4,21,0.19739828207537405,1.0390165491546342,34,6,0,0,1,0,Benign,0
1,0.0033725403416401487,1,0,1,6,27,0.09608872518999788,2.9770062716947256,45,10,1,0,2,0,Benign,0
3,0.018812389729069227,0,0,0,8,16,0.2892414390799728,6.473104013851373,48,17,3,0,1,0,Benign,0
4,0.009013041047366478,0,0,0,3,24,0.1452915038901887,8.519587462796123,41,7,1,0,0,1,Benign,0
1,0.014848793847371753,0,0,0,8,18,0.18427291597807535,4.216548884654486,33,10,1,0,1,0,Benign,0
2,0.6606924929609896,7,6,236,620,25,0.7334388825207814,222.4603006311313,19,8,190,1,58,1,Attack_DataExfiltration,1
2,0.01834677806153127,0,0,0,0,23,0.09309953138758895,3.2164859173591607,40,9,1,0,1,0,Benign,0
2,0.04342526568255397,0,0,0,5,28,0.227914993953665,8.047260711462044,32,10,1,0,0,0,Benign,0
5,0.004536640944917979,0,0,0,6,28,0.14484512324852433,14.320210836063872,34,13,2,0,3,0,Benign,0
1,0.03610799459065381,0,0,0,3,14,0.030057429942280712,2.4583594565206215,31,11,1,0,2,0,Benign,0
1,0.06318973934946107,0,0,1,2,17,0.18893577576297851,3.48331230636528,43,7,2,0,0,0,Benign,0
1,0.8822037473755011,9,5,250,597,12,0.8633812789240936,338.4089092576236,20,8,170,0,49,1,Attack_DataExfiltration,1
3,0.10561732086434639,0,0,2,12,21,0.5392561903230045,4.486481333921126,45,11,3,0,1,0,Benign,0
1,0.07421868993481126,0,1,0,4,23,0.23963571777788023,2.4426591661809534,49,7,0,0,0,0,Benign,0
1,0.012421669946369448,0,0,0,2,23,0.17726324649998454,1.7839765023077871,45,11,2,0,1,0,Benign,0
2,0.019862437712855542,1,0,0,3,20,0.33592593866657044,1.9606728832134144,40,7,3,0,1,1,Benign,0
2,0.02810757621207479,0,0,0,6,24,0.14607821171905108,0.4419190316583566,33,11,4,0,0,0,Benign,0
1,0.6776455936596197,3,7,234,623,23,0.6312258137995378,185.05891738775674,20,2,174,1,49,1,Attack_DataExfiltration,1
3,0.031606329073518576,0,1,0,2,18,0.09470274172407285,20.372427095747774,41,17,1,0,3,0,Benign,0
1,0.0003604052958696896,0,0,0,13,26,0.1066086841966081,16.502668754299645,52,18,0,0,3,0,Benign,0
1,0.07473117452512029,0,0,0,2,30,0.1134583706949246,1.1929501915140859,48,10,1,0,0,0,Benign,0
1,0.048147972290282115,0,0,2,4,28,0.17031292364141679,1.2876251013079723,46,7,0,0,0,1,Benign,0
1,0.8892916401692174,1,8,262,604,11,0.9820114279795006,95.14225321333213,20,7,170,1,45,1,Attack_DataExfiltration,1
1,0.00958921997464479,0,0,0,5,26,0.16730135749839412,17.692918662803876,33,8,1,0,3,0,Benign,0
12,0.6453775808047726,6,1,0,7,3,0.013647124923281512,8.615283663731459,98,7,1,11,0,19,Attack_InsiderSabotage,1
1,0.01476211812152653,0,0,1,6,21,0.07729623308059959,2.433500745466632,46,13,1,0,1,0,Benign,0
3,0.16634045271625447,0,0,2,7,20,0.15772092413901073,12.344277621647066,51,12,0,0,0,0,Benign,0
4,0.13656193859291316,0,0,2,9,19,0.11016875884012194,0.7476543145476313,43,6,1,0,1,1,Benign,0
1,0.11453872436542743,0,0,0,2,24,0.1604275745112136,5.244790486153312,45,9,0,0,1,0,Benign,0
1,0.03707100366600018,0,0,0,4,26,0.0891046935458482,1.5260755671056598,40,11,0,0,0,0,Benign,0
1,0.16469276892741294,0,0,1,3,21,0.36737207145025463,3.027680986418935,38,11,3,0,1,0,Benign,0
3,0.03136663370722191,1,0,0,2,28,0.19460878954705874,21.880698219135414,40,18,1,0,5,1,Benign,0
1,0.8641680821534915,7,3,266,595,15,0.8913149539530407,281.3886240915929,22,7,175,0,39,0,Attack_DataExfiltration,1
1,0.10902622881360603,0,1,0,5,20,0.14446355988550022,2.3125073831479095,47,6,2,0,1,0,Benign,0
4,0.17967361535484738,4,0,0,7,5,0.07003522722533295,1.6494214270476828,115,4,1,19,0,21,Attack_InsiderSabotage,1
1,0.025849694120322605,0,0,1,5,28,0.27315117577176573,8.535383600883247,42,10,2,0,0,0,Benign,0
2,0.13341782396994692,1,0,1,4,26,0.15668587473643067,1.7052177793846437,54,9,2,1,3,0,Benign,0
2,0.0037644013116639135,1,0,0,3,19,0.18152117640479154,7.948753704647537,40,11,3,0,0,0,Benign,0
1,0.035372349801914574,1,0,1,9,27,0.07678191312536574,12.85536473432251,26,5,2,0,1,0,Benign,0
2,0.02993971933725994,0,2,0,3,25,0.06540703396246052,0.6624884460054428,47,11,3,0,2,1,Benign,0
2,0.06171059687729036,0,0,1,4,25,0.029766074790478606,3.7266621132704953,34,9,0,0,2,0,Benign,0
2,0.00046918978863155265,0,0,1,3,19,0.15740795478079084,3.088238362790361,30,8,2,0,1,2,Benign,0
1,0.4543644809149874,3,4,246,627,14,0.8067804644418977,108.9328986688451,19,4,174,1,51,0,Attack_DataExfiltration,1
6,0.38625497530920555,5,3,0,5,6,0.007940129311585947,1.8770619697941524,88,4,1,13,0,17,Attack_InsiderSabotage,1
2,0.001358464365933822,0,0,0,5,18,0.019009570916897103,2.831008865074823,37,9,0,0,1,0,Benign,0
1,0.8211987537670319,6,10,228,584,10,0.7835331001243465,149.85698239251374,19,4,181,1,59,2,Attack_DataExfiltration,1
3,0.13028107145846735,0,1,0,6,25,0.2849045529411147,1.7131767438663397,34,11,1,0,2,0,Benign,0
2,0.014777836845705961,0,0,1,5,33,0.13776575566212684,5.085696967270234,39,13,3,0,1,0,Benign,0
1,0.06185617353842947,0,0,1,5,30,0.2593485109176457,2.0832640129363806,39,14,2,0,0,0,Benign,0
1,0.01100607476347028,1,0,0,5,26,0.015277500417799184,2.6096407636705914,37,13,3,0,0,1,Benign,0
1,0.06139181536761568,0,0,3,4,27,0.1104208698498886,1.2581676369736883,49,15,2,0,2,1,Benign,0
6,0.7808342046215473,2,1,0,4,8,0.013901472517254213,1.4360589669783699,102,3,3,20,0,17,Attack_InsiderSabotage,1
1,0.008627384109813174,0,0,0,5,32,0.26879422796976565,2.529558815930964,40,7,2,0,2,1,Benign,0
3,0.046510917416831506,0,1,1,5,29,0.3859213012951858,1.9294621111191856,36,12,1,0,0,0,Benign,0
4,0.0640503800108716,0,0,0,4,26,0.3071026556212235,7.19022220794626,36,6,5,0,0,0,Benign,0
1,0.773033541159854,9,5,234,584,10,0.9443787214338593,108.14565291889244,17,7,186,0,48,1,Attack_DataExfiltration,1
2,0.49522992568669094,1,6,251,578,15,0.6460296273331828,114.66756781881993,27,5,176,0,50,0,Attack_DataExfiltration,1
1,0.05323582062180698,0,0,0,6,24,0.020369895904723836,1.1144224505223546,44,9,4,0,0,0,Benign,0
4,0.0062167920162860485,0,0,0,4,21,0.3239618348085991,32.93058128295303,38,12,7,0,1,0,Benign,0
1,0.03803803289994959,0,0,0,4,27,0.08385813602822931,10.844182727879163,36,12,0,0,1,1,Benign,0
8,0.45865591567739095,2,1,0,10,5,0.23938513517660148,1.4069331234798954,108,5,1,18,0,19,Attack_InsiderSabotage,1
1,0.006193741982977535,1,0,0,3,34,0.21190477644920513,1.6793624359123396,36,10,1,0,2,0,Benign,0
2,0.08497210820583109,0,0,0,6,26,0.045867461783488626,2.034641826535715,52,9,5,0,4,1,Benign,0
1,0.019525158409650176,0,1,1,1,17,0.027185777093168863,2.757929508070477,53,6,2,0,1,0,Benign,0
1,0.01902732686746754,0,0,0,3,26,0.13350768915130332,4.0275547660392315,46,9,4,1,0,0,Benign,0
1,0.039831347058415206,0,0,0,9,26,0.6146344669139047,9.214577006450435,27,6,5,1,1,0,Benign,0
1,0.006305717653662206,0,1,0,6,30,0.08157332128950542,0.9956248642815179,35,9,3,0,0,0,Benign,0
3,0.002611405972200536,0,0,0,6,20,0.16482185742357297,1.8333493990700906,42,10,1,0,1,1,Benign,0
5,0.04719302707565651,0,0,1,4,29,0.0829339322648394,2.9202019883692074,36,11,3,0,0,0,Benign,0
1,0.019484916209063934,2,0,2,8,35,0.08294587615893356,3.029201921710988,43,11,1,0,1,0,Benign,0
4,0.36856440085672915,2,3,0,13,5,0.046358426112422725,0.3591597729515269,86,4,0,18,0,25,Attack_InsiderSabotage,1
1,0.02928723081347263,0,1,0,2,24,0.2096246256691851,0.8157465277435215,51,13,1,0,1,1,Benign,0
3,0.022788374914844756,2,0,0,6,34,0.02572515246283531,0.9029320877557769,39,4,2,0,0,1,Benign,0
1,0.03281066935126379,0,1,2,5,23,0.08439967912939673,14.287350053621717,40,9,1,0,1,0,Benign,0
1,0.6860282812952727,4,6,218,599,20,0.8470603570983454,143.65685728066714,16,10,149,3,35,0,Attack_DataExfiltration,1
1,0.08695443298715969,0,0,0,3,34,0.09644075444414678,1.9297180745969296,38,16,0,0,1,1,Benign,0
2,0.005082198987150485,0,0,0,6,27,0.10509132923218185,0.459569710156366,34,18,4,0,0,0,Benign,0
5,0.19705795554699312,1,1,0,10,2,0.04603319901833995,0.09526473111338572,100,5,0,12,0,24,Attack_InsiderSabotage,1
1,0.06995940533126634,0,1,0,5,16,0.30224710020054857,1.6395658864336435,44,11,2,0,1,0,Benign,0
1,0.002213089702798281,0,0,1,4,32,0.16811405771525803,3.7255703786058043,36,11,2,0,2,0,Benign,0
1,0.04349849356564027,0,0,1,7,21,0.10680562837420975,5.469296813757578,40,8,3,0,2,0,Benign,0
3,0.04170248355465682,0,0,0,4,23,0.19194577925507053,1.319766908930476,48,7,1,0,1,1,Benign,0
1,0.03245290090863892,0,0,0,2,27,0.30141252940845886,2.2942352369115535,34,8,2,0,5,1,Benign,0
3,0.4354908076217583,4,1,0,11,4,0.24167446761170117,2.619893219961317,98,7,0,14,0,23,Attack_InsiderSabotage,1
4,0.48565038787505727,3,0,0,6,7,0.17097203398439223,1.2746119563521225,90,1,0,17,0,16,Attack_InsiderSabotage,1
4,0.44633999910629524,1,6,279,586,18,0.8406659466564887,80.50015223669918,23,4,149,1,49,3,Attack_DataExfiltration,1
1,0.030182854465492955,0,0,0,3,19,0.026394296553052834,1.0329440021885306,39,7,2,0,0,1,Benign,0
3,0.8489848646944288,9,6,234,621,12,0.6526971925508765,170.5072943735996,21,3,171,0,53,3,Attack_DataExfiltration,1
2,0.0037344228245803105,2,0,0,1,30,0.057415854618447365,0.965522950949138,41,7,3,0,2,0,Benign,0
1,0.002710995661840536,0,1,0,3,25,0.25305273846688897,0.8266621116791124,30,13,3,0,0,0,Benign,0
4,0.016735369405383956,0,0,1,2,21,0.32896232536755615,9.767542683207104,43,11,3,0,2,0,Benign,0
1,0.09873271675603298,0,0,2,5,28,0.060318563130667045,1.794603052423765,46,8,2,0,0,0,Benign,0
1,0.15756053846074125,0,0,0,6,19,0.11905108873248675,3.748752116879319,42,7,2,0,0,0,Benign,0
4,0.07523446202351686,0,1,2,7,24,0.1348869205413891,3.8366019171126,36,8,2,0,4,0,Benign,0
1,0.09439603898230163,0,0,0,3,24,0.055915051008525944,10.808620316270535,54,10,2,0,1,0,Benign,0
3,0.23329776949407027,6,1,0,15,6,0.3794906477023906,0.8885326566981121,86,5,1,22,0,24,Attack_InsiderSabotage,1
3,0.1950352538126656,1,0,1,4,20,0.20001644165634044,5.15768075772633,37,9,1,0,1,0,Benign,0
4,0.6061306834554931,3,1,0,7,2,0.1420435470872945,3.0545401791992135,92,6,1,14,0,23,Attack_InsiderSabotage,1
2,0.059866651927209046,1,0,0,5,11,0.4062247439909764,10.719161667976802,46,12,2,0,0,1,Benign,0
1,0.004369142626879098,0,0,0,4,21,0.15309315757912412,1.058028653319906,41,9,3,1,0,0,Benign,0
2,0.009814813105025634,0,0,0,5,23,0.2534733946561836,2.09471173391213,40,6,1,0,0,1,Benign,0
1,0.011862658509224673,0,0,2,4,25,0.09024029086828217,2.688566332882357,42,4,1,0,1,0,Benign,0
4,0.7763036287165147,4,5,254,590,12,0.9159555982258533,90.91925451924848,24,2,157,0,45,0,Attack_DataExfiltration,1
1,0.02683166123919648,0,0,1,6,31,0.22341212107993905,3.9149941366200376,43,12,4,0,3,0,Benign,0
3,0.08171664520640523,0,1,1,4,33,0.28659699510349523,21.345599178852762,37,9,2,0,1,0,Benign,0
1,0.08448049511456032,0,0,1,3,33,0.175683998208562,3.8911334731941527,29,11,2,0,1,2,Benign,0
2,0.09493629255610492,0,0,0,4,18,0.17212225525576083,10.885600298390733,51,12,1,0,3,1,Benign,0
1,0.04085350773654935,0,0,0,1,18,0.3844081157653134,1.2533916461778112,32,10,3,0,1,0,Benign,0
1,0.14190746143076444,0,0,0,2,22,0.17788040677725223,3.637941849319598,35,10,3,0,1,0,Benign,0
3,0.5788115839357529,4,1,0,12,3,0.010981743577554472,0.24638339197834377,122,4,2,16,0,19,Attack_InsiderSabotage,1
4,0.01595296750126909,0,0,1,2,22,0.08958026601013251,3.142940631936934,50,10,3,0,0,0,Benign,0
2,0.06646037352764332,0,0,0,1,32,0.43393496363533235,38.62649793226031,42,10,2,0,1,0,Benign,0
1,0.009730054781993154,0,0,1,6,22,0.03507910248860867,11.127832614616116,36,8,0,0,3,1,Benign,0
3,1.360472395545298e-05,0,0,0,2,17,0.08316708417971738,3.537967936113567,44,11,0,0,1,1,Benign,0
1,0.049508748406793736,0,0,2,3,30,0.15113992033211246,3.7431799647205843,41,11,3,0,3,0,Benign,0
2,0.002506781191184915,0,0,0,6,32,0.1500775012890683,1.7073162437590848,48,9,3,0,0,1,Benign,0
1,0.01683598181594785,0,0,0,2,27,0.06654520900353013,3.614008094638644,29,10,2,0,2,0,Benign,0
3,0.17100886956083158,0,0,1,4,31,0.04919532985161707,1.8190082281630244,37,10,2,0,3,1,Benign,0
1,0.00537248187259086,0,0,0,3,26,0.20742130713113696,0.6571870934364301,29,10,3,1,0,1,Benign,0
1,0.03204799583547002,0,0,3,7,28,0.4066132715717191,1.3814167153137507,49,9,2,0,1,0,Benign,0
8,0.4042587495501997,2,2,0,13,3,0.003608591055746958,1.204676205882802,106,7,0,15,0,22,Attack_InsiderSabotage,1
1,0.11995840453029401,0,0,0,7,24,0.2305874841921598,2.5445652639213545,39,9,1,0,1,1,Benign,0
1,0.0022402797322108757,0,0,2,4,23,0.4165022523472414,0.8065107317477479,38,11,3,0,0,0,Benign,0
1,0.06033039159610211,0,1,0,4,28,0.09155013248797035,10.436461068193724,39,11,2,0,0,0,Benign,0
3,0.05244220875600048,0,0,1,14,22,0.35763610553555414,7.352327885987903,37,11,3,0,0,0,Benign,0
1,0.010183933942665029,0,0,0,4,24,0.17038515779857835,1.2970158287794538,44,12,0,0,2,0,Benign,0
1,0.07765997691066513,0,0,0,9,25,0.08799754084140138,0.8983461803159937,40,11,3,0,2,0,Benign,0
1,0.033943679329864716,0,0,0,6,22,0.014398101565411303,6.755599137328709,52,7,0,0,0,1,Benign,0
1,0.7495091310541849,5,10,251,618,13,0.821074592625682,143.30404365128172,21,5,164,1,53,0,Attack_DataExfiltration,1
2,0.8640084505305134,7,6,253,590,18,0.951837769763028,242.6904269188936,19,2,157,1,57,2,Attack_DataExfiltration,1
5,0.0546541047698632,0,0,1,1,25,0.12026854081490335,3.3443387267194993,42,6,4,0,2,0,Benign,0
4,0.07209831253293823,0,0,1,4,29,0.05336060043520907,4.003192887686419,38,12,3,0,1,1,Benign,0
1,0.04665747875796213,0,0,0,6,22,0.15177169263819618,0.787292362939173,39,15,0,0,2,0,Benign,0
4,0.22091617678076114,4,3,0,10,4,0.025557838713873734,0.9761450211645686,94,3,0,24,0,19,Attack_InsiderSabotage,1
1,0.08005297198124722,1,0,0,6,31,0.31532186366374476,11.850040727409022,57,7,4,0,0,1,Benign,0
1,0.1293990902432193,1,1,0,9,29,0.26932844545128976,1.3517696972181166,45,19,4,0,2,0,Benign,0
4,0.6765934358148796,4,1,0,9,1,0.04473447390016947,1.0334714753047618,114,6,1,19,0,19,Attack_InsiderSabotage,1
1,0.016487115394593754,0,0,0,5,26,0.017359964556391144,0.2686138494944588,34,14,2,0,1,0,Benign,0
3,0.0008890142439042586,0,0,0,3,25,0.13132229913253707,1.9652053658362971,50,16,4,0,0,0,Benign,0
5,0.015586038161408668,0,0,0,9,27,0.08902445436034816,4.934159359842888,38,10,2,0,1,1,Benign,0
3,0.00352386686840911,1,1,0,8,27,0.25568188081710397,0.5216830798343818,33,11,4,0,1,0,Benign,0
1,0.04925885052398309,0,0,0,3,21,0.22049509930957006,0.9526087403202197,42,13,1,0,1,0,Benign,0
2,0.0437889696618499,0,0,0,6,30,0.13411519832422947,3.6156016673706164,33,7,2,0,3,1,Benign,0
1,0.06763812491810961,0,0,0,9,21,0.10446986631919195,4.243079260896513,37,3,2,0,0,1,Benign,0
1,0.05862272199698449,0,0,1,8,18,0.07990257311520917,1.7498517470470136,37,6,2,0,1,0,Benign,0
5,0.06595911279469716,2,0,1,6,21,0.10854273072284647,0.3313444187734737,46,9,0,0,1,0,Benign,0
1,0.013087391899719563,1,0,1,6,24,0.15244876648622066,1.4441129534967323,37,9,1,0,1,0,Benign,0
1,0.004882301172997297,0,1,1,8,23,0.08065542487112583,3.330008610258316,49,18,3,0,1,0,Benign,0
1,0.051488773729594144,0,0,1,4,28,0.10767538589674594,4.066763446549171,40,8,0,0,0,1,Benign,0
1,0.0779224627792463,0,0,1,7,20,0.09898832981214538,3.2542463269198683,36,9,2,0,0,1,Benign,0
3,0.009751699010224936,2,0,1,7,30,0.07266326743792646,3.907810784826377,44,9,2,0,1,0,Benign,0
1,0.023033571942494717,0,0,1,11,27,0.10964859935236008,5.22474209788309,41,10,1,0,0,0,Benign,0
1,0.002459449207602806,0,0,0,5,30,0.11456573322125066,9.855643083487438,40,12,3,0,1,0,Benign,0
3,0.05423716036393109,0,0,1,7,26,0.1607483884504751,4.250363447124796,44,7,2,0,1,0,Benign,0
1,0.005411997087173151,0,0,0,5,31,0.41352186741350955,1.0554203658293444,40,12,2,0,0,0,Benign,0
4,0.07643240141530237,0,0,1,5,20,0.05167679001826606,0.39969965516245576,39,9,0,0,2,1,Benign,0
1,0.0070359032588826345,0,1,0,6,21,0.27122472750482446,7.295186256860647,43,8,2,0,2,0,Benign,0
1,0.01823657493799877,0,0,3,2,34,0.09823121366491161,0.10632364962301084,35,7,2,0,0,1,Benign,0
1,0.029116233570493255,0,0,0,4,25,0.13237155715446766,1.4616590210993128,47,9,3,0,2,0,Benign,0
1,0.004152792463205513,0,0,0,6,28,0.20169408725981144,0.4593278734677694,41,8,0,0,0,0,Benign,0
1,0.01789156710914645,0,0,1,8,30,0.16482516823168827,3.451004102961942,56,11,3,0,0,0,Benign,0
12,0.49765958792939236,1,1,0,10,5,0.13231391993503056,4.109405046687419,95,4,0,13,0,22,Attack_InsiderSabotage,1
1,0.012839489274184442,0,0,0,4,31,0.13969451916654854,1.5711691300364268,45,9,3,0,1,0,Benign,0
1,0.011051803185178606,0,1,0,4,13,0.19545895498591223,0.6522714323107458,44,17,2,0,0,0,Benign,0
1,0.1373348218801253,0,1,0,6,27,0.21219088484445908,1.6293433772731798,31,18,4,0,1,0,Benign,0
1,0.20723612869807165,0,1,4,4,24,0.17573950532925015,7.910076815610323,35,8,2,0,2,0,Benign,0
1,0.034850709497618426,1,0,0,4,14,0.16736088840897037,2.549840738266152,39,9,5,0,1,0,Benign,0
4,0.008806089857317073,0,0,0,13,23,0.0989471803742513,2.3008043449512536,47,12,0,0,0,1,Benign,0
2,0.03804564038693602,1,0,0,6,22,0.13179406464279997,1.1814654267853577,38,3,2,0,1,0,Benign,0
2,0.01598312287494488,0,0,0,8,20,0.2145361570135075,1.9652136331341874,24,8,4,0,0,0,Benign,0
5,0.08651854992678099,0,0,0,8,38,0.16994541683930958,0.8011231921385435,46,13,2,0,1,0,Benign,0
2,0.10784294150736291,3,0,0,7,21,0.25215206243695076,2.9622024354407004,35,7,1,0,1,0,Benign,0
3,0.010777932889027255,0,0,0,5,25,0.12135747752211698,8.294241386286659,31,10,5,0,3,1,Benign,0
2,0.03660589538985036,0,0,2,9,29,0.11863242387769758,2.611254503162061,34,12,2,0,3,0,Benign,0
1,0.0383162373572117,0,0,0,5,34,0.11208699914441338,2.1604312545443585,43,10,1,0,0,1,Benign,0
1,0.05284646238218807,0,0,0,4,22,0.2258212682952071,4.32030551887196,43,11,3,0,0,0,Benign,0
8,0.16862378365260322,3,0,0,10,8,0.10039681294193048,0.3530943891482813,102,3,1,20,0,21,Attack_InsiderSabotage,1
2,0.011963632966494853,0,0,3,2,18,0.3492191154839716,11.086753786071425,41,11,1,0,1,0,Benign,0
4,0.021711228951513773,1,0,2,6,27,0.1716337118005522,2.6423194861694914,46,10,3,0,1,0,Benign,0
2,0.10665487363754182,1,0,0,6,23,0.1603440916646527,1.2105965633400018,42,7,1,0,0,0,Benign,0
5,0.3776905610827432,3,0,0,17,2,0.16138766295843845,0.6671406333489581,108,6,0,14,0,14,Attack_InsiderSabotage,1
1,0.2719114602755527,0,0,0,7,21,0.06300849166500834,12.376669785961141,38,5,2,0,1,1,Benign,0
1,0.02002709627597042,0,0,1,2,28,0.2096658908815474,6.431446883375327,41,12,3,0,0,0,Benign,0
1,0.017131988420304025,1,0,0,11,26,0.3721628632002318,1.5043762086523849,38,12,1,0,0,0,Benign,0
4,0.07614743269928732,1,0,0,10,22,0.09934503956662302,1.142781908561973,36,6,3,0,3,0,Benign,0
2,0.12239478876997693,0,0,1,8,21,0.08402307129523079,5.038132880285726,34,4,2,0,2,0,Benign,0
2,0.026169671871585636,0,1,0,7,31,0.11173557056243837,4.017607877465875,33,13,3,0,1,0,Benign,0
1,0.19078199918829064,0,0,0,5,25,0.16886104771155055,0.6160670726963675,31,10,1,1,0,2,Benign,0
2,0.7581888631534772,3,3,244,591,16,0.646391928543754,160.69099955478305,12,5,153,1,50,0,Attack_DataExfiltration,1
1,0.8077218509653993,5,5,230,605,18,0.8297915934180242,124.52358603669362,25,6,178,2,52,0,Attack_DataExfiltration,1
3,0.07948480829069184,1,0,1,12,23,0.01567695203755709,1.1394392888109421,40,11,3,0,0,1,Benign,0
5,0.01676150661238483,0,0,0,8,32,0.0887374871546652,4.076102386308902,38,10,3,0,1,0,Benign,0
2,0.012540591845050004,0,1,0,5,26,0.10722023429837653,1.2574226268197788,38,9,1,0,1,0,Benign,0
1,0.8316877532927662,5,6,272,619,12,0.7261054126315425,695.5703411584251,16,5,162,1,48,2,Attack_DataExfiltration,1
5,0.7710829627300276,2,1,0,9,2,0.07591725740681846,0.657981695760008,99,7,0,17,0,14,Attack_InsiderSabotage,1
1,0.7789225907749822,5,8,261,600,13,0.7800102247119847,202.3097163244964,17,6,163,2,56,0,Attack_DataExfiltration,1
1,0.004695984459208421,0,0,0,6,32,0.13649419094616033,1.8556145762503087,42,12,0,0,1,1,Benign,0
1,0.020002389330136247,1,0,1,6,15,0.05875040628012353,21.18016234523612,40,5,2,1,2,0,Benign,0
2,0.021764946696655817,0,1,0,4,33,0.1479534036711899,5.604013368781474,38,8,2,0,1,0,Benign,0
1,0.04036386792409026,1,0,0,7,24,0.40868774100576055,0.819037327297839,34,10,1,1,1,0,Benign,0
4,0.019789187344653705,0,0,1,5,23,0.16363080758823337,32.47944822847729,26,15,1,0,0,0,Benign,0
1,0.34901982077457905,8,5,233,601,12,0.7939130530425798,139.85318886492996,21,10,167,1,46,0,Attack_DataExfiltration,1
2,0.007314646241239437,0,0,0,8,29,0.1599890240856262,1.1495351205960391,38,13,3,0,0,0,Benign,0
5,0.0025533966636039863,0,0,0,7,30,0.11937573086967439,10.133778183568161,38,10,4,0,0,1,Benign,0
1,0.04771978292597514,2,0,0,3,11,0.2624154453550335,0.9147052556114622,40,8,2,0,1,1,Benign,0
3,0.5228006193713408,8,3,269,574,20,0.8098725461908997,176.04480699447296,24,6,168,2,54,1,Attack_DataExfiltration,1
1,0.011443279729454942,0,0,0,3,20,0.14017232268429197,3.746861627136049,35,4,1,0,0,0,Benign,0
1,0.059681485152011785,0,0,1,3,26,0.2682232304066808,1.7380494601749967,29,10,2,0,1,1,Benign,0
5,0.0101180916111583,0,0,0,2,29,0.10726277217497242,10.343432230306513,37,12,0,0,2,0,Benign,0
2,0.017168753927449782,0,1,0,7,33,0.19210159971211013,1.4016863217857969,39,10,1,0,0,0,Benign,0
2,0.005521036587484949,0,0,0,0,29,0.21688938335557204,1.578021455312734,41,12,0,0,3,1,Benign,0
8,0.49510076676345155,5,0,0,10,4,0.07254106480793458,2.5000815791812685,79,3,2,20,0,24,Attack_InsiderSabotage,1
3,0.06077156874481136,0,0,0,9,23,0.062458028782566906,6.604056669450565,37,17,1,0,0,1,Benign,0
1,0.01982286819384686,0,0,1,3,18,0.23968125900584367,9.033703287211965,39,10,1,0,1,0,Benign,0
1,0.012867949031820973,0,0,0,2,29,0.13071329507333274,24.663186281166222,27,8,3,1,1,0,Benign,0
3,0.04303426297877014,0,1,0,10,20,0.17964999464594972,0.30603330121944494,45,9,2,0,1,0,Benign,0
3,0.008268973999450691,1,0,0,3,26,0.23704812629472258,0.895891721478176,48,15,6,0,0,0,Benign,0
1,0.0030082375790377483,0,0,0,4,30,0.15449667513849774,3.8247925194400154,40,11,2,0,0,0,Benign,0
1,0.05462324014497199,0,0,1,9,25,0.1633874632131621,0.9477558463119391,43,12,0,0,1,1,Benign,0
5,0.04075022025133847,1,1,2,13,21,0.19514809470938163,6.410694120707727,44,8,0,0,0,1,Benign,0
1,0.6978665015092256,3,10,245,594,17,0.6574565133351381,176.74953773114171,21,5,180,0,47,2,Attack_DataExfiltration,1
2,0.011764021338793947,0,1,0,4,28,0.5073380248294264,3.080114454372388,22,11,6,0,1,1,Benign,0
4,0.09130510757094924,0,0,0,3,25,0.24868980837790108,5.5810273785673425,32,16,2,0,1,0,Benign,0
6,0.34777778788835956,4,2,0,12,4,0.11884057017687037,1.4777772797275208,106,11,2,18,0,23,Attack_InsiderSabotage,1
1,0.006045445006912537,1,0,1,5,23,0.3069324082854853,0.4499637828839184,44,9,1,0,0,0,Benign,0
1,0.000656504053390274,0,0,1,7,29,0.2834019163182868,6.191170156912883,40,8,1,0,0,0,Benign,0
2,0.07707680302788997,0,0,1,5,16,0.10088975064567395,7.315351005821656,38,9,0,0,1,1,Benign,0
2,0.8965501494304812,2,4,247,609,11,0.8893591385919617,269.77988915222056,21,2,182,2,59,0,Attack_DataExfiltration,1
1,0.0026474541197781818,0,0,0,6,26,0.04046351107762991,1.5461436222985383,34,9,1,1,3,1,Benign,0
3,0.01592255616082993,0,1,0,4,33,0.29435729183028925,5.3372731524176285,48,11,0,1,1,0,Benign,0
1,0.03641642135103026,0,0,1,2,24,0.07994299905198002,0.9459271163311345,32,14,2,0,2,0,Benign,0
1,0.030582914644154517,0,0,1,2,27,0.1438203612448397,12.731926946720614,37,8,3,1,1,1,Benign,0
1,0.04984549505915987,2,2,0,4,21,0.08563296383163504,6.725209184317401,44,15,1,0,2,0,Benign,0
4,0.16206334998185626,5,0,0,5,6,0.08319623083840634,1.0078983194170086,92,3,1,19,0,20,Attack_InsiderSabotage,1
1,0.8634560956937345,7,5,251,605,17,0.8241092351670505,93.70060685732575,17,9,177,2,53,1,Attack_DataExfiltration,1
4,0.0707338973121566,1,1,1,5,29,0.04620682136285771,3.225544836956178,34,8,1,0,2,1,Benign,0
2,0.07838681641952135,0,0,0,4,28,0.12215882596950131,4.624020842831212,39,5,3,0,1,1,Benign,0
2,0.03612779650091806,0,0,0,5,26,0.09546565501055279,4.400878634020183,37,7,2,0,2,0,Benign,0
3,0.06654962527181006,0,0,2,6,19,0.10278450680031438,20.25005334146332,38,11,2,1,1,0,Benign,0
1,0.004960509769664548,0,0,0,6,23,0.16633791772090137,2.800265597165663,27,11,2,0,3,0,Benign,0
1,0.6694647115491681,8,0,0,7,6,0.11708452762406751,1.7553491369884129,92,5,2,13,0,23,Attack_InsiderSabotage,1
3,0.07649433688314543,1,0,0,2,23,0.17090622350466356,8.881643060437863,41,14,1,0,3,0,Benign,0
2,0.06159137679704044,0,1,0,6,33,0.19536958116192776,7.133664229503105,48,14,0,0,0,0,Benign,0
3,0.07538045998607122,1,0,1,10,22,0.1590931331148554,0.615297328836106,36,7,2,0,0,1,Benign,0
2,0.014888107264502418,0,0,2,4,27,0.2021892289473025,1.3342236424542864,49,8,2,0,1,0,Benign,0
1,0.007243297061351662,0,0,0,7,31,0.31255363009165676,3.637913094183986,40,12,1,0,1,0,Benign,0
1,0.11348778183519267,0,0,0,11,33,0.2987891486763159,1.880198402930035,38,12,4,0,2,0,Benign,0
1,0.014974999759282686,1,0,1,3,16,0.31500022306584957,8.13231695219622,43,7,3,0,1,0,Benign,0
1,0.002284855178015032,1,0,1,2,22,0.01656823557399614,3.5377082232080874,42,7,1,0,1,0,Benign,0
2,0.8024837735761865,4,8,245,591,15,0.8376847764563455,162.4357882913114,23,6,176,3,58,3,Attack_DataExfiltration,1
2,0.39817369353981735,5,6,247,576,18,0.7990086533713777,245.11627765488385,25,3,180,3,40,1,Attack_DataExfiltration,1
1,0.007277881507752661,1,0,0,9,29,0.12186479356716985,1.1652321692468735,39,5,2,0,1,0,Benign,0
1,0.001307956257778765,0,0,1,6,29,0.16113418601745882,3.2197087740668975,46,10,0,0,0,0,Benign,0
1,0.0020381996842546066,0,2,0,5,29,0.32939298980649906,0.6991002021648817,38,5,0,1,0,0,Benign,0
4,0.05931700027977115,1,0,1,6,21,0.16799604882419458,2.3130826271129328,40,10,2,0,2,0,Benign,0
1,0.014846154953880792,0,1,0,4,33,0.2297351709626241,1.7006826641516788,44,11,2,0,0,0,Benign,0
1,0.12718946228302122,0,1,0,6,23,0.25250290158145283,3.1199533947574034,33,10,4,0,1,0,Benign,0
1,0.06344778404128577,1,1,0,2,24,0.32537650184929506,7.133987839661717,44,17,1,0,0,1,Benign,0
1,0.008741307633040145,0,0,0,7,13,0.18123921643447025,1.1435556217819975,34,4,1,0,1,0,Benign,0
1,0.0774576885483392,1,0,0,5,24,0.24907980660273904,1.3943585153488134,38,15,2,0,0,0,Benign,0
1,0.13454209831579547,0,0,1,7,19,0.07292467630702422,0.5449148982115959,31,9,2,0,1,0,Benign,0
1,0.03158372337082182,0,0,1,11,21,0.06372289010389402,3.547900025139265,43,9,1,0,2,1,Benign,0
3,0.810950530846191,5,8,237,609,26,0.9137915747017191,174.7927595619708,18,7,168,0,64,1,Attack_DataExfiltration,1
1,0.11764957763372255,0,1,0,3,30,0.2071348263806774,3.6273184924775075,54,8,3,0,2,0,Benign,0
2,0.034630301274387904,1,1,0,6,21,0.029291832019258394,1.1846026030505579,50,10,2,0,1,0,Benign,0
1,0.07121613712602826,0,0,0,7,29,0.15309019259950993,4.240489633741897,42,8,1,1,2,1,Benign,0
1,0.000845998805795389,0,0,0,7,21,0.1061681253617961,0.7774837563431161,46,10,2,0,0,0,Benign,0
2,0.03309088034961688,0,0,1,3,20,0.21129936035289926,1.1985871386535007,40,11,3,0,1,0,Benign,0
1,0.08032512081680208,1,0,1,4,24,0.07892113922892352,3.0198409685615393,30,12,2,0,1,0,Benign,0
2,0.6854974750898701,4,7,227,628,16,0.757008179460483,104.88563114552487,15,5,165,2,46,3,Attack_DataExfiltration,1
1,0.04845571397381196,1,0,1,6,18,0.22308097301290106,4.068310696569958,32,13,4,1,1,0,Benign,0
1,0.00716640156862391,0,1,0,3,31,0.15437572368662905,8.757832846394605,29,13,3,0,1,0,Benign,0
1,0.14939734351299988,0,0,0,7,21,0.2594686612171707,1.7565052715522291,46,14,0,0,1,0,Benign,0
2,0.01380962450929992,0,0,1,3,28,0.31186075292133597,2.438048350004737,49,6,0,0,1,0,Benign,0
1,0.07501557101071851,0,0,0,8,22,0.146027888891673,0.29824708006813,34,7,3,0,1,2,Benign,0
3,0.9558896947000268,2,7,252,612,21,0.7671246165292505,398.4918552205262,20,3,168,1,47,0,Attack_DataExfiltration,1
2,0.04232531972603633,0,0,1,4,19,0.1691810556254406,0.8670916648426241,40,10,2,0,1,0,Benign,0
2,0.1053930033019377,0,0,1,4,16,0.26363198220439477,3.1034946601339004,40,11,1,0,2,1,Benign,0
1,0.02726492176757405,0,0,1,2,29,0.1652445573626391,9.271086660762244,46,10,1,0,2,2,Benign,0
2,0.4266563116855007,1,3,260,602,10,0.967349214450333,252.760699165806,16,7,158,0,58,0,Attack_DataExfiltration,1
1,0.016811260541065465,0,0,2,3,22,0.19797109055301068,2.3996285900422625,50,12,3,0,2,1,Benign,0
2,0.011802486702403523,1,0,0,2,22,0.24986958760402708,2.8445122963505765,53,12,7,1,3,1,Benign,0
2,0.03913044441594198,0,0,3,6,16,0.24852348385476933,17.78415127501578,46,15,1,0,0,0,Benign,0
2,0.024459969512399603,0,0,0,5,30,0.03772995563714731,4.169399277111908,36,9,0,0,2,0,Benign,0
2,0.03867989791345527,0,0,3,5,35,0.23457132244666345,7.058085197999657,45,6,1,0,0,0,Benign,0
1,0.07983725752334347,0,0,0,4,22,0.041235414793265424,3.335200292049821,38,14,5,0,1,0,Benign,0
1,0.0033965738229403057,0,1,0,8,22,0.23879750343822864,7.0060097080039965,43,4,0,1,1,0,Benign,0
1,0.0835830436037891,0,0,2,9,32,0.15665118369459108,2.4103705288745703,49,8,1,0,2,1,Benign,0
3,0.014824041241796388,0,0,1,6,25,0.06189348030579949,1.104939991253257,38,9,0,1,1,0,Benign,0
2,0.058724535579780454,1,0,1,4,30,0.024212471693178153,0.7885505743549449,35,13,2,0,1,1,Benign,0
1,0.0657604904356951,0,0,2,7,23,0.18898700628846762,6.353763540486148,40,14,0,0,0,0,Benign,0
4,0.15206292030358998,0,0,0,6,35,0.08610678050611444,0.5550228403311759,48,10,0,0,1,0,Benign,0
1,0.02952434942451403,0,1,0,7,22,0.2248490357328107,8.86701586076157,42,7,0,0,2,1,Benign,0
1,0.04712288820115382,0,0,1,6,26,0.09204581274761556,2.00462176832098,40,8,0,0,0,0,Benign,0
1,0.11923082907217732,0,1,0,10,18,0.015398800459281497,1.8450563528554575,35,10,1,0,1,0,Benign,0
5,0.44375357444651925,5,0,0,15,4,0.0941437694207702,0.45688196384567703,105,3,1,19,0,22,Attack_InsiderSabotage,1
1,0.05780795567272963,0,0,0,4,16,0.4100301152978584,7.065658808802757,45,11,4,0,1,1,Benign,0
3,0.12655524645274302,2,0,0,6,24,0.1393180326299956,2.4848108370717057,38,10,2,0,1,1,Benign,0
1,0.8391878959962913,2,6,235,606,18,0.9234889526691622,222.1826975572314,13,4,169,1,47,2,Attack_DataExfiltration,1
1,0.1491244631605614,1,0,1,5,18,0.06410541215198945,1.7379404012145998,38,9,0,0,0,0,Benign,0
1,0.0017219860321944374,0,0,0,7,26,0.09627774308360351,1.668558578040132,32,14,0,0,0,1,Benign,0
2,0.0010040091694410289,0,0,1,4,18,0.06655470821717578,3.364769637182543,46,11,3,4,3,0,Benign,0
1,0.09413833337361167,0,0,1,6,21,0.09715265919461243,9.7767371493222,36,9,5,0,3,0,Benign,0
1,0.16455881191868466,0,0,0,3,23,0.1799827625974616,1.2820742559310625,44,12,1,0,0,1,Benign,0
3,0.15785088633483418,0,0,1,5,32,0.08515372151715761,0.9390190897109053,37,12,2,0,1,1,Benign,0
2,0.025682394524433497,0,0,1,5,27,0.1904137935909593,5.909360492043643,33,10,2,0,2,0,Benign,0
3,0.005846564628169736,1,0,0,4,27,0.12447129801416551,2.91139996453019,31,9,0,0,2,0,Benign,0
3,0.057119080998809864,0,0,0,3,21,0.032297375799385214,0.8830625460072412,45,8,0,0,2,0,Benign,0
2,0.012051529588444588,0,0,0,2,29,0.33164447144504855,2.0548439903864995,32,8,1,0,1,0,Benign,0
1,0.010499573838260114,0,0,0,5,23,0.16341836997548254,2.162480293373676,25,8,2,1,1,0,Benign,0
4,0.04576787118074598,0,1,0,8,25,0.19875191740950976,2.2131431632302827,34,11,3,0,0,0,Benign,0
2,0.02334793684088376,0,1,1,5,31,0.29046190743197225,5.056701076456593,46,10,1,0,2,0,Benign,0
1,0.05201712255160355,0,0,1,4,26,0.16450241323014805,2.663719128744352,32,5,1,0,1,0,Benign,0
1,0.04358026023616556,0,1,0,4,22,0.08595902610110114,4.8696941226569885,36,11,2,0,1,0,Benign,0
1,0.04915043146511858,0,0,1,4,24,0.13291741053616896,7.364639198734201,29,8,4,0,0,0,Benign,0
1,0.02957474556459984,0,0,1,4,30,0.07037481482298724,0.553980625091266,32,8,1,0,1,2,Benign,0
5,0.7598004589602845,6,5,284,605,18,0.7616076457450375,179.8984341324593,29,6,182,0,50,1,Attack_DataExfiltration,1
2,0.04481275428924416,0,0,1,3,19,0.18632551002612321,14.545573504608988,36,7,1,0,0,1,Benign,0
1,0.007732658484658202,1,0,0,4,14,0.16426467105432874,4.477127737939088,39,16,1,0,0,0,Benign,0
1,0.010929224538480792,0,0,0,7,27,0.1709614571510387,5.639537447444615,29,6,2,1,0,1,Benign,0
4,0.03447773147145157,1,0,1,6,31,0.042860777264500126,0.3410124908775957,27,9,2,0,0,0,Benign,0
1,0.026325715818789373,0,0,1,4,16,0.29005811212260335,5.752219939157337,44,8,2,0,3,0,Benign,0
1,0.007649082802233985,0,0,0,5,22,0.18212493591791978,6.323580869261614,31,8,2,0,1,0,Benign,0
2,0.0012511883021829565,2,0,1,11,24,0.14666128281801916,1.284469141861424,43,6,2,0,0,0,Benign,0
6,0.6975763240159172,3,0,0,8,6,0.034574628142753985,0.7282419528333756,95,6,0,14,0,19,Attack_InsiderSabotage,1
2,0.09689143854519941,0,0,1,3,23,0.2028715817098081,1.8019253817377503,35,10,0,0,0,0,Benign,0
1,0.022752035276153985,0,0,0,7,27,0.17631030998075115,16.739514212248988,36,10,1,2,2,1,Benign,0
4,0.06137474767340278,1,1,1,5,35,0.2185334900947585,9.57345502129804,46,8,2,0,0,1,Benign,0
1,0.04106307001258717,0,0,0,7,25,0.3217528569418829,0.8750912639996351,44,12,0,1,1,0,Benign,0
2,0.0114649879707806,0,0,0,4,23,0.1961090806389105,0.4031032884885313,33,14,3,0,0,0,Benign,0
1,0.04414553089044793,0,0,1,7,15,0.3001219525019269,0.5577680484399854,44,10,0,0,0,1,Benign,0
2,0.09414138201573159,0,1,0,0,24,0.05241518597657408,3.5105838079041067,31,5,2,0,0,0,Benign,0
1,0.004625376861902723,0,0,0,2,18,0.2116032594623712,3.2465022372987584,39,11,1,0,2,0,Benign,0
1,0.007682431244044204,0,0,0,4,24,0.3862020156572019,3.1608020736673934,33,10,2,0,0,0,Benign,0
2,0.08635750725271833,0,0,0,8,21,0.12967291264013286,0.9680929840432584,39,14,1,0,1,0,Benign,0
1,0.037176189394293596,0,0,0,8,37,0.3252516418072536,7.122501027289884,39,12,2,0,1,0,Benign,0
2,0.011494546967594778,0,0,0,7,25,0.14666863189288257,4.409767706347289,37,6,2,0,1,1,Benign,0
2,0.001976673393968739,0,0,0,5,25,0.26403677797957653,1.2043710530891107,35,9,1,0,0,0,Benign,0
7,0.5617501815512528,1,1,0,8,0,0.1518036083619856,0.11135141125293824,84,2,1,14,0,17,Attack_InsiderSabotage,1
1,0.04700275037457996,0,0,0,2,34,0.3135941293801332,4.196798593941097,35,12,1,0,0,0,Benign,0
2,0.007067346295275852,0,1,0,7,25,0.0733888730474482,0.7589839613365743,42,6,2,0,0,0,Benign,0
1,0.00015588752770012566,0,0,0,4,33,0.48547176573674145,1.900153225692391,50,11,2,0,1,0,Benign,0
1,0.10126660672422266,0,0,0,9,19,0.20692809079627797,3.9836977250693564,36,19,3,0,1,1,Benign,0
1,0.017121971558230673,0,0,1,4,9,0.17796867523653948,6.253050352587315,35,11,3,0,1,0,Benign,0
1,0.021673882549430947,0,0,0,5,29,0.20366591935982994,5.219743730457081,44,12,2,1,1,1,Benign,0
1,0.031701317912136866,1,0,0,1,25,0.004619134579731343,0.4207620687530674,37,10,0,0,1,0,Benign,0
1,0.07332320355302109,0,1,0,3,26,0.312597560286432,0.6093168171995901,38,9,5,0,1,1,Benign,0
2,0.09532062168497156,0,0,0,2,30,0.0027896656573925594,3.1742612100411987,35,10,1,0,0,0,Benign,0
7,0.4724416683294639,1,0,0,8,1,0.2229823622558894,1.6919897739334797,98,7,0,14,0,21,Attack_InsiderSabotage,1
2,0.06380763556229341,0,0,1,1,29,0.1173529931629239,4.70102288174034,40,5,2,0,1,0,Benign,0
1,0.004336255974159822,0,0,0,7,31,0.19484670275261715,1.5475847670078846,35,15,6,0,1,0,Benign,0
2,0.03205683231622611,0,0,0,3,24,0.2702293309081249,2.5012324720772576,41,9,1,0,1,0,Benign,0
4,0.00021741687367212443,0,0,1,6,26,0.07329449365580669,3.531922886932853,41,9,1,0,0,0,Benign,0
1,0.04587724100251497,0,0,0,0,32,0.13651721430995062,9.34627128595501,43,13,2,0,1,0,Benign,0
1,0.0015915446719839263,0,0,0,4,19,0.013314208710809228,3.4307187151884686,40,8,1,0,0,0,Benign,0
2,0.05277422743977737,1,0,0,8,26,0.15413544707773524,1.7949335414875067,36,8,4,0,0,0,Benign,0
10,0.5829756127558643,3,1,0,5,5,0.15011682172778973,0.9635375346689661,103,10,1,18,0,17,Attack_InsiderSabotage,1
1,0.04141595875910344,1,1,2,4,26,0.18649894735024358,3.759840138533694,34,12,1,0,1,0,Benign,0
2,0.003523762973185194,0,0,0,7,26,0.06097091497402908,6.569684986699575,33,17,2,0,2,0,Benign,0
1,0.04890575409395806,0,0,0,4,26,0.08319243779798147,1.7323211579977853,56,8,0,0,1,1,Benign,0
1,0.02376735436191676,0,0,0,5,26,0.16054466359151118,4.420097121071716,44,15,3,1,0,1,Benign,0
2,0.10853536732251985,0,0,1,2,18,0.06315455145480191,1.9300608518481732,40,16,1,0,0,1,Benign,0
4,0.05443210417710603,1,0,0,4,22,0.07732988053015509,0.5775867486938379,40,11,5,1,0,0,Benign,0
3,0.004593406701114443,0,0,3,4,28,0.28664776371563405,6.658714559398602,30,9,3,0,2,0,Benign,0
2,0.014045349728001616,1,0,1,8,28,0.09597163802977124,1.8096573500765811,42,3,1,0,0,0,Benign,0
2,0.7744415093228427,3,5,260,639,15,0.8649433975349095,218.01278609066227,20,7,188,2,43,1,Attack_DataExfiltration,1
1,0.04995329417998643,0,0,0,7,27,0.1598109709257794,5.51704787853881,37,11,1,0,1,0,Benign,0
1,0.7900628449419856,6,3,223,567,15,0.7262247726225295,163.4335203516668,24,5,175,2,61,2,Attack_DataExfiltration,1
1,0.18110850558215394,0,1,1,4,22,0.2276040048570064,6.819377640860806,37,5,0,0,1,0,Benign,0
1,0.03489353297332375,0,0,0,7,28,0.21336670861236146,1.0284794473264496,43,11,1,1,0,0,Benign,0
1,0.0620652999149817,1,1,0,4,28,0.16821763215515292,2.397741885713816,44,4,4,0,0,0,Benign,0
1,0.13774068491068459,0,0,0,4,30,0.09354197133279488,7.297169643170264,45,12,3,0,0,0,Benign,0
2,0.004597547360674899,0,0,0,7,22,0.24404316081424104,1.5526327767705665,38,8,2,0,0,1,Benign,0
3,0.6833253787556285,4,5,242,605,12,0.7576544220171741,203.46272402422022,28,5,169,1,56,1,Attack_DataExfiltration,1
2,0.8330615813528098,8,7,223,601,18,0.6882843682907763,64.34835955505297,26,7,162,1,44,0,Attack_DataExfiltration,1
1,0.042426641327102374,0,0,1,4,22,0.0899685771194468,1.1763054771641064,40,8,2,0,0,0,Benign,0
1,0.2262733179368488,1,0,0,8,30,0.13230946003695107,6.556590657847172,49,10,0,0,0,0,Benign,0
2,0.8889838799968395,7,7,249,573,12,0.9014388644739745,147.33706310982473,20,4,169,0,36,1,Attack_DataExfiltration,1
1,0.05560519858170016,1,0,0,5,22,0.2362981271777135,5.960260483940134,40,11,1,1,1,0,Benign,0
5,0.05790935501642431,0,0,1,3,21,0.3935217875823783,0.8180381006481187,32,13,2,0,2,2,Benign,0
1,0.04700842782278125,0,1,0,8,24,0.17776593823564257,11.705383828571373,47,14,2,0,0,0,Benign,0
5,0.03389667578944784,0,0,0,5,26,0.13798201888789355,2.2026479927157605,28,13,1,0,0,0,Benign,0
3,0.009043819982533086,0,0,1,1,21,0.36305514737405853,2.251232777582101,37,10,3,0,1,0,Benign,0
2,0.02482593247303221,0,0,0,4,24,0.052428764963772495,4.4652632574691555,43,9,2,0,0,2,Benign,0
3,0.03682526626310541,0,1,1,4,22,0.2786008481459424,24.619156178180468,30,7,3,0,0,0,Benign,0
3,0.012156896893120444,1,0,0,4,22,0.08917046779422823,2.6181740648903467,36,9,1,1,1,1,Benign,0
5,0.04005736240428316,0,0,0,5,24,0.14139680996251083,4.094921962968576,41,8,0,0,2,1,Benign,0
3,0.5758130195346207,6,5,238,596,17,0.8882774578932626,161.1939428859074,24,4,190,1,56,1,Attack_DataExfiltration,1
1,0.010958606870392526,0,0,0,6,27,0.09261268437810193,1.9411300217447467,44,14,1,0,1,0,Benign,0
2,0.12480316626531941,0,0,0,7,34,0.131361635638841,2.479607612965885,42,9,0,0,0,1,Benign,0
2,0.04035278098978079,1,1,0,8,30,0.2539152922416131,5.352067472601188,47,13,2,0,0,1,Benign,0
3,0.03277127488426177,0,1,0,4,32,0.2707988812523464,1.5984669050836784,36,15,3,0,3,1,Benign,0
1,0.00028502431292740685,1,0,0,5,29,0.42286524851462304,2.705331555345415,32,12,0,0,2,0,Benign,0
1,0.06039381461786036,0,0,1,4,20,0.10156689071285627,2.9166096664147,44,9,2,0,1,0,Benign,0
1,0.051329301008309174,0,0,1,9,31,0.11923247119162866,0.5643803220174403,52,15,1,0,0,1,Benign,0
1,0.022779100887358968,0,0,0,3,15,0.16455736193370468,8.745004701823833,43,9,1,2,0,0,Benign,0
1,0.040718812714940315,0,0,1,7,30,0.308861416529305,0.8684560459371428,36,7,3,0,1,1,Benign,0
1,0.04902486347827129,0,0,0,1,25,0.12985185633348192,2.3753024127421827,49,15,0,0,2,0,Benign,0
2,0.038682641636937715,0,0,0,5,21,0.35899243951422344,3.177130855478966,38,11,1,0,2,0,Benign,0
1,0.016541699006905494,0,0,0,5,24,0.07580506005736005,0.979469986758263,35,8,3,0,0,2,Benign,0
1,0.1099337420164604,0,0,0,4,26,0.2162499899143137,0.7398274104243509,43,7,3,0,1,1,Benign,0
5,0.04303409781706974,0,0,1,5,22,0.05447660195158178,2.6656708606058994,44,10,2,0,0,0,Benign,0
4,0.011513238037009182,0,0,0,8,17,0.16216060389041442,22.756543529245313,38,8,3,0,1,0,Benign,0
1,0.03789610167883727,1,0,0,6,33,0.09915997045623862,11.47861763263736,41,11,0,0,2,0,Benign,0
1,0.26556739406550195,1,0,0,4,30,0.14524610038609612,7.350371500037734,46,9,2,0,0,1,Benign,0
1,0.002057011963994234,0,1,0,3,22,0.5002943918700091,0.5857283206826132,37,9,3,0,2,0,Benign,0
1,0.08777095127160509,0,0,0,6,31,0.14567133165826027,1.0426883793110007,46,9,2,0,0,0,Benign,0
1,0.00917594339277823,1,1,0,3,27,0.039431358045293255,15.993630582912813,46,7,0,0,0,0,Benign,0
2,0.06760367508700894,0,0,2,3,20,0.19243930830236927,6.420231604294183,43,22,2,0,1,0,Benign,0
2,0.027238191792765785,0,1,0,2,24,0.12057764129454346,1.2081780695336455,39,13,1,0,0,2,Benign,0
5,0.07264076252138818,1,0,0,4,32,0.10669153261444865,1.803648731031208,35,10,2,1,0,1,Benign,0
1,0.014412372880982613,1,1,0,8,18,0.24201081000506453,2.0371918278397625,28,7,0,0,0,0,Benign,0
1,0.07532543633457277,0,0,1,5,21,0.2260591128430121,2.980580101698758,39,12,1,0,0,2,Benign,0
1,0.029459364189645287,1,0,0,6,25,0.29924482946025976,3.9415975938733414,45,13,0,0,3,1,Benign,0
1,0.04819118098287172,0,1,0,8,25,0.16698838223048162,1.0450441854421118,43,9,2,0,0,0,Benign,0
1,0.024747650491247518,0,1,0,3,22,0.24359570255905755,0.45278685373078925,39,15,4,0,2,1,Benign,0
1,0.024880100091202176,0,0,0,3,19,0.23375510363322954,9.571835176346209,28,4,2,0,0,0,Benign,0
1,0.03030258468772743,0,0,0,8,19,0.14804206361829217,11.331689076948454,49,15,3,0,1,0,Benign,0
4,0.003357393198264957,0,0,0,4,26,0.09705935314621268,7.057666204269035,46,7,3,0,0,0,Benign,0
2,0.00041879360396634264,0,0,2,3,28,0.13643277913158341,3.347285428488849,39,13,2,0,2,1,Benign,0
4,0.07591259800939028,0,0,0,3,24,0.15989400413081542,0.7084273497141655,39,14,2,0,1,0,Benign,0
6,0.20433487732458422,3,3,0,9,1,0.005456305781463336,0.858249233785975,93,5,0,17,0,18,Attack_InsiderSabotage,1
2,0.011690568533841457,0,0,0,5,22,0.19117899424399637,3.452038402498376,30,13,0,0,0,0,Benign,0
1,0.010603165289793737,0,0,0,3,26,0.16244413223622267,1.7216368403553017,23,7,1,0,2,1,Benign,0
2,0.030719040850017396,0,1,0,8,28,0.04673956537240152,1.8491240179658803,49,13,4,0,1,0,Benign,0
3,0.6946410741926962,5,3,228,612,12,0.4956176304025965,170.19037157014753,23,3,177,0,54,0,Attack_DataExfiltration,1
1,0.02030859547029004,0,1,0,6,22,0.14946012295031952,13.657478305084803,31,11,2,0,0,0,Benign,0
1,7.460633620768811e-05,0,0,0,5,22,0.07860645121222871,7.687558339184937,31,10,2,0,1,0,Benign,0
3,0.03003136472143872,2,0,0,7,33,0.20397431856465337,4.934928013244478,43,12,2,0,1,0,Benign,0
1,0.009510724090291833,0,0,0,3,23,0.10947621292316492,0.47478245307056854,30,13,2,0,3,1,Benign,0
6,0.21668221728612844,2,1,0,3,3,0.0377237865422268,1.1174224698566977,91,3,1,12,0,22,Attack_InsiderSabotage,1
3,0.00726635856943915,0,0,0,5,24,0.21804161036610797,1.4966682743367832,33,10,2,0,3,0,Benign,0
2,0.04003026813167676,1,0,0,3,22,0.013896996728848645,2.4870390765757433,41,10,1,0,4,1,Benign,0
2,0.0805627021121762,0,1,0,4,28,0.0783019239156761,1.0332007520888395,45,11,0,0,1,0,Benign,0
4,0.07758932546461429,1,0,2,4,25,0.09869959873877376,2.1312640344809397,44,12,2,0,1,0,Benign,0
1,0.030681945272863137,0,0,0,3,19,0.12498071639251108,1.1814021980523846,54,12,2,0,2,1,Benign,0
3,0.011988849211334524,0,0,0,4,27,0.21331982851522643,2.102310432047931,44,8,0,0,1,1,Benign,0
1,0.06200004487031061,0,1,0,4,36,0.3017913259215814,2.0716769256292804,33,10,3,0,0,1,Benign,0
1,0.02486149858443304,0,0,0,3,22,0.27373265917791706,4.088507211162756,50,14,4,0,2,0,Benign,0
1,0.08181286622109941,0,0,0,5,23,0.29142362092582824,2.198265085382528,34,12,1,0,1,1,Benign,0
1,0.0010192198927770574,0,0,0,3,24,0.08696196094395285,2.726179110757742,43,7,1,0,0,0,Benign,0
2,0.011953098196282251,0,0,0,6,29,0.11855159444148779,12.31687639562753,41,8,2,0,3,0,Benign,0
1,0.6778630202388214,3,2,251,600,16,0.9645024479270757,102.45333500223659,34,4,161,0,59,0,Attack_DataExfiltration,1
1,0.018542655258856924,0,0,1,6,24,0.12274299726158205,3.685396993230328,33,10,1,0,0,0,Benign,0
5,0.6824230337682785,5,1,0,11,8,0.12337220041640296,0.5382619337049394,112,5,1,13,0,24,Attack_InsiderSabotage,1
1,0.03545537175423013,0,0,0,9,24,0.11024022698794156,1.5601366761228996,38,14,0,0,3,0,Benign,0
1,0.04295799031547456,0,0,0,4,17,0.10719234858020496,2.0772214712341075,39,12,1,0,2,1,Benign,0
3,0.03109780332387584,0,0,0,4,23,0.1840683565654156,1.8035558360505513,37,17,3,0,0,0,Benign,0
3,0.018692030756549283,0,0,0,3,30,0.07336080494156569,4.723800742859353,36,11,0,0,3,0,Benign,0
1,0.019337024872242103,0,1,1,6,29,0.1422665874229355,0.6978719237511962,36,8,2,0,1,0,Benign,0
4,0.011999823953389731,1,0,0,6,26,0.11719177509186413,9.139388186597047,51,8,3,0,3,0,Benign,0
1,0.0018584336222642619,0,0,2,7,26,0.17808085251322808,3.4760031177256274,43,8,2,0,0,1,Benign,0
3,0.0022320397264101416,0,0,0,6,30,0.15404302205605977,11.647952178658006,37,10,4,0,1,0,Benign,0
1,0.09826307517663609,1,0,2,1,20,0.18531598847989986,14.713898124647704,52,13,1,0,0,0,Benign,0
1,0.014678731201373463,0,0,0,6,34,0.17727100602810153,4.052549426855777,39,5,0,0,0,0,Benign,0
1,0.003898579714887504,0,0,2,6,29,0.25746405894646684,4.075914494282285,29,6,0,1,0,1,Benign,0
1,0.058593874712332426,0,0,0,8,29,0.22854643084292275,2.1836098139681277,35,9,3,0,1,1,Benign,0
2,0.0484031795237013,0,0,0,6,28,0.4093975594672702,3.244168653797342,36,11,2,0,1,1,Benign,0
4,0.06722700379754122,0,1,0,6,28,0.15798462115483258,5.47478403233465,39,10,0,0,2,0,Benign,0
1,0.1085637404011093,0,0,0,6,25,0.12416183655397323,1.4608577538472847,43,10,1,0,3,3,Benign,0
1,0.004032933632236654,0,0,1,8,23,0.33195940281002057,14.943715440843452,53,11,2,0,1,0,Benign,0
1,0.0028934321480826395,0,0,1,8,25,0.12760045076072657,3.0014444342360305,40,13,1,0,2,1,Benign,0
2,0.8379999084221398,4,8,242,611,13,0.8518074193619065,77.53243076781368,14,5,166,1,66,3,Attack_DataExfiltration,1
1,0.0028386109804011427,0,0,0,5,32,0.024150711224428405,3.3136072684155393,45,12,2,0,1,1,Benign,0
1,0.02375576325509239,0,0,2,3,23,0.10926252861575048,1.259678192202399,33,11,1,0,0,1,Benign,0
1,0.1438426853693394,0,0,1,8,25,0.2051481144231364,0.7999145730051216,34,10,0,0,2,0,Benign,0
1,0.015270375248223772,0,0,0,1,34,0.12231117418333301,0.99841715855912,40,14,1,0,1,1,Benign,0
2,0.045265845933378956,1,0,2,8,25,0.15729123885147725,1.2659389156596215,42,8,2,0,1,0,Benign,0
1,0.09110529619475004,0,0,0,2,15,0.27172516551914094,4.032298019349637,42,10,1,0,1,2,Benign,0
3,0.8125813939617414,8,6,258,634,22,0.7951045964310153,436.5431868317934,21,1,186,2,57,1,Attack_DataExfiltration,1
1,0.03079379981468993,0,1,1,4,25,0.08000757124321284,1.7637624428554526,38,2,0,0,1,1,Benign,0
4,0.6135442760810896,4,0,0,8,3,0.0006775281078622258,3.5039767087585125,87,4,0,21,0,16,Attack_InsiderSabotage,1
1,0.07050080210478801,0,0,0,5,30,0.19545137322337228,0.9972424518199242,44,12,1,0,0,0,Benign,0
1,0.6023584390176417,8,8,268,569,14,0.5390246022560963,135.40161929854756,22,3,183,1,50,1,Attack_DataExfiltration,1
3,0.6300237716546798,1,1,0,8,5,0.08542346863258528,1.3951981443447998,118,8,0,14,0,21,Attack_InsiderSabotage,1
3,0.03248768906518167,0,0,1,9,24,0.44247532793393207,3.368905529043381,36,15,3,0,0,0,Benign,0
1,0.02883977479785615,1,0,0,12,26,0.10450517234801834,4.199763396238302,51,6,1,0,2,0,Benign,0
1,0.024010186355217726,0,0,0,3,20,0.016970235529445307,5.250200523720471,37,8,4,0,2,0,Benign,0
2,0.03494294702695381,0,0,0,6,24,0.17231677169396065,3.3000033558056185,42,8,2,0,2,0,Benign,0
1,0.024361768849169154,0,0,1,4,21,0.313657846467735,5.742281841408609,33,9,0,0,0,0,Benign,0
3,0.06003647062428935,1,0,2,2,32,0.17341872340283054,3.1463241092574803,34,14,0,0,0,0,Benign,0
1,0.03788620646684954,0,0,1,4,31,0.05841407927754559,7.102354202923345,39,11,1,1,1,0,Benign,0
3,0.02576293628535053,0,1,0,1,28,0.12625984543589022,1.6074335170670544,32,9,1,1,1,1,Benign,0
2,0.05541069456635314,1,0,0,9,25,0.1949952017310089,17.49259787960846,36,14,2,0,1,0,Benign,0
1,0.06391581914281712,0,0,0,7,26,0.13473736140383075,10.988191124712342,38,5,2,2,2,0,Benign,0
1,0.4455109754677409,3,0,0,10,5,0.1074381959771268,0.3259274662330242,92,5,0,18,0,21,Attack_InsiderSabotage,1
2,0.7886241133745653,2,3,230,578,17,0.8849071406233795,165.8332691314295,15,4,164,2,41,1,Attack_DataExfiltration,1
1,0.032593740826018486,0,0,3,5,30,0.18179771087823454,2.651243988560387,35,13,1,0,3,0,Benign,0
1,0.02832104980460604,0,0,0,5,19,0.19480510309415014,10.989832462868113,44,13,2,0,2,0,Benign,0
1,0.052600010491060153,1,0,0,7,25,0.218828216309412,1.1780947599021034,46,6,3,0,1,0,Benign,0
1,0.005933336899277274,0,0,1,3,20,0.19362552561441046,1.9049215346852253,40,9,0,0,1,0,Benign,0
1,0.596861102413731,5,5,257,569,20,0.7253249734515895,161.904006814712,24,5,183,2,60,3,Attack_DataExfiltration,1
1,0.019294404567457735,0,0,2,2,29,0.20320626061656458,1.454822132336495,41,6,2,0,0,1,Benign,0
1,0.027037160187819795,0,0,1,8,25,0.19879743646469228,10.078472237272887,38,10,3,0,0,0,Benign,0
2,0.10847539638920255,0,0,0,6,26,0.21072464840710622,1.6942053232089471,34,9,4,0,1,0,Benign,0
2,0.0072972811494820405,0,0,0,1,18,0.04947863831554582,1.1890970394598592,35,8,1,0,1,1,Benign,0
1,0.003156240390952392,0,0,0,6,18,0.32791004138854224,4.777967259974296,36,5,2,0,1,0,Benign,0
4,0.29039047256680595,1,0,0,14,3,0.08020578150484622,0.3527744643954035,92,2,4,12,0,13,Attack_InsiderSabotage,1
1,0.018304288413943832,0,0,1,8,19,0.2957563448416692,2.318585531199096,39,15,6,0,0,0,Benign,0
3,0.06495744232660582,1,0,0,10,19,0.43389442874966916,2.9504031938129724,45,9,3,0,2,0,Benign,0
1,0.008202947798485965,1,1,0,5,26,0.15906630123316728,2.0244430412338668,44,6,2,0,2,0,Benign,0
3,0.05832720192536682,0,0,0,5,23,0.12276131600565227,0.5713407571964819,37,8,4,0,2,1,Benign,0
1,0.0012107278139316627,0,0,0,1,27,0.027967319704060727,10.761505832227565,48,10,2,0,1,1,Benign,0
1,0.012407222278230219,0,0,0,6,24,0.1728708164279629,2.8737699025467256,41,5,1,2,0,1,Benign,0
1,0.07443075454001212,0,1,0,6,16,0.0647104489312797,3.1723258139232864,40,15,2,0,0,0,Benign,0
3,0.060490755369860885,2,0,1,5,24,0.08957841470105456,0.6802737604658113,33,10,2,1,1,0,Benign,0
1,0.052208091332985374,0,0,1,2,25,0.12193462285423194,1.8052954679179993,41,12,1,0,3,0,Benign,0
1,0.12767466940670272,0,1,0,6,34,0.0847801240358215,0.4361578581199595,51,9,1,0,0,1,Benign,0
1,0.007837522169331004,0,1,2,5,18,0.038937887814166246,8.996048493259783,33,12,2,0,2,1,Benign,0
3,0.0006583857785854579,0,0,0,2,29,0.10614509070351887,0.9972861372479359,44,12,3,0,1,0,Benign,0
2,0.149673403161087,1,0,2,5,29,0.1132991359671021,1.319679988658556,41,6,3,0,2,0,Benign,0
1,0.1030968144427064,0,0,1,6,22,0.09882821110062982,3.6618851140682187,33,8,1,0,1,1,Benign,0
1,0.020446565285794645,0,0,0,4,22,0.1785516989374168,6.3002706730440705,52,9,1,0,3,0,Benign,0
3,0.03787704885505326,2,0,0,11,25,0.32396420105238743,1.2966721210470886,29,10,2,0,1,0,Benign,0
1,0.8819545028360309,4,6,241,594,15,0.8067372847148844,93.12738938928457,10,4,179,2,48,2,Attack_DataExfiltration,1
1,0.03174791415008006,0,1,1,2,30,0.08886128848600948,1.2125834571633352,41,17,2,0,3,0,Benign,0
2,0.0384868683407915,0,0,0,3,20,0.4550885775135652,1.584051950476363,37,15,4,0,0,0,Benign,0
1,0.04602990204819826,0,0,0,5,25,0.21258973518359173,1.2183865445861048,51,9,1,1,1,0,Benign,0
3,0.024239155548888718,0,0,1,2,28,0.14800515318684135,2.7847368241051336,37,5,2,0,1,0,Benign,0
2,0.0527165913839323,2,1,1,7,31,0.0951838273575178,12.264084569690285,37,12,1,0,2,0,Benign,0
6,0.025679822275935883,0,0,1,4,22,0.2930141558680247,3.7882681918522194,35,17,5,0,1,0,Benign,0
3,0.03762819612922224,0,0,0,8,21,0.08108735296644978,4.635195385993387,39,11,1,0,1,0,Benign,0
1,0.031197924323006807,0,1,0,5,21,0.10203447736003293,5.066326060247505,41,8,0,0,1,0,Benign,0
1,0.041552517013726586,0,0,1,4,30,0.0799196711642394,0.7209387992907687,30,12,2,0,1,1,Benign,0
1,0.046194528443977326,0,0,1,8,31,0.1821060365961223,0.8222817261702402,35,8,2,0,1,0,Benign,0
2,0.09769022839459734,0,0,0,1,31,0.25613331059465727,0.9113439514683205,40,8,4,0,0,0,Benign,0
2,0.05145376117602885,0,0,0,9,24,0.023045689532504247,1.897804535637921,49,9,0,0,1,0,Benign,0
1,0.0037256630860349124,1,0,0,2,24,0.22938648047400031,2.610989390919711,37,12,3,0,0,0,Benign,0
3,0.12437674271394232,0,1,1,7,30,0.13298643503495303,0.38488408577184874,45,11,3,1,0,0,Benign,0
1,0.0828922724242711,0,0,0,2,24,0.10390065960848895,1.201640751036393,32,14,2,0,0,0,Benign,0
2,0.8284950877912569,5,4,241,609,8,0.9302622154638298,245.01980433026176,31,11,152,3,43,0,Attack_DataExfiltration,1
4,0.021512894531821886,0,0,0,1,39,0.23637612420911258,3.6005984417552566,37,15,2,0,4,0,Benign,0
1,0.04781545871711417,1,0,1,8,25,0.19175685982186666,2.5755366728351925,45,11,2,0,0,0,Benign,0
3,0.07282680083153645,0,0,0,5,22,0.35115082131185643,3.2416075712316137,34,10,2,0,1,0,Benign,0
1,0.012422242595592428,0,1,1,7,15,0.18889328808671774,2.2981456935415543,35,8,3,0,0,0,Benign,0
2,0.08600417628144996,0,0,0,7,35,0.09850729037474451,6.897657168741194,40,11,2,0,1,0,Benign,0
2,0.029973822698006067,0,1,0,3,27,0.2290997406228123,0.5570350957552901,44,11,1,0,0,0,Benign,0
5,0.004006705324989296,0,0,0,2,23,0.12820237533517614,2.4478560686916535,50,8,2,0,1,0,Benign,0
2,0.07993623115625231,1,0,0,3,23,0.20792184142725617,3.0339266908000098,49,11,3,0,3,1,Benign,0
3,0.06635176385302059,0,0,2,7,30,0.15803747814126226,5.333629946786195,41,8,2,0,1,0,Benign,0
4,0.07791351781609314,0,0,2,8,24,0.32794366436430794,0.5467047896004118,34,10,3,0,0,0,Benign,0
1,0.9272254224621607,10,5,250,604,12,0.7186662405926001,152.12686635705998,19,4,165,0,48,0,Attack_DataExfiltration,1
3,0.10113760613611804,0,0,1,3,18,0.22716961944367522,0.8867483569431736,50,14,2,0,1,0,Benign,0
2,0.058529519118750255,0,0,1,3,29,0.125051586537999,5.381292517699659,37,9,1,1,1,0,Benign,0
3,0.004203365005080461,1,0,1,7,29,0.15941509693299732,0.9628231316364793,37,16,3,0,1,0,Benign,0
3,0.017612145188040017,0,0,0,4,26,0.19654843963232102,1.4320992458698292,33,17,2,0,1,0,Benign,0
3,0.08917042186266586,1,0,0,8,26,0.08451323413262721,0.3604715003222272,38,10,3,0,2,0,Benign,0
1,0.004803597632693291,1,0,0,3,26,0.08814787037714429,0.5548475321980922,43,9,1,0,0,0,Benign,0
1,0.04437678994905738,0,0,0,5,25,0.09140081325683047,6.178216945653727,32,9,1,0,1,0,Benign,0
2,0.02940485964756453,0,0,0,5,28,0.28744064254995233,0.6074417446298488,33,6,1,0,2,0,Benign,0
1,0.061190179295693786,0,0,0,4,16,0.11189220836104981,2.529007534180621,42,13,1,1,1,2,Benign,0
2,0.02076236222462987,0,1,0,3,20,0.2096013196058524,4.780708465497199,30,13,1,0,0,0,Benign,0
2,0.0929553801256971,1,0,0,4,26,0.28858577027327886,4.938164685287724,45,3,2,0,2,0,Benign,0
1,0.00494115403318495,0,0,2,3,25,0.12811438904381148,1.080558615171947,42,7,0,0,2,0,Benign,0
1,0.09682351068923879,1,1,1,5,19,0.03643628012048742,0.7400110204753403,32,12,1,0,2,1,Benign,0
1,0.041926085702632565,1,0,0,2,30,0.040308764958832274,1.9904977079498174,45,14,2,0,1,1,Benign,0
1,0.06567711715672302,0,0,0,5,22,0.13618113684046584,2.029014051303838,35,8,1,0,0,0,Benign,0
1,0.027623364008962675,0,1,1,4,17,0.06669302858348398,0.559104763040289,49,7,1,0,0,0,Benign,0
1,0.020564891032932252,0,0,1,8,25,0.242113127936483,8.516908994016338,44,7,4,0,2,0,Benign,0
5,0.05444256905303199,1,0,0,4,37,0.042045647505862545,2.2360284980631664,39,10,2,1,2,0,Benign,0
4,0.03344444060443969,0,0,0,7,28,0.08245688204359826,1.178468550593812,46,7,2,0,1,0,Benign,0
1,0.035830138863359166,0,0,0,8,25,0.1769635496233913,19.207072015207842,48,9,0,1,0,0,Benign,0
2,0.0373610401322693,0,0,1,4,34,0.07317605870193787,3.176029640588881,37,12,2,0,0,0,Benign,0
2,0.013678848544464795,0,0,1,8,16,0.29282401316769435,13.139793587429894,30,10,2,1,0,0,Benign,0
1,0.8743616493889865,3,12,235,632,15,0.6903758147114694,121.49443880176752,13,7,161,3,48,0,Attack_DataExfiltration,1
1,0.12131271114148308,0,0,2,6,13,0.2332097817258379,6.449212769765741,48,9,1,0,2,0,Benign,0
2,0.004292234225340299,0,1,1,4,23,0.03337700325453444,3.7076825627276304,35,12,2,0,0,0,Benign,0
1,0.03003509233447676,0,1,0,2,33,0.346928087557663,6.42237761936949,30,15,2,0,1,1,Benign,0
2,0.008494606704450864,0,0,0,7,30,0.2991123317440357,1.253554740640557,38,12,3,0,1,0,Benign,0
1,0.031277093913360844,0,0,1,5,31,0.17440284896181035,1.0356733886360072,33,6,1,0,0,0,Benign,0
1,0.01752554635457363,1,1,1,7,24,0.16101546484236193,1.6522401021012554,40,12,2,0,2,0,Benign,0
1,0.017326541409935375,0,0,0,2,26,0.18370759583103222,5.070997953977809,48,8,3,0,1,0,Benign,0
2,0.8224143631925175,3,8,252,615,16,0.8609426755175136,98.14289409430249,24,4,168,0,48,0,Attack_DataExfiltration,1
1,0.021399356761204396,0,0,0,7,30,0.17102461298305008,1.1824476223314473,44,9,4,0,0,0,Benign,0
1,0.057350946826879155,1,0,0,5,27,0.08033054996572309,2.5858992409600687,40,11,1,0,1,0,Benign,0
2,0.0026905547704959808,1,1,0,3,28,0.15399292693905176,1.2861369202746082,41,10,3,0,1,1,Benign,0
1,0.0274706136289132,0,0,0,9,23,0.19229539490763028,0.8659391229218943,37,11,4,0,0,0,Benign,0
1,0.03395843726478759,1,0,0,6,25,0.27049681236715095,6.441030105417935,38,10,2,0,2,1,Benign,0
1,0.008965542843181707,1,0,1,4,31,0.26175071084401813,1.3522193188056688,37,11,1,0,0,0,Benign,0
2,0.003975194487975461,0,0,1,6,36,0.08260911926563912,0.5317242317376719,39,8,2,0,0,0,Benign,0
2,0.027225900323500248,1,0,1,5,27,0.08276188809612592,3.285639600996905,42,9,2,0,2,0,Benign,0
1,0.07012825033958094,2,1,0,6,30,0.1371122608556753,4.9338953166108785,42,11,3,0,1,0,Benign,0
1,0.2060104958240108,0,0,0,1,22,0.2848136082445134,2.6770187314529443,50,7,0,0,0,0,Benign,0
2,0.8518739311852971,4,3,267,602,14,0.7132099527608216,242.70421731573643,22,6,171,0,46,0,Attack_DataExfiltration,1
1,0.12730617045865597,0,1,1,6,22,0.008548459137609519,3.0110962497054548,38,19,3,0,2,1,Benign,0
7,0.6707601877341435,2,0,0,10,6,0.05747227168778531,0.5221266031092895,105,8,0,14,0,25,Attack_InsiderSabotage,1
1,0.06568503671899635,0,0,2,3,20,0.16597886857068897,3.2044483149563154,40,9,1,0,0,0,Benign,0
2,0.0004485823360764025,0,1,0,4,33,0.031923434995564035,3.6648471983639004,39,7,0,0,3,0,Benign,0
1,0.0018490981659517254,0,0,0,4,23,0.1357637389777073,1.2534018099344932,35,6,3,0,1,0,Benign,0
1,0.023640342859382414,0,0,0,7,22,0.08370543339989457,5.608841711928597,37,10,1,0,2,1,Benign,0
8,0.15723698183694043,0,0,0,10,7,0.07348289606757773,0.44002735288629247,89,7,0,11,0,21,Attack_InsiderSabotage,1
3,0.023801144595308785,0,1,1,7,28,0.33814772331359083,4.926897124920426,31,14,2,0,2,1,Benign,0
5,0.10705085022710885,1,0,0,3,28,0.12727959532313243,1.4366292958877305,34,12,1,1,0,0,Benign,0
1,0.8441013046921563,7,6,258,604,20,0.9182763636959663,79.72176564216862,18,5,154,0,54,0,Attack_DataExfiltration,1
2,0.47730857183466147,5,5,263,583,21,0.7937007263751572,225.3382390626917,18,5,179,2,47,1,Attack_DataExfiltration,1
1,0.047649747498120655,0,0,0,5,26,0.20976070868956354,1.3834747846138604,37,8,4,1,1,0,Benign,0
1,0.010228887992083689,0,0,2,4,29,0.18134863373322668,1.2186370008607872,39,7,2,0,1,0,Benign,0
4,0.0661329805067498,1,0,0,6,27,0.26191598306537117,10.153090178698776,36,11,4,0,3,1,Benign,0
1,0.03595464683055268,0,0,0,8,26,0.11152461506970633,0.5029850271552869,36,14,1,0,0,0,Benign,0
3,0.23200237501105786,7,1,0,15,3,0.005907790445206673,3.3467326318371162,86,4,0,13,0,18,Attack_InsiderSabotage,1
4,0.020461255970221148,0,0,0,9,22,0.17811425035218,3.2474646158221048,35,13,2,0,3,1,Benign,0
3,0.8432476055615522,8,7,248,584,13,0.7960760051302304,199.54287512582454,26,7,159,1,41,0,Attack_DataExfiltration,1
1,0.044296321718185046,0,0,0,4,23,0.18867000828229927,3.2693203253794594,42,8,2,0,1,0,Benign,0
1,0.8872271715387564,2,6,255,621,13,0.8249022763382997,228.81304300385455,18,4,155,1,50,2,Attack_DataExfiltration,1
1,0.05899644077057401,1,0,0,7,30,0.19158285892922877,4.696342653832596,53,8,1,0,3,0,Benign,0
1,0.0729785835596086,0,0,0,5,22,0.2844863455850571,6.061647314133295,38,12,1,0,0,1,Benign,0
2,0.06427068140878392,0,0,0,6,33,0.055490800281318295,2.2418779415696632,46,7,2,0,2,1,Benign,0
1,0.032311908074563585,0,1,1,8,26,0.06600773114202825,1.5731928965122828,47,9,1,0,0,0,Benign,0
1,0.006630727866298575,0,1,0,2,27,0.3280426614527987,10.452855363525101,41,9,3,0,1,1,Benign,0
4,0.0006053608478022454,0,2,0,3,20,0.03213786508386834,3.738202532778278,32,12,3,0,0,0,Benign,0
1,0.6926681544215862,3,7,259,587,16,0.6806906978855006,129.20471033549603,10,4,176,1,57,2,Attack_DataExfiltration,1
1,0.05857532731149973,0,0,2,4,31,0.09473557346925193,5.354745638184228,36,11,2,0,1,0,Benign,0
2,0.06714444827755758,0,1,0,8,28,0.12059192678902393,2.0719894051571335,32,9,1,0,1,0,Benign,0
3,0.4806955913072914,2,1,0,9,4,0.16237475795089681,1.2196642037235588,101,6,4,12,0,26,Attack_InsiderSabotage,1
1,0.10545797244517523,0,0,0,4,26,0.3080085281686345,3.606246562435651,30,10,3,0,2,0,Benign,0
1,0.0964332116038364,0,0,0,7,31,0.1643448097766441,1.43165782199915,51,12,1,0,2,1,Benign,0
1,0.03343368867685314,0,0,0,3,28,0.07536180341343962,5.303320246950968,35,14,1,0,0,1,Benign,0
2,0.007559468856826228,1,0,0,0,26,0.3545196210356115,0.8757311323830378,48,7,1,0,1,0,Benign,0
2,0.12635339195433956,1,0,0,2,25,0.23902371552200602,2.3332514040873513,50,8,1,0,2,1,Benign,0
1,0.03514457832565793,0,1,0,2,30,0.05516338234461905,1.365975822004405,28,2,1,0,0,2,Benign,0
5,0.07682073835574964,0,0,1,7,23,0.11570562998069622,4.697397714493236,39,10,2,0,0,1,Benign,0
1,0.0235741983072239,0,0,0,5,23,0.0946108267176976,10.99055411043307,57,7,3,0,2,0,Benign,0
1,0.011133257518058513,0,0,0,3,21,0.04114158523519614,0.7015093058852462,31,9,1,0,1,0,Benign,0
1,0.04673820183825113,0,0,0,6,23,0.470137977823824,10.197557727736003,32,12,2,1,0,0,Benign,0
1,0.024089908550586108,0,0,1,4,36,0.030110744564243036,1.9270691716324138,54,11,3,0,2,0,Benign,0
2,0.04259983323523208,1,0,2,4,32,0.2788268742391164,5.881136590295165,39,8,4,0,1,0,Benign,0
1,0.07877165106232863,1,1,1,3,32,0.07441214934711313,7.96862078064163,39,12,6,2,0,0,Benign,0
3,0.43904159640362467,3,1,0,14,6,0.13361311280678545,0.7563924887980144,112,8,0,18,0,19,Attack_InsiderSabotage,1
1,0.056504685605788446,0,0,1,9,30,0.13899501909293124,2.8215194410561835,42,15,1,0,3,0,Benign,0
1,0.017467601329286295,0,0,1,3,12,0.242370369231562,1.2020379077839967,40,8,5,0,1,1,Benign,0
3,0.005571215487032467,0,0,1,3,18,0.2332790014218469,1.2609979360236092,36,11,0,1,2,0,Benign,0
5,2.34313073658404e-05,0,2,0,4,30,0.14581501148161616,3.8844883118095663,35,10,1,0,2,2,Benign,0
4,0.8635223416377764,7,3,287,609,18,0.80175883666095,384.25219101400586,17,9,194,2,34,2,Attack_DataExfiltration,1
1,0.36805605966139987,3,1,0,12,4,0.2720754645455735,0.91653334208521,102,3,2,8,0,22,Attack_InsiderSabotage,1
1,0.13430294048586183,0,0,0,4,17,0.07536185628096434,7.389587321213079,44,10,2,0,2,1,Benign,0
1,0.005560842654689641,0,1,0,3,15,0.012823618351786645,1.4789142206214823,59,9,0,0,4,0,Benign,0
3,0.0076308851399600934,0,0,0,5,23,0.19484337470293855,0.7001699590282218,37,8,3,0,0,0,Benign,0
1,0.13409131846268352,0,0,0,3,28,0.19102846721816585,1.973945076137098,38,16,4,1,2,2,Benign,0
2,0.049561013935642266,0,0,0,9,15,0.1336337737911417,4.253111997216696,39,9,3,0,1,1,Benign,0
1,0.06265065637815624,0,0,0,1,26,0.1384105116975928,2.315376538675892,39,6,1,0,0,0,Benign,0
3,0.01909411679935337,1,0,0,7,26,0.20718581601921424,0.975257457123131,40,16,1,0,0,1,Benign,0
3,0.6030326297630624,2,5,246,574,10,0.8556494535356142,130.65947457183165,21,6,146,0,44,0,Attack_DataExfiltration,1
1,0.03071120968655717,0,0,1,7,22,0.11075259896754254,2.192250203542904,30,7,2,0,0,1,Benign,0
1,0.6299495773009919,1,6,273,579,11,0.8863810171409454,110.50068027580025,19,10,164,1,49,1,Attack_DataExfiltration,1
1,0.016231274804191183,0,0,0,3,13,0.20604158281766474,2.304779050849681,44,18,0,0,1,0,Benign,0
2,0.6618639485005567,5,8,251,576,20,0.9304970394665945,163.1488380463048,16,3,158,0,56,0,Attack_DataExfiltration,1
1,0.6308019895363125,7,7,245,609,23,0.8277096314059363,201.66935751825483,19,1,179,2,60,0,Attack_DataExfiltration,1
3,0.007338036830756791,0,2,0,6,32,0.044920083910038454,5.615735125456544,30,12,2,0,1,0,Benign,0
2,0.8194854258428644,2,7,217,595,14,0.6094391462181448,171.68468447878737,14,2,195,0,48,1,Attack_DataExfiltration,1
4,0.8541602396854145,5,7,256,621,15,0.7317978554766351,302.129172698352,19,5,150,0,56,1,Attack_DataExfiltration,1
1,0.1496728401947209,0,1,2,5,17,0.38536593794189833,1.1540790342527931,53,8,3,0,0,2,Benign,0
1,0.036527135495242585,0,0,0,8,27,0.07185180558707992,10.8127941930437,39,8,3,0,0,0,Benign,0
2,0.4499402189940289,4,8,264,582,15,0.6993628463551699,105.06781634779952,18,2,180,2,52,0,Attack_DataExfiltration,1
1,0.1748516470100713,0,0,0,8,25,0.19621915339339593,5.880609423202237,46,10,2,0,2,0,Benign,0
1,0.0053083163548703054,0,0,0,5,18,0.07988732346376469,5.485991517485929,36,12,3,0,0,0,Benign,0
1,0.009971169970892469,0,0,0,7,25,0.24540964858241382,4.459278752963746,29,11,1,0,0,2,Benign,0
1,0.07771225094672683,0,0,1,6,23,0.15653736127860748,1.6132609827406157,45,10,2,0,2,0,Benign,0
2,0.00954514309365079,0,0,1,3,22,0.14975545190665918,2.7129026228047635,43,5,4,0,1,0,Benign,0
2,0.10123825809807287,1,0,2,1,30,0.08168026501749065,1.684885984427968,35,12,3,0,1,1,Benign,0
2,0.07918665541712815,0,0,0,4,31,0.305286123291019,3.7951680084083423,42,9,0,0,1,0,Benign,0
1,0.01787250306627526,1,0,1,6,22,0.02723789374141213,0.7013440729876904,46,11,2,0,1,0,Benign,0
1,0.03165713568287067,0,0,1,6,26,0.22738816632424222,1.8155769509284923,37,8,1,0,1,0,Benign,0
2,0.10584487158633535,0,0,1,3,22,0.09097563418700932,4.345677027422078,33,16,2,1,2,0,Benign,0
3,0.0002390606375348862,0,1,0,8,21,0.2373041003013281,2.3153624626460543,38,5,1,0,1,1,Benign,0
1,0.005750631827777828,0,0,1,11,23,0.13228391745315726,4.373677058202903,34,4,2,0,1,0,Benign,0
1,0.06433305441176333,1,1,0,3,24,0.11624247624279327,5.169034078490872,38,7,0,0,2,0,Benign,0
1,0.011444508887101268,0,2,1,4,22,0.20760524545759854,8.163362197850969,48,10,2,1,0,0,Benign,0
1,0.26109180834383633,4,4,246,619,11,0.5437701173431833,86.99159667841651,16,6,161,2,53,0,Attack_DataExfiltration,1
1,0.3473707733506447,4,2,256,590,8,0.7580785961812393,136.56881322551055,14,9,162,1,42,2,Attack_DataExfiltration,1
1,0.03392475171741968,1,0,0,4,25,0.17874341635965268,0.4748353755403859,40,9,2,0,1,0,Benign,0
1,0.007041367150254457,1,0,1,7,25,0.15373689049858985,2.9762424417598297,38,4,1,0,1,0,Benign,0
2,0.02853197524537667,0,0,1,2,30,0.1990284733494947,1.107245616388287,37,10,2,0,2,1,Benign,0
2,0.1466725560737485,0,0,0,4,20,0.18887810071431668,20.034093170808987,34,8,2,0,1,0,Benign,0
1,0.07072528550342896,0,0,0,1,26,0.25280846241756666,4.922189867036096,38,7,2,0,1,0,Benign,0
2,0.8787613600097296,5,4,254,630,10,0.7724490080120605,107.2634673631696,19,4,181,4,54,0,Attack_DataExfiltration,1
1,0.025060810034817114,0,0,1,5,31,0.11183199701553317,1.2126441781852024,55,11,1,0,0,0,Benign,0
2,0.001997386537827236,0,0,0,7,25,0.013022679486314637,0.5682466042948109,40,6,2,0,2,0,Benign,0
2,0.9180615319622563,4,5,265,607,13,0.8954013533313115,205.62982387431572,10,5,145,0,48,1,Attack_DataExfiltration,1
2,0.009564722889182493,0,0,1,10,24,0.14699633035330656,1.2466970545215326,35,9,2,0,1,0,Benign,0
1,0.014265822098327614,0,0,0,3,30,0.27677807079648586,9.499310122848103,44,15,1,0,2,0,Benign,0
1,0.16857456371289048,0,0,1,6,24,0.059487318546748394,9.872936589315072,34,9,1,0,1,0,Benign,0
2,0.037576886577448614,1,0,2,4,19,0.2932088881594377,2.152477336263772,33,5,0,0,1,1,Benign,0
2,0.007017102113199292,0,0,0,4,20,0.21702728708419927,2.7123141500819394,42,7,2,0,3,0,Benign,0
1,0.06797330587368158,0,0,0,10,24,0.20180528428853317,17.285717999237896,39,13,2,0,0,1,Benign,0
6,0.4410040664170086,4,1,0,4,4,0.0027242941123180727,0.42782517244016893,97,5,2,14,0,17,Attack_InsiderSabotage,1
3,0.02008104905418506,0,0,0,6,39,0.3203884170804964,5.314961756351175,37,14,3,0,1,1,Benign,0
2,0.052562714388241845,0,0,0,4,24,0.17943301598205438,1.3360366663090104,48,11,2,0,1,0,Benign,0
1,0.11421997574749812,2,1,0,8,28,0.23423768356161045,4.523454486959315,34,9,2,1,0,0,Benign,0
3,0.021108078857687774,0,0,0,12,27,0.12468613192559777,1.6103628547217352,34,5,1,0,0,0,Benign,0
3,0.8105118188211138,3,8,246,574,14,0.8100132341173713,163.7706293724379,15,5,169,3,46,0,Attack_DataExfiltration,1
1,0.023291299269137037,0,0,0,4,20,0.15485603808711276,6.037916335926365,32,11,3,1,2,1,Benign,0
1,0.14759675710643946,0,0,0,4,21,0.1730437643184114,2.7524347751454323,40,20,1,0,1,0,Benign,0
1,0.042869322365383516,1,1,0,7,21,0.05951520906220979,2.18221917781002,44,10,3,0,0,1,Benign,0
1,0.036384894107453436,0,0,0,7,33,0.26083769591883693,1.5663058965278072,42,6,5,0,0,0,Benign,0
1,0.2679812465560567,2,0,0,6,34,0.0967995292122275,0.7585425209845931,43,8,2,0,3,0,Benign,0
2,0.6203744312811464,8,5,245,568,19,0.7934413541091673,112.43290626063651,22,7,163,2,51,0,Attack_DataExfiltration,1
2,0.0573736968918749,0,0,1,6,35,0.1880719581481194,1.7804782907308676,37,6,4,0,1,0,Benign,0
1,0.798838440609213,3,7,248,566,12,0.6631271052498293,183.21914247802522,27,6,171,2,51,0,Attack_DataExfiltration,1
1,0.0032758684183015366,0,1,0,6,24,0.04111025119267666,4.527795189418686,44,6,3,0,0,0,Benign,0
3,0.004660975480930307,0,0,3,6,26,0.04209211475104676,2.3497691224224275,42,11,1,0,1,0,Benign,0
5,0.08496497609224626,0,0,1,2,35,0.03713741130336546,1.304053860260885,40,12,0,1,1,1,Benign,0
11,0.49608872514083235,3,2,0,11,5,0.1097343979388287,1.9577325058413735,92,5,0,8,0,21,Attack_InsiderSabotage,1
7,0.36849244845084594,1,1,0,13,5,0.147823348327809,2.7650719001022135,96,4,0,21,0,23,Attack_InsiderSabotage,1
1,0.053625047015029056,0,0,0,5,22,0.10676384469158558,3.722307771274813,24,9,1,0,1,0,Benign,0
1,0.08743429609250741,0,1,0,3,18,0.19628228766826256,1.077815693876983,35,13,3,1,1,1,Benign,0
3,0.003726486441494147,0,0,1,2,25,0.2023850816553102,0.7939066678180096,41,11,0,0,0,1,Benign,0
2,0.058699221320569796,0,0,1,4,26,0.1079722465333354,2.332346852805213,49,8,1,0,0,1,Benign,0
1,0.01848080714614104,0,0,0,3,26,0.057109195269051304,7.50324043154969,43,3,1,0,0,0,Benign,0
1,0.041466641429483905,0,0,0,3,22,0.2581610018223954,3.0349668574303656,30,9,3,0,2,0,Benign,0
5,0.32059429261951927,4,1,0,11,5,0.06126943067459972,1.2463549059414794,86,5,1,19,0,19,Attack_InsiderSabotage,1
1,0.0365087762110518,1,1,0,5,27,0.006340369383141377,3.2957783921178265,35,14,0,0,4,0,Benign,0
1,0.10256880265995005,0,0,0,7,20,0.13794059442030754,2.2443486511230937,41,4,2,0,0,1,Benign,0
1,0.023836191184299648,0,1,0,4,32,0.28350270999919985,3.86603264731504,31,15,3,1,2,0,Benign,0
3,0.01170293103826991,0,0,3,5,34,0.12821580289900078,4.034198876550297,48,11,3,0,0,1,Benign,0
1,0.13923247688991855,0,0,0,2,23,0.18427888705290335,8.905669812133958,35,12,1,0,1,0,Benign,0
3,0.03967140442174135,0,0,1,7,24,0.21833573547982174,3.714860272115215,54,7,0,0,1,0,Benign,0
5,0.056607469248875504,0,0,0,5,23,0.240346700878711,6.298194869709272,47,11,3,0,2,0,Benign,0
1,0.058013109814020226,0,0,0,5,23,0.07979031989275598,2.412193405213446,45,8,2,0,1,2,Benign,0
1,0.00409463728925288,1,0,0,5,20,0.06616893110075442,8.566913093246972,34,10,2,0,1,1,Benign,0
2,0.012399424297739282,0,1,0,7,35,0.16411702120096405,8.630613295652385,36,17,0,0,0,1,Benign,0
2,0.061319930505734574,1,0,2,7,26,0.22102226420615714,2.9205764701055887,48,11,2,1,0,0,Benign,0
3,0.8155883812246415,6,3,278,648,9,0.9682662124642883,107.01223724432988,30,5,173,0,55,0,Attack_DataExfiltration,1
1,0.08933665449477474,1,1,0,3,28,0.06698881082743695,3.3171961043521416,38,14,5,0,0,0,Benign,0
3,0.12702589946294793,0,1,0,3,29,0.03398815956589383,9.330118752749048,39,6,1,0,0,0,Benign,0
1,0.10622195616573718,0,0,1,3,23,0.19340562473473535,2.141785196840496,35,12,3,0,2,1,Benign,0
2,0.004521367917576879,0,1,1,6,18,0.26647700894727894,4.057511733067218,43,8,0,0,1,0,Benign,0
2,0.792366730489087,2,8,222,561,14,0.8126231630337102,281.70692776929474,31,4,177,0,62,0,Attack_DataExfiltration,1
3,0.06970472701172578,1,1,1,6,29,0.08102286399953573,4.157090905735988,50,8,2,0,0,0,Benign,0
1,0.04366374760049427,2,0,0,8,34,0.20875405935296765,4.552732710029033,32,4,1,0,2,1,Benign,0
1,0.05752698389011122,0,0,1,6,20,0.06931561861251952,0.8226558285780419,39,10,2,1,2,0,Benign,0
1,0.009924395133106775,0,0,1,3,16,0.24654928264800385,1.650992205300396,37,5,3,0,0,0,Benign,0
2,0.0566288578875067,0,0,0,7,27,0.24343612248712762,0.9877349957367008,39,10,0,0,0,0,Benign,0
3,0.1259854657345645,0,0,0,7,22,0.07026122985991505,1.2252570831475937,39,6,1,0,1,0,Benign,0
1,0.9231323102758043,5,8,277,615,13,0.74643760002085,174.18474836938992,23,8,180,0,54,0,Attack_DataExfiltration,1
1,0.0581489726719757,1,0,0,8,22,0.12007425711383937,1.8842551390379336,35,5,2,1,2,1,Benign,0
1,0.00039054749683804996,1,0,0,1,20,0.12922178534327466,1.0824065785022214,36,9,2,0,1,0,Benign,0
3,0.018346688995314584,0,2,2,7,23,0.14429890931922323,6.4286839022841935,39,9,1,0,1,1,Benign,0
1,0.03208114112364619,0,0,0,8,18,0.23039504540512917,1.5582976012588396,41,14,3,0,2,1,Benign,0
2,0.11728773497365438,0,1,0,6,23,0.12277637878269163,3.771545324697581,37,9,2,0,1,1,Benign,0
1,0.19292794034893954,0,0,0,2,25,0.0771398040257313,1.9093865413118603,35,4,0,1,1,0,Benign,0
3,0.22480502044086703,0,0,0,4,26,0.1135191261494311,2.8165660509306054,45,8,4,0,2,1,Benign,0
1,0.0017905534639755581,0,0,1,5,18,0.3872889532293236,7.640156493595048,42,13,4,0,0,0,Benign,0
3,0.01267291504368123,0,0,0,4,19,0.13792435933455488,5.831522907466096,34,13,3,1,0,0,Benign,0
1,0.03057105080277067,0,0,1,6,18,0.1880453166534554,1.6795419262630538,45,9,2,0,3,1,Benign,0
2,0.11546607344559216,1,1,1,6,31,0.11256749634304619,2.2485494920575886,41,12,3,0,0,0,Benign,0
1,0.017060481916511622,1,0,0,7,34,0.1736432934847716,2.900570418285934,41,10,3,0,0,0,Benign,0
5,0.975068979936177,2,3,266,623,18,0.9312192162769538,279.1661125894716,15,3,172,1,59,0,Attack_DataExfiltration,1
1,0.04086085642793236,1,0,0,6,28,0.13133408693003368,3.5405112665377643,34,6,1,0,1,1,Benign,0
2,0.008864669253320584,0,0,1,2,28,0.13739400825244633,4.268010759821263,42,5,0,0,1,0,Benign,0
3,0.12487309858365958,1,0,0,5,23,0.13150978956763779,0.841774866622534,47,11,3,0,0,1,Benign,0
2,0.027408431281828616,1,0,0,1,25,0.14102352240779725,3.4615284363157173,48,6,3,0,0,0,Benign,0
1,0.008436000702493979,1,0,0,5,20,0.04413212745536816,1.1025743703325304,28,11,1,0,3,1,Benign,0
1,0.02971590614665341,0,0,1,6,17,0.054477142828711106,1.2902898148995179,38,6,4,0,2,0,Benign,0
2,0.04639165088072924,0,0,0,2,25,0.0579546801086921,5.607994284057223,43,12,2,0,1,0,Benign,0
1,0.055594835943154126,0,0,3,8,30,0.06681103970070254,0.7902929486018704,36,7,1,0,2,0,Benign,0
2,0.0042799732496046055,0,0,1,5,23,0.49151848461698877,13.31571423678708,38,11,4,0,1,0,Benign,0
4,0.06047798524409859,0,0,0,4,32,0.24704221273207957,11.50515434316321,36,11,1,0,1,0,Benign,0
1,0.08201906793761157,0,0,0,5,22,0.08387316524685792,0.6544115571690463,48,10,0,0,1,0,Benign,0
3,0.06465339696232879,0,0,2,3,29,0.08390429544928768,9.42074356215226,41,14,3,0,2,0,Benign,0
3,0.04350457279494539,0,0,2,9,25,0.282085150850302,2.6550260940307355,36,13,0,0,0,0,Benign,0
2,0.02402986878085328,0,0,3,7,21,0.19511317864515526,2.6533349548612133,38,12,1,0,0,0,Benign,0
3,0.06973512769542486,0,0,0,4,20,0.24272431538876044,9.743564009450823,34,10,1,0,3,0,Benign,0
1,0.04230283599687322,0,0,0,5,22,0.3150333917988716,5.854158657737062,46,6,1,0,2,0,Benign,0
2,0.7343732507477724,2,7,245,587,15,0.8181910349502917,237.3620431283945,17,5,148,3,42,0,Attack_DataExfiltration,1
1,0.0021539672145427127,1,1,0,3,22,0.04684112027332808,2.3783450624459785,46,13,4,0,0,1,Benign,0
2,0.08557854985985983,0,0,1,4,29,0.24599550549041926,0.9456182768026759,49,6,4,0,2,0,Benign,0
1,0.010111775489297764,1,0,1,6,25,0.08984985304217426,2.757465460324082,52,8,2,0,5,0,Benign,0
1,0.012029306229743967,0,1,0,5,25,0.04792920870244021,2.260113475371149,40,5,2,0,1,0,Benign,0
4,0.886119224993917,5,8,221,589,17,0.9791531428552404,379.4591719261033,16,3,179,0,53,0,Attack_DataExfiltration,1
1,0.028581952659362305,0,1,0,8,30,0.09909177180795523,1.0939949030182616,38,8,0,0,0,0,Benign,0
1,0.020133249759576977,0,0,0,4,32,0.29031916333033125,8.597054999944639,42,6,3,0,1,1,Benign,0
1,0.029719153930773345,1,0,0,7,16,0.13080035410372526,6.988085991940883,41,8,5,0,2,0,Benign,0
4,0.8421483830856614,2,3,0,3,2,0.004792986706023856,1.2868642736398457,106,1,0,9,0,26,Attack_InsiderSabotage,1
1,0.0036380922015842145,0,1,0,8,28,0.24748505225795311,1.3291943261432229,35,10,1,0,0,0,Benign,0
1,0.07491039666013585,0,0,1,4,22,0.21514396342388883,10.20026631512513,41,4,1,0,1,1,Benign,0
1,0.05780867232424561,0,0,1,7,24,0.37227356397046896,3.7797175699636107,39,9,1,0,0,0,Benign,0
4,0.05194555747321523,0,0,1,5,20,0.1911318770738479,8.04360184907228,46,8,3,0,1,0,Benign,0
1,0.7694940458587463,9,5,259,599,16,0.8664030071888892,76.31350812582636,19,1,161,2,44,1,Attack_DataExfiltration,1
1,0.039373351989326046,0,0,0,6,22,0.15626944043833377,0.9135110151556487,43,8,3,0,0,1,Benign,0
2,0.03634209488256448,0,0,2,6,30,0.02718358531747614,2.0506688049288155,42,8,4,0,0,0,Benign,0
1,0.019627749881142728,0,0,0,8,21,0.23798998566656535,23.035112463895235,42,11,1,0,0,0,Benign,0
2,0.00998980594376574,0,0,0,6,25,0.1642669803190199,1.0758980010167103,41,19,1,0,0,2,Benign,0
4,0.038300683779377946,1,0,0,6,13,0.1801865281666389,1.4923920554255152,38,4,1,0,2,0,Benign,0
1,0.002374300980600721,0,0,1,5,26,0.10947192098458475,7.539355917731968,38,8,2,0,0,0,Benign,0
1,0.058300475485256034,1,0,1,6,26,0.17995844899631414,0.9731760689266341,42,8,0,0,0,0,Benign,0
1,0.15210855421332994,1,1,0,3,25,0.1457325422493398,11.637534166664206,45,11,4,0,1,0,Benign,0
1,0.03632760324413169,1,0,0,3,29,0.043454118589442314,7.839719783725366,31,15,2,0,2,0,Benign,0
1,0.21492144559116394,0,0,0,3,24,0.25357362836461805,0.721399758803929,38,9,2,0,3,0,Benign,0
3,0.018081498736669255,0,0,1,5,24,0.037919281031275315,3.1088646218437215,29,10,1,0,3,1,Benign,0
1,0.012214510776133086,0,0,0,3,44,0.25194273791111865,17.56244609302327,41,9,3,0,1,0,Benign,0
1,0.002545174775355601,0,1,1,7,29,0.12080964956811925,2.186078703799,38,13,6,1,2,0,Benign,0
1,0.0683453274414841,0,0,0,4,25,0.12825076563804455,5.795805998451812,46,4,4,0,0,1,Benign,0
1,0.02266699719110862,0,0,0,7,24,0.09979094392939213,3.9835744239386592,42,6,0,1,1,0,Benign,0
1,0.4822259569754992,3,7,232,602,14,0.9192207071831471,118.48455513878608,20,4,167,0,53,1,Attack_DataExfiltration,1
1,0.042342610957671056,0,0,0,8,20,0.42286193398484123,4.1858685218565554,46,19,2,0,2,1,Benign,0
2,0.08031615771889089,0,1,0,9,22,0.15322365366455357,0.7028381935216977,40,7,0,0,1,0,Benign,0
5,0.5994092257864033,3,0,0,5,5,0.09127212011401337,1.9557644269516297,111,5,0,24,0,25,Attack_InsiderSabotage,1
1,0.00015897679932765345,1,0,0,6,20,0.2869171060791104,2.7600297222258705,34,15,0,0,2,1,Benign,0
2,0.0398158462602724,0,0,1,6,21,0.19210463371109576,7.512943426339521,42,17,3,0,0,0,Benign,0
2,0.574035297917582,2,0,0,8,4,0.09192597978222308,0.3212608022176676,103,4,0,19,0,14,Attack_InsiderSabotage,1
1,0.016158391085333464,0,0,1,6,18,0.11544343557230383,0.8220988971656786,38,14,0,0,1,0,Benign,0
1,0.006352463719524489,1,1,0,5,31,0.2049434888812251,1.632131634968443,39,9,3,0,0,0,Benign,0
1,0.015616449165053566,0,1,0,4,26,0.28107100953896663,1.34781939969613,34,6,2,0,1,0,Benign,0
1,0.01966589821999188,1,0,0,9,29,0.06711813331476979,3.5297472919579294,46,6,3,0,1,0,Benign,0
3,0.12354967574414477,4,1,0,9,3,0.027043462853867214,1.1617477624011834,95,4,2,18,0,23,Attack_InsiderSabotage,1
2,0.002437310263243133,0,0,1,3,34,0.2997479175020753,2.452612181338979,49,5,2,0,4,0,Benign,0
3,0.6085424123219231,5,5,260,613,11,0.9336514805515399,237.0554600042871,16,10,168,1,46,0,Attack_DataExfiltration,1
1,0.02964587349129202,0,0,0,12,26,0.13566263625903127,0.45070668501681643,38,11,2,0,0,0,Benign,0
1,0.15514971323069077,0,0,0,9,18,0.3825085338300111,4.988969700959519,38,8,3,1,2,2,Benign,0
5,0.45719526460494503,3,2,0,11,5,0.12281421834600535,0.9783016558489468,90,4,1,6,0,19,Attack_InsiderSabotage,1
5,0.8068944802939931,1,4,0,13,4,0.27885558137667327,0.2766543517180321,93,4,0,14,0,19,Attack_InsiderSabotage,1
1,0.06793209930337801,0,1,0,6,23,0.06416549203005209,1.1768233355995665,39,8,0,0,2,0,Benign,0
4,0.05153698580749209,0,0,1,7,20,0.31104209772065206,1.4235161796082763,33,10,1,0,1,0,Benign,0
3,0.04811002457693818,0,0,0,7,19,0.2031870276193968,4.476473313940943,46,9,2,0,1,0,Benign,0
1,0.7443152986266044,4,6,236,608,14,0.6900896807832082,161.64585195762268,20,11,171,2,54,1,Attack_DataExfiltration,1
1,0.020777916758354935,1,0,1,7,17,0.22591488965566478,1.4192747237362182,45,9,0,0,2,1,Benign,0
1,0.09926726009999523,0,0,0,3,20,0.2602469086021066,4.486641972306753,35,11,1,0,1,0,Benign,0
4,0.029880797604317142,0,0,2,6,21,0.32496725460163434,0.8004101308116608,36,9,1,0,0,0,Benign,0
2,0.015587241401995059,0,0,0,8,23,0.2316914138125093,1.955862650636928,44,5,4,0,0,0,Benign,0
1,0.021573475839986533,0,0,1,4,10,0.22285781271926403,2.261565857085688,44,11,2,0,2,1,Benign,0
1,0.23403023371481554,0,0,3,5,24,0.4546172068483223,0.5908045499029206,44,14,2,0,0,0,Benign,0
1,0.6704980125245672,3,7,259,618,16,0.9017276064854055,301.91921838619743,16,5,166,1,40,2,Attack_DataExfiltration,1
5,0.6402957227307858,3,3,252,601,18,0.8250521054045091,94.07737120027119,20,5,174,2,51,0,Attack_DataExfiltration,1
1,0.09601567381141667,0,0,0,6,25,0.3309691000827056,9.879073207042067,42,6,1,0,1,0,Benign,0
2,0.0511849304555558,0,1,3,6,31,0.17234415860180288,3.4173265810124103,32,8,3,0,2,1,Benign,0
1,0.0008356458054696653,0,0,1,5,22,0.2274060064648719,4.3874639432966,33,11,3,0,2,1,Benign,0
3,0.013626427392213175,0,0,1,2,19,0.07076225860579646,17.596243147135485,30,14,0,0,1,1,Benign,0
1,0.05054177831694115,1,1,1,6,22,0.2741393634721628,2.7065847893849826,40,11,5,0,1,1,Benign,0
1,0.028138660542236047,0,0,2,7,24,0.1975706220835425,0.12601845075173373,38,8,2,0,0,0,Benign,0
7,0.3114262385322079,1,0,0,8,7,0.039998630855472006,1.7955594836923447,98,4,4,11,0,19,Attack_InsiderSabotage,1
1,0.03451756419924633,0,0,1,4,21,0.1218960197263038,6.374072596078779,48,8,3,0,1,1,Benign,0
1,0.009571904055247441,0,0,0,6,19,0.13757516470353898,0.32934735884624955,42,10,6,0,2,1,Benign,0
3,0.18349508187135274,0,0,0,4,28,0.08202498358369796,17.90643375262082,40,8,8,0,1,0,Benign,0
1,0.04053347394875005,0,1,1,8,26,0.09750061648978751,11.728325651483825,34,4,2,0,1,1,Benign,0
1,0.015542799706412798,0,0,1,4,22,0.14420114445598964,1.003782288595884,38,4,2,1,0,0,Benign,0
3,0.024119572695996093,0,0,2,3,32,0.14845105765113778,21.847889193262695,33,12,2,1,0,0,Benign,0
1,0.0027172363519736486,0,1,0,4,24,0.11368220258113157,0.17709495119697602,43,11,2,0,0,1,Benign,0
2,0.03511155695936737,0,0,1,6,25,0.11939195054912906,0.2654356404603235,52,13,4,0,2,0,Benign,0
2,0.08057105850799584,1,0,0,4,27,0.05609209654258573,1.7338021037992803,37,7,2,0,0,0,Benign,0
2,0.04311811819893033,1,0,1,6,23,0.07203481713452797,1.5481520514604274,41,17,1,0,1,1,Benign,0
1,0.017476678798939042,0,0,0,4,26,0.18032646336289687,0.1241922896431875,43,18,2,0,0,1,Benign,0
5,0.17886477231032147,7,2,0,12,7,0.0019964455177897355,3.97437051231895,104,6,2,14,0,15,Attack_InsiderSabotage,1
1,0.0938288319798179,1,2,0,6,32,0.26855465506276094,2.6044148382849963,38,16,2,0,1,0,Benign,0
1,0.030429934068986822,1,0,0,3,19,0.08985236996330485,1.8581808549430496,44,14,1,0,0,1,Benign,0
2,0.7671203816590854,5,5,231,566,10,0.9458372715447325,87.78125170290431,21,6,182,1,47,4,Attack_DataExfiltration,1
4,0.8264025083581766,6,4,226,574,17,0.9839157293619851,173.50344432495953,26,3,171,1,44,1,Attack_DataExfiltration,1
2,0.037712783587583204,0,0,0,4,22,0.31780626392844824,5.3469635559996185,34,9,3,0,0,0,Benign,0
3,0.7263923544202687,0,1,0,18,8,0.1881115099314565,2.647901752010245,106,7,0,12,0,22,Attack_InsiderSabotage,1
1,0.1239751684604741,0,0,0,3,25,0.19224891401238572,3.2050348855971085,39,10,2,0,2,0,Benign,0
1,0.10732642814256393,0,1,0,2,18,0.2446026672506919,2.865609570241301,43,6,0,0,1,1,Benign,0
2,0.7348979372264051,3,5,252,602,20,0.7905257483054757,152.68219661595245,22,4,169,1,56,2,Attack_DataExfiltration,1
3,0.013557660958711117,1,0,1,3,28,0.25555027945161857,4.2876436043557655,31,10,0,0,0,0,Benign,0
3,0.018898920480071784,1,0,0,5,28,0.1205132393575749,3.987337310834718,39,11,5,0,2,1,Benign,0
1,0.039581645428870896,0,0,1,1,30,0.1622519680729088,1.8248497075834273,27,6,2,0,1,0,Benign,0
1,0.02234608407620535,0,0,1,8,33,0.062384625503115014,1.1110553115694641,39,10,0,0,2,0,Benign,0
1,0.05552448036568636,0,0,1,2,30,0.15206665792650317,4.835612465668406,44,8,0,0,1,0,Benign,0
1,0.050158749660190405,0,0,0,2,21,0.12245404542209906,2.551462684350232,35,15,1,0,1,0,Benign,0
4,0.004428157388117985,0,0,0,8,23,0.21971918542757357,2.0374120424742808,44,6,0,0,0,1,Benign,0
1,0.13223888392795136,1,0,0,4,19,0.09338934355875855,8.719404105505584,32,12,1,0,1,1,Benign,0
2,0.006067993846672523,0,0,0,3,21,0.15465949122410896,12.543367007525893,33,10,2,0,0,1,Benign,0
1,0.0098747991640732,1,0,0,3,27,0.11098316625746694,2.1373855112595948,45,6,1,0,0,0,Benign,0
2,0.07950452836104167,0,0,0,4,27,0.1816151779014867,5.0414184477700745,38,11,3,0,3,0,Benign,0
2,0.11266693505020978,0,0,1,3,22,0.2100721618246688,1.7153852665615572,36,10,3,0,0,0,Benign,0
1,0.6370945049434017,3,5,245,604,15,0.9335186645105771,178.2317559662256,15,3,192,3,39,1,Attack_DataExfiltration,1
3,0.07858326406430126,0,1,0,10,24,0.2033538332073101,6.887847562872029,33,10,1,0,1,0,Benign,0
1,0.07553607652285443,0,1,0,5,26,0.16446314690260372,2.507885609736647,47,9,4,1,1,1,Benign,0
4,0.6848408501184174,4,7,253,605,13,0.9393059136953706,80.82079715665206,16,6,166,0,40,0,Attack_DataExfiltration,1
7,0.8462919166130722,6,1,0,3,9,0.28697211144959284,1.478069089511674,105,5,0,18,0,19,Attack_InsiderSabotage,1
2,0.008572791433631356,0,0,1,3,19,0.14119247385398795,0.9879905357346762,33,10,3,0,2,1,Benign,0
10,0.40849378952022886,1,1,0,10,6,0.025447817363302698,1.0693633733940626,101,5,0,13,0,16,Attack_InsiderSabotage,1
3,0.002835834699319865,0,0,0,6,29,0.2128187957520449,1.9808896147038484,50,11,4,0,1,1,Benign,0
1,0.014727470988603277,0,0,0,3,24,0.19084296541332016,2.9177851710069036,41,13,1,0,1,0,Benign,0
2,0.08004502706719092,0,0,1,7,25,0.1171035601218363,3.265610316943395,39,9,1,0,1,1,Benign,0
1,0.12979553018625195,0,0,0,5,24,0.07466586877998897,9.692914617625728,33,6,2,0,3,1,Benign,0
2,0.023657722420620024,0,0,0,4,23,0.15679497325168526,1.5842753138593937,41,10,3,0,2,0,Benign,0
2,0.003498814862068815,0,1,1,4,24,0.1016157691929032,8.37715123087302,49,13,1,0,1,0,Benign,0
4,0.5707776879699615,4,10,241,561,16,0.5315793299075899,220.55205586539887,21,10,173,3,54,0,Attack_DataExfiltration,1
1,0.038626229529197344,0,0,1,7,18,0.19113783258740133,6.689837549152133,38,9,4,0,1,0,Benign,0
1,0.016920790961083794,2,0,0,3,22,0.08670680975997325,7.540673661255473,43,12,5,0,0,2,Benign,0
2,0.011392830479667286,0,0,1,5,21,0.14402758463559814,0.5048490733203795,38,8,4,0,1,0,Benign,0
1,0.004119856423615069,0,0,0,6,24,0.13021932238442446,3.882375412186379,47,9,2,0,1,0,Benign,0
1,0.02906866073460628,0,0,0,1,31,0.12360975625158674,16.256637220443082,38,10,0,0,0,0,Benign,0
1,0.19257324189560726,0,1,1,7,34,0.08319333749451127,2.285488062989286,46,15,2,0,1,0,Benign,0
4,0.044003228580006035,0,1,1,6,21,0.18756723478186854,11.35119637056094,43,9,1,0,1,0,Benign,0
4,0.059984350239705095,0,0,0,3,20,0.29731017984117325,2.4213180178929603,39,9,1,0,3,1,Benign,0
2,0.07978864303119894,1,0,1,2,26,0.22029285907891122,0.8291286582838239,42,7,1,0,0,0,Benign,0
1,0.061038994486657526,0,1,1,4,17,0.18690166674922074,3.337630059742652,35,11,2,0,0,0,Benign,0
2,0.018971428131290036,1,0,0,5,27,0.12188617075212815,5.395315870718557,37,19,1,0,0,0,Benign,0
1,0.07543035782529482,0,0,0,7,31,0.2499554399277556,1.0608146267160141,40,4,3,0,1,0,Benign,0
4,0.023615825656265254,0,0,0,6,25,0.06788229947968237,2.0942293184175336,41,8,1,0,1,0,Benign,0
1,0.11089643044900245,1,0,0,9,24,0.11464753899938628,9.207564154394,45,13,2,0,1,0,Benign,0
2,0.0061300442326538435,1,0,0,13,24,0.1906426592945562,5.177651600975894,45,9,1,0,0,0,Benign,0
1,0.8562747309049499,4,3,231,591,11,0.9139090093380767,108.2126843269419,20,8,167,0,40,0,Attack_DataExfiltration,1
7,0.2134015837017849,4,1,0,11,5,0.046153650842987996,2.6216649160200878,88,5,2,13,0,23,Attack_InsiderSabotage,1
1,0.03934863539882673,0,0,0,7,25,0.2689575460097895,0.9040847639326706,50,8,1,0,0,0,Benign,0
1,0.07444994445639899,1,0,0,4,14,0.171040347695207,3.5104705344817404,36,11,1,0,1,2,Benign,0
1,0.0441326398771695,1,1,1,7,22,0.161823457242991,2.8471873066801705,38,6,5,0,1,0,Benign,0
3,0.04182045094874044,0,1,0,7,23,0.35921400909768436,1.334831779400586,41,9,3,0,1,0,Benign,0
1,0.060178576185816825,0,0,1,5,25,0.29508794212158174,7.453714769334085,39,13,3,0,1,0,Benign,0
1,0.10248617430729162,0,0,1,5,30,0.05853792751856535,0.8734671007366139,40,8,2,0,0,0,Benign,0
1,0.022232065066819903,0,1,0,4,21,0.1592156822423457,14.297094679461734,36,12,2,0,3,1,Benign,0
1,0.06118642714019611,0,0,0,7,28,0.12868376906308734,4.287545586464869,35,4,0,0,0,1,Benign,0
3,0.6629891663564783,5,4,235,615,14,0.9049950615196312,291.5800957724967,26,1,151,2,47,0,Attack_DataExfiltration,1
4,0.06129403514946353,1,0,1,9,35,0.09506842936392637,0.913323129986573,42,9,3,1,0,1,Benign,0
1,0.017764884020458147,1,0,1,6,33,0.20956186104723126,2.51835536451737,29,18,4,0,3,0,Benign,0
1,0.062288213476854745,1,0,1,5,26,0.09672672122223902,1.404811140776616,36,12,1,0,0,0,Benign,0
8,0.5525215525290043,1,0,0,6,2,0.002607977416123496,0.7474644726271286,106,2,0,11,0,24,Attack_InsiderSabotage,1
1,0.0033429316774838064,1,0,1,5,28,0.06778710465343775,9.80116746452106,46,9,6,0,3,1,Benign,0
2,0.017569266990039006,0,1,1,6,25,0.22279759999866008,1.0587695301753084,40,11,2,0,1,1,Benign,0
1,0.015639876763475297,1,0,0,4,29,0.2679269855274394,1.2494003430537284,43,10,2,0,0,0,Benign,0
1,0.002345072955399789,0,0,0,7,28,0.10195776407846983,1.6028075497937775,49,7,0,0,0,0,Benign,0
1,0.07111190351579012,1,0,1,4,25,0.057125245437848166,1.8798599789368995,41,6,4,0,0,0,Benign,0
2,0.06820283564541178,0,0,1,6,18,0.15444817873067204,3.683046504752188,32,18,4,0,0,1,Benign,0
1,0.11929163267732364,0,0,2,7,25,0.08901657188984453,3.087506356466629,39,12,1,0,3,0,Benign,0
1,0.06854665921477227,0,0,0,4,31,0.37248097834800803,14.027643076427522,37,10,4,0,2,0,Benign,0
3,0.0501121904078289,0,2,1,7,26,0.1534234562788362,3.240748755493929,35,11,2,0,3,0,Benign,0
3,0.008390497656059476,2,0,1,3,27,0.2701877322780502,9.036862424802527,44,6,3,0,0,0,Benign,0
1,0.009387323377579975,0,0,3,2,27,0.16788776007756898,5.084070026854593,38,12,1,0,0,0,Benign,0
2,0.061342194778208424,0,1,0,9,24,0.19229586849698996,5.5810337176751625,62,9,0,0,0,0,Benign,0
1,0.031626393142799775,0,0,0,6,22,0.11603395048476602,2.779082430255466,36,11,2,0,1,0,Benign,0
1,0.05277492409141572,2,0,0,3,21,0.12410077415426865,2.7728221351423152,40,8,3,0,0,0,Benign,0
3,0.4273612428494115,2,1,0,7,8,0.21148812984303905,5.304253187058471,125,5,0,19,0,18,Attack_InsiderSabotage,1
2,0.1653274579044568,0,0,0,4,21,0.06134447829784137,5.799784857542658,39,11,2,0,1,1,Benign,0
4,0.5717619081398658,3,7,232,622,18,0.8549499468254302,127.0557471930786,19,6,167,1,47,1,Attack_DataExfiltration,1
1,0.007090228375221129,0,0,1,8,21,0.18189614868954074,2.660285443094904,41,13,1,0,1,1,Benign,0
4,0.08868393495273598,1,0,0,5,32,0.10180690129282569,2.2286925326083575,39,8,2,0,0,2,Benign,0
3,0.927039856781773,6,3,241,625,17,0.8341447555925224,169.57656845658528,23,2,192,1,41,0,Attack_DataExfiltration,1
1,0.0515579145908309,0,0,0,4,22,0.24893424302430261,0.6806903198152506,37,11,2,1,1,0,Benign,0
1,0.033518526479978605,0,0,0,4,33,0.1971602435203643,13.018012627522175,36,12,2,0,1,1,Benign,0
1,0.13746869317602978,0,0,0,6,30,0.0774835512287137,5.075899937504,38,12,0,0,1,0,Benign,0
1,0.057357451364328085,1,0,1,6,28,0.13340129266002881,2.3247643778571425,32,6,3,1,1,0,Benign,0
1,0.02920881366218896,0,0,1,3,23,0.14279003672124854,1.732160511237507,44,9,2,0,1,0,Benign,0
1,0.010389523005290708,0,0,0,4,26,0.43618837276795636,3.793637843959056,50,12,3,0,0,1,Benign,0
2,0.1411426223303803,7,0,0,11,3,0.004927911851952098,0.6109356919698077,105,9,0,17,0,19,Attack_InsiderSabotage,1
1,0.08383276468043993,0,0,0,4,28,0.40848440825460247,5.554416631998771,43,11,2,0,0,0,Benign,0
4,0.014735820323308894,0,1,0,7,18,0.12466756759252713,0.6039430209869566,39,9,4,0,1,0,Benign,0
3,0.17120622955256884,2,0,0,11,39,0.15437495565022893,0.6970579061951906,32,9,0,0,2,1,Benign,0
3,0.01588899514373391,1,0,0,6,29,0.2208384326894286,1.2649946380188704,38,10,1,0,1,2,Benign,0
1,0.13177953453869032,0,0,0,2,23,0.4657667737798178,2.0751303099595657,39,7,1,0,1,0,Benign,0
1,0.06327626532742232,0,0,1,2,24,0.04423666911941853,15.598408876163319,51,12,2,0,1,0,Benign,0
3,0.0388690575732291,0,1,1,2,25,0.2513361809141829,1.0264642612721497,43,9,2,0,1,1,Benign,0
2,0.11420121113997075,0,1,1,6,24,0.23871195683740487,1.4533348763521858,41,13,1,0,3,0,Benign,0
4,0.027673435412449755,0,0,1,7,23,0.2041379407297935,2.6534723220575214,42,11,2,0,0,0,Benign,0
1,0.10587774011615532,0,0,0,3,25,0.21441679106654568,4.421794894892112,41,13,2,1,0,0,Benign,0
2,0.12947801777897233,0,0,0,1,23,0.19697771324675414,0.18395798463189494,39,6,3,0,2,0,Benign,0
1,0.06307643298784132,1,1,0,5,28,0.15618653615429792,2.038049693285465,34,12,2,0,2,0,Benign,0
2,0.010091180397397342,0,0,0,4,30,0.02474569474872124,2.7872332200606054,41,9,0,0,0,1,Benign,0
1,0.09563810365185145,0,0,0,3,21,0.1632916029739769,14.551285605394654,44,6,7,0,1,0,Benign,0
2,0.018998719378663424,2,0,0,1,22,0.2001249009823998,1.2566105504656415,33,11,0,0,1,1,Benign,0
1,0.001973864780915111,0,0,3,4,29,0.229193480419112,0.837757578542028,35,7,1,0,0,0,Benign,0
3,0.11885234626416719,1,0,0,3,27,0.1684760072327302,0.23383042130868908,46,7,2,0,0,1,Benign,0
4,0.12959155316350474,7,1,0,13,8,0.06052947143517941,0.39640622026086164,93,3,4,13,0,24,Attack_InsiderSabotage,1
1,0.011764502143953212,0,0,0,6,27,0.1416508453417025,1.2860653750167879,49,13,3,0,2,0,Benign,0
4,0.3317449135226848,3,1,0,7,4,0.003455989811552454,6.563056665522058,94,3,1,13,0,18,Attack_InsiderSabotage,1
1,0.10080100598278444,0,1,0,8,27,0.24790004599122295,0.8259733200679906,43,7,3,0,0,0,Benign,0
1,0.12418958546669936,1,0,0,2,17,0.05875523096939598,12.514243456391938,50,9,2,0,1,1,Benign,0
2,0.002841473480665333,0,0,1,4,22,0.140556927951289,2.8234955477068193,35,11,2,1,1,1,Benign,0
1,0.44327301369983285,5,4,250,614,16,0.8467861370052383,195.37742682205848,19,2,176,2,55,0,Attack_DataExfiltration,1
2,0.04391060278619807,0,0,0,4,24,0.11894377314236815,1.8066639341078945,39,11,5,0,0,0,Benign,0
1,0.15874697177144936,0,0,1,4,23,0.12387221136864039,3.5261309204962,43,6,2,0,3,0,Benign,0
2,0.6072544523034321,0,0,0,8,4,0.09554637746976175,0.662470533570825,100,5,2,14,0,24,Attack_InsiderSabotage,1
8,0.352787612411849,1,1,0,5,6,0.026312417191658742,9.931995856832225,112,3,2,10,0,16,Attack_InsiderSabotage,1
2,0.23055539818312845,6,0,0,9,3,0.04061663757361531,0.2921160611579804,98,7,0,26,0,21,Attack_InsiderSabotage,1
3,0.08517647461528886,0,0,1,1,20,0.14425492555361705,3.855277351205242,45,7,2,0,0,0,Benign,0
1,0.02663351862609643,1,0,0,1,26,0.02933464258085257,3.805029302886696,41,4,2,0,4,0,Benign,0
4,0.041716703224060674,0,1,2,4,25,0.1518510417139967,19.826847131251668,39,6,2,1,0,0,Benign,0
2,0.01575392099621657,0,0,0,4,18,0.4711054925481219,2.955894582969611,51,12,1,0,1,0,Benign,0
5,0.3300385711126889,4,1,0,8,6,0.0008528547112113467,0.5573540766929531,89,5,2,19,0,16,Attack_InsiderSabotage,1
2,0.011443860582265214,0,0,0,8,22,0.18753852305071925,1.695378940570419,48,10,3,0,1,0,Benign,0
2,0.0036667551098009924,0,0,1,6,18,0.10641569766422102,4.649667593816472,25,15,1,0,0,0,Benign,0
2,0.003386115844944962,0,0,1,7,28,0.2511991011258452,1.0005958022318135,33,7,3,1,2,0,Benign,0
1,0.016805270561588946,1,0,1,3,31,0.43372194108478884,0.5020243902296647,45,4,4,1,1,0,Benign,0
4,0.33217305729336977,2,0,0,12,4,0.07038672806175233,0.49602852393387264,102,7,1,17,0,28,Attack_InsiderSabotage,1
1,0.019171136690089984,0,0,0,3,31,0.07185440783271223,1.8043356851955468,39,13,4,0,2,1,Benign,0
1,0.0323552559200673,1,0,1,4,20,0.014018584449799367,2.1560936382872526,41,13,0,0,1,0,Benign,0
1,0.06603608957375659,1,0,2,11,23,0.20024239665061994,1.1058319338966849,52,13,3,0,0,0,Benign,0
4,0.29042978300337613,5,0,0,8,0,0.005597308268831315,1.7052338161278857,107,6,1,13,0,21,Attack_InsiderSabotage,1
5,0.5764023255578564,5,1,0,8,2,0.2379239119134152,0.9517300579790808,102,7,1,13,0,16,Attack_InsiderSabotage,1
1,0.0932754730409007,0,0,0,2,30,0.14748512331590408,0.08638674581819315,46,12,2,0,2,1,Benign,0
3,0.13985341876009708,1,0,0,6,22,0.163701055856174,1.1630230937751598,33,10,0,0,1,0,Benign,0
2,0.8551432301118335,10,12,263,605,7,0.8516833119764968,175.47759061640852,18,4,190,0,50,1,Attack_DataExfiltration,1
1,0.017572232502736124,0,0,0,5,23,0.006592453769677781,1.1537193537555186,52,9,1,0,0,0,Benign,0
6,0.6667546893701342,3,1,0,8,3,0.007096102843386337,0.8355925514143575,96,9,0,17,0,19,Attack_InsiderSabotage,1
3,0.7893495772352264,4,3,266,641,11,0.877892679416883,128.9257767799595,27,3,167,1,54,0,Attack_DataExfiltration,1
1,0.08637732909443012,1,0,0,6,30,0.29555738478653987,0.4885216967747092,39,5,1,0,0,0,Benign,0
2,0.04624869944568279,0,1,2,10,27,0.12638031119125495,1.0577201995652559,31,7,6,0,1,1,Benign,0
1,0.06359335262406778,0,1,0,4,28,0.2895205072890683,0.942312088559994,47,12,2,0,0,0,Benign,0
3,0.03895371943864013,1,0,0,10,27,0.14986260986154018,0.3975220767092004,48,11,1,0,2,1,Benign,0
1,0.09891981867195575,0,0,0,8,28,0.12381943347383992,3.9373924441903427,33,11,2,0,1,0,Benign,0
1,0.04021053234853452,0,0,0,3,18,0.3472682810241622,1.1507553626008582,36,11,5,0,3,0,Benign,0
1,0.016838432795642313,0,0,0,3,24,0.052584772662116225,24.31039793995099,37,12,3,1,2,0,Benign,0
3,0.08034053544953851,1,1,0,6,21,0.15854247604853677,4.400073564145501,29,7,4,0,3,0,Benign,0
1,0.06296170952418706,0,0,0,7,37,0.030108233104984474,0.5319046287501327,38,11,0,0,1,0,Benign,0
1,0.1666710119371258,0,0,1,5,25,0.08576540471242915,8.874804397764334,38,16,0,0,1,0,Benign,0
1,0.10316380032404295,0,1,1,7,18,0.36668529759306473,4.176238345188301,33,14,4,0,0,1,Benign,0
1,0.12415179297150875,0,0,1,5,30,0.14007930336694965,4.25060420131117,34,11,0,0,0,0,Benign,0
2,0.5398328397998213,8,3,253,620,14,0.8963601216800022,94.40276210543405,20,6,177,1,44,1,Attack_DataExfiltration,1
1,0.0008025006141318013,1,0,0,5,34,0.17186375006026056,4.313141795123642,41,13,0,0,0,0,Benign,0
1,0.06852952951569015,0,0,1,3,21,0.12699595736099067,0.5976021578177898,33,11,2,0,1,0,Benign,0
2,0.04631086574884985,1,2,0,7,34,0.13487144812790094,5.126904264894263,34,10,3,1,0,1,Benign,0
2,0.034309959763787,0,1,0,3,29,0.19788048149937393,0.8606107615185051,38,9,1,0,1,0,Benign,0
1,0.3199324257819532,0,2,0,5,21,0.3280701113179452,4.428516307780401,45,13,2,0,1,1,Benign,0
1,0.09889234134220592,0,0,0,6,30,0.11547822974565654,0.5752885796184113,34,8,3,0,0,0,Benign,0
3,0.8196621815707658,3,1,0,6,2,0.008288417206792149,0.3338962071340897,90,2,0,16,0,20,Attack_InsiderSabotage,1
2,0.023509453999785455,1,0,0,11,32,0.25269617675947065,0.9184424834898992,32,10,1,0,1,0,Benign,0
1,0.0004429592661799836,0,0,0,4,24,0.21115002009288805,3.4793727414103492,33,7,3,0,2,1,Benign,0
1,0.04690401738526411,0,0,0,3,20,0.1817015341836073,5.301628203585964,37,7,2,0,1,1,Benign,0
1,0.016719322038555216,0,0,0,3,21,0.11736016032229543,0.7043821806293221,40,7,2,0,1,0,Benign,0
2,0.09822339427240986,0,1,1,2,19,0.48640146508683935,2.2660283539347716,47,12,0,0,1,0,Benign,0
2,0.01810344339845982,1,1,1,5,19,0.056845724136791904,4.5881067942133305,39,9,1,0,4,1,Benign,0
4,0.056189535865434195,0,0,0,4,23,0.13162518896751213,7.49290751548278,31,4,2,0,2,0,Benign,0
4,0.00012356434438848203,1,0,2,4,23,0.19103033849239176,0.9527633154889638,58,5,1,0,0,0,Benign,0
1,0.06319900378300199,0,0,1,2,18,0.6189830112862169,1.306497826430157,33,11,4,0,1,1,Benign,0
4,0.09878385177738776,0,0,0,3,30,0.0809125519664179,10.982442540380923,31,11,3,0,0,0,Benign,0
2,0.014283283498336852,0,1,2,4,26,0.13049851294476603,18.524811325182434,36,8,0,0,3,0,Benign,0
1,0.07361139788121221,1,0,0,6,27,0.004977499025576492,4.257499131506597,41,10,2,0,1,1,Benign,0
2,0.07438116711867157,0,1,1,4,22,0.35144997847432896,1.7347031948583922,49,14,3,0,2,1,Benign,0
2,0.00031261967591684564,0,0,0,5,29,0.10781721755678474,4.608766084009589,46,9,3,0,1,0,Benign,0
1,0.006695763200784534,1,0,0,5,16,0.1907980366284165,0.7242984801834673,46,11,0,0,0,0,Benign,0
2,0.007966191097704094,0,0,0,5,21,0.053278509606671534,4.43904344248621,40,10,3,0,0,0,Benign,0
1,0.08139610146845552,0,0,0,8,24,0.08385336900482687,2.0174468340897174,37,9,1,0,0,1,Benign,0
2,0.006453687939352794,0,0,0,4,28,0.21237775564969547,8.37082901869471,51,9,2,0,0,0,Benign,0
3,0.041923834710124765,0,0,0,4,27,0.09987016733424861,46.2508318877691,42,11,1,0,0,0,Benign,0
2,0.022893197635757832,0,0,1,7,15,0.06670944900084093,1.6332998508841838,32,7,1,0,1,0,Benign,0
1,0.08251748656665309,0,0,0,6,29,0.13948667788322044,3.1203842361475576,33,3,0,0,0,0,Benign,0
5,0.013665851276598698,0,0,0,4,27,0.13752294445845487,2.2635450345608854,42,11,2,0,0,0,Benign,0
1,0.057025913755428356,0,0,0,3,32,0.2013721454650001,1.735029408915131,39,8,3,0,2,0,Benign,0
3,0.08818764603385046,1,0,0,4,34,0.09744359888601213,2.4724742979885033,31,12,3,0,1,0,Benign,0
1,0.027430071376249105,0,0,0,7,29,0.32977641884835457,0.5827089657925094,43,5,3,0,1,0,Benign,0
3,0.08922344412607516,0,1,2,4,31,0.5298423637600632,3.353190020650053,42,8,1,0,0,0,Benign,0
2,0.13570087373657466,0,0,1,4,20,0.15603138752590184,2.584451988420305,43,7,3,0,0,0,Benign,0
4,0.020547211917887886,0,1,0,4,24,0.18562525868622654,4.415698141356109,45,13,3,0,1,0,Benign,0
1,0.06455676655947035,0,0,0,8,20,0.3074580312556346,3.916937867078411,38,14,7,1,0,0,Benign,0
1,0.1120487790817015,0,0,0,3,32,0.1470508916294994,1.2624244242205778,39,14,0,0,4,1,Benign,0
2,0.045208966285971146,0,0,0,6,30,0.33403004479740994,0.7812023677425965,43,12,4,1,1,0,Benign,0
1,0.8974311338240281,3,4,242,580,12,0.9511568394849415,127.76526835243355,26,6,157,0,52,0,Attack_DataExfiltration,1
1,0.06539638939803342,0,0,1,3,12,0.29615664632698735,2.1923412765935875,29,10,2,0,1,1,Benign,0
2,0.03201013052944145,0,1,0,4,34,0.13457098283993513,2.140416400085511,41,8,3,0,0,0,Benign,0
8,0.3270491625237235,6,0,0,8,2,0.046386019459987514,0.2944635491694582,83,2,0,17,0,18,Attack_InsiderSabotage,1
1,0.004699408753169809,0,0,0,7,20,0.23033859844771049,2.580859878579142,45,9,1,0,1,1,Benign,0
4,0.0130519683908751,0,0,0,5,34,0.06981829899837125,0.48702124220035026,41,4,1,0,0,1,Benign,0
1,0.09872288858951855,1,0,0,0,26,0.23034073446456038,2.912663711345675,33,10,0,1,0,0,Benign,0
5,0.49990644598517986,2,2,0,11,6,0.04020658370545547,0.696770188597846,107,0,0,24,0,26,Attack_InsiderSabotage,1
1,0.08137319716700392,0,1,0,8,21,0.09900078933358601,1.0557517062847044,42,5,5,1,2,0,Benign,0
3,0.016744833169435015,1,0,1,8,20,0.22403519692985444,2.580610398571672,44,13,2,0,1,0,Benign,0
1,0.014539737853679777,0,0,0,5,29,0.13530748272063028,0.35421135926463654,44,11,3,0,0,0,Benign,0
6,0.843231748697531,4,0,0,9,3,0.1451970809984231,0.36563617226253303,94,8,1,16,0,18,Attack_InsiderSabotage,1
1,0.10187336351018146,0,0,0,4,34,0.017132871841392488,10.700987349865384,41,15,1,0,0,1,Benign,0
1,0.01981624618963314,0,0,1,13,19,0.25297984605584894,2.0402690480536503,35,12,1,1,1,1,Benign,0
1,0.061052640593518004,0,1,1,6,28,0.27442380062960253,0.534374972266779,41,5,1,0,1,1,Benign,0
1,0.011661853783856299,0,1,1,6,22,0.07940770427770018,0.19622986695247088,41,13,2,0,1,0,Benign,0
1,0.02792896621833491,1,0,1,3,24,0.4005877395570962,3.83361533494262,38,12,2,0,1,0,Benign,0
1,0.045758847946242236,1,0,0,3,17,0.20600757478248816,0.7358346268527134,35,8,1,0,2,1,Benign,0
2,0.4618091992971701,4,1,0,19,6,0.1679502371703031,0.18700380889376123,101,4,2,10,0,22,Attack_InsiderSabotage,1
1,0.07407260087879859,0,0,0,5,35,0.1923930164772506,1.12161562985415,46,8,4,0,1,0,Benign,0
2,0.05040249895702406,0,0,0,2,28,0.13531474468188986,5.535888835011712,42,8,0,0,1,0,Benign,0
1,0.020533819695704204,0,0,0,7,29,0.18196363012815778,0.5279930308419291,49,10,1,0,1,1,Benign,0
2,0.04149475809633826,0,0,0,8,27,0.15259185693583938,3.7124275163054197,44,9,1,0,0,0,Benign,0
1,0.005740373440360285,0,0,0,4,30,0.047615779696414284,7.096638960714191,34,10,1,0,1,0,Benign,0
3,0.04573008262427753,0,0,1,4,24,0.18541416632557003,4.201920916551583,35,5,2,0,1,0,Benign,0
2,0.1274544523665621,1,1,1,4,27,0.053771768528055,3.1694849691047597,55,11,1,0,1,0,Benign,0
2,0.1937908588354567,1,0,0,6,31,0.07798394937725214,4.1724516562489935,45,12,4,0,3,0,Benign,0
3,0.5499870729572033,4,3,246,606,19,0.7479829540979286,73.76631228156494,21,8,171,0,41,2,Attack_DataExfiltration,1
1,0.057647467705710886,0,0,0,3,25,0.10381057990248675,0.9205616956344251,37,4,3,0,2,0,Benign,0
1,0.049339826758445685,0,0,0,6,22,0.19255463917237808,2.767457788433011,37,8,3,0,0,0,Benign,0
1,0.08519974445203267,0,0,0,5,20,0.12239756096539635,5.197878174285593,32,12,6,1,2,0,Benign,0
3,0.03483033533597851,0,0,0,6,22,0.1821064499907159,3.8589636646906,38,8,2,0,2,1,Benign,0
1,0.058669974131585534,0,0,0,6,18,0.13442215714045125,4.4538233899558355,41,12,5,0,0,0,Benign,0
5,0.03232459903711726,1,0,0,8,25,0.0238445564838307,0.6563434390321742,41,12,1,0,1,0,Benign,0
4,0.014610765935008591,1,0,2,5,21,0.07006231388525325,2.4319976218238013,46,11,2,0,1,0,Benign,0
1,0.003477464521124604,0,0,0,12,21,0.03188236667271528,2.924686702571515,40,11,1,0,3,0,Benign,0
1,0.7048545620698544,7,9,258,582,11,0.6093036336242899,86.04666614705192,18,3,179,0,39,0,Attack_DataExfiltration,1
2,0.024854807564110706,1,0,0,5,34,0.22519417289362306,19.022321163748266,45,12,1,0,0,0,Benign,0
3,0.024507176267025123,0,1,0,2,28,0.20616600574823843,1.4382573030799495,50,13,2,0,2,0,Benign,0
1,0.7910007914394248,8,7,275,606,15,0.920278833120223,139.48703204065967,17,2,188,0,50,1,Attack_DataExfiltration,1
2,0.07019834777868939,0,0,0,4,23,0.26638839507123,8.333020674010902,42,13,0,1,0,0,Benign,0
1,0.004163575187330459,0,0,0,3,24,0.057714519701134566,3.982510704836825,46,4,2,0,0,1,Benign,0
2,0.00561733248459524,0,1,1,3,20,0.31338620940793604,3.065576855860698,40,9,2,0,2,0,Benign,0
1,0.025015856605926215,0,0,1,5,27,0.11587864470648371,1.818573259930889,36,11,1,0,2,0,Benign,0
2,0.05413248109139053,0,0,0,7,25,0.10965403178336028,6.2938874276866,46,9,1,0,0,0,Benign,0
1,0.019120918821684707,0,0,0,4,21,0.10284363198829764,1.026527909499547,32,14,3,0,2,0,Benign,0
5,0.33232990631375586,2,1,0,9,3,0.006951363352331762,0.8962058730065084,88,3,4,17,0,21,Attack_InsiderSabotage,1
2,0.08169114078670886,0,0,1,6,20,0.24169196157816158,2.843921485641277,30,15,0,0,2,1,Benign,0
1,0.02780467089551905,0,0,1,6,25,0.1417538468389616,2.3542690737988083,52,8,2,0,1,0,Benign,0
1,0.0431241561727022,0,1,0,5,22,0.10896912441652767,3.2673934239354145,39,10,1,0,3,0,Benign,0
1,0.0049923756631019426,1,0,1,4,34,0.2629533331641772,9.682076900104668,41,8,3,0,1,1,Benign,0
3,0.04118612920326728,2,1,1,6,26,0.059581414595829246,5.258657579126249,56,5,4,0,1,1,Benign,0
3,0.03969697607736613,0,1,1,4,24,0.02391951830785541,1.800815708213533,32,7,2,0,1,0,Benign,0
1,0.0427969994465808,1,2,0,9,32,0.19668700023345914,3.455872675975893,46,14,1,0,0,0,Benign,0
3,0.7806558787367461,7,1,255,655,8,0.7333716113515966,100.75964331463952,22,8,181,1,46,1,Attack_DataExfiltration,1
1,0.07637755888198282,0,0,0,5,33,0.04948043165782581,2.754924113477941,33,13,4,0,0,1,Benign,0
3,0.009801505066493998,1,0,1,5,27,0.09299508765667358,1.7164850829357179,50,10,1,1,0,0,Benign,0
3,0.005096969903633061,1,0,0,9,23,0.10886858916113909,2.6397512964629986,42,10,2,0,1,0,Benign,0
1,0.8110260738830052,3,6,260,589,12,0.83145753647897,115.0488087564059,20,8,162,1,55,0,Attack_DataExfiltration,1
1,0.016357390363172894,0,1,0,4,28,0.0859525677760401,1.5794549973007752,37,9,6,0,0,0,Benign,0
2,0.0020269397981384223,0,0,0,1,16,0.043107853591890524,0.2925473356979554,43,10,1,1,1,0,Benign,0
4,0.2910281636285119,2,1,0,8,7,0.014012646480915948,3.1965141677414555,84,4,1,13,0,22,Attack_InsiderSabotage,1
2,0.007139600902800418,1,0,0,6,22,0.016298211248484403,4.74879828241397,34,11,3,1,0,0,Benign,0
2,0.1012823950156683,0,1,1,7,22,0.16660137668140898,9.644541122407519,40,10,2,0,0,0,Benign,0
2,0.06388466332438056,0,1,0,8,31,0.3884901413540796,2.881008665774506,38,5,0,0,0,1,Benign,0
1,0.08673588164341717,0,0,0,4,29,0.03551167194267415,8.226906553201465,51,10,1,0,1,0,Benign,0
1,0.011320802112110949,1,0,2,5,23,0.24851830358989654,4.094000122798186,44,12,5,0,0,1,Benign,0
1,0.018515199991202942,1,0,2,2,28,0.025471365402715454,8.111153651295876,36,12,1,0,0,0,Benign,0
1,0.13980542103933463,0,0,1,4,23,0.06311069509834795,4.727302713396421,47,10,1,0,2,0,Benign,0
1,0.007890612330620505,0,0,0,5,22,0.2070018417382089,0.8230740259293637,36,11,1,0,1,0,Benign,0
3,0.09816845158414622,0,1,0,4,23,0.022260629598534983,9.477859733586405,48,13,0,0,2,0,Benign,0
1,0.002382554336332197,2,0,0,4,16,0.1290345144381565,3.3415299805761007,35,6,2,0,2,0,Benign,0
1,0.16346566374789928,0,0,0,3,36,0.3224702833553104,10.787495052268744,35,9,2,0,1,1,Benign,0
1,0.008509756615626174,0,0,0,9,21,0.10761667848807484,1.926846153836087,40,16,1,0,1,1,Benign,0
1,0.023285399348332552,0,0,0,5,25,0.1814898095183808,15.61982412780146,35,7,4,0,1,0,Benign,0
1,0.00883040266574034,0,0,2,7,33,0.09376635826722263,11.687466358636406,44,10,4,0,1,0,Benign,0
2,0.08736531049914811,0,0,0,7,21,0.1954047658765969,4.469857969083614,37,9,2,0,0,0,Benign,0
1,0.025125328876121587,1,0,0,7,23,0.0723832912318111,22.842350434873737,53,9,5,0,1,0,Benign,0
5,0.39352142576015253,2,1,0,5,4,0.09297684645045066,1.6427024816034261,108,5,0,13,0,17,Attack_InsiderSabotage,1
2,0.04029638358961533,1,0,1,8,21,0.1245044168496083,0.7949271646615416,38,6,1,0,0,0,Benign,0
1,0.04084382170299306,1,0,0,5,14,0.12914027631987152,2.0426062050345446,33,12,0,0,0,0,Benign,0
3,0.007469497646700724,0,1,0,4,30,0.05938800289055922,1.7844950397831216,29,4,0,1,1,0,Benign,0
1,0.7513745471216662,6,4,252,570,19,0.48969419953952603,97.07918838179837,25,10,164,1,53,1,Attack_DataExfiltration,1
1,0.011592396567427941,2,0,0,5,18,0.1485347373898272,7.5370571606037675,46,8,4,0,3,0,Benign,0
2,0.07381509397468783,0,0,0,1,36,0.10002865689576844,1.0027557163832224,38,8,2,1,1,0,Benign,0
2,0.8690403964269557,4,4,241,593,15,0.7180486551958396,151.612537122661,15,3,160,2,56,2,Attack_DataExfiltration,1
1,0.02702550401464429,0,0,0,5,27,0.41394220232487505,17.320446043722036,43,11,1,0,3,1,Benign,0
2,0.0011807010239508412,0,0,1,7,20,0.049737164904364826,2.3822909799105734,45,11,2,0,0,0,Benign,0
2,0.02418091893426995,0,0,0,5,24,0.05342646387248178,1.9152182238481743,43,10,3,0,1,0,Benign,0
1,0.03804517133759246,1,0,0,2,26,0.28836388098360166,3.822519565915194,31,9,2,0,0,0,Benign,0
1,0.05208379908815437,0,0,0,9,30,0.1386483822797075,1.0777509370583174,53,11,1,0,1,1,Benign,0
3,0.028709684129702446,0,0,1,6,25,0.0670278349566714,1.4513179432078462,36,5,4,1,0,0,Benign,0
1,0.021210219655314035,0,1,1,6,21,0.05827919428749394,7.828229560830032,30,11,2,0,0,1,Benign,0
1,0.004308297481836959,1,1,1,9,30,0.31624595941563427,0.5813583078647913,58,12,3,0,0,0,Benign,0
3,0.9200121515878465,8,5,241,577,13,0.9415594566529049,145.33547967988332,14,5,175,1,55,1,Attack_DataExfiltration,1
1,0.004774426089844603,0,0,0,9,29,0.04067083833589223,2.54958260188184,37,7,4,0,1,0,Benign,0
4,0.0979317216236522,0,0,1,2,24,0.17461847712608172,0.61098036848534,42,7,3,1,1,1,Benign,0
2,0.7632705704521313,6,8,268,600,14,0.846220107548787,64.33418117496876,24,3,143,2,36,0,Attack_DataExfiltration,1
2,0.015227656445047382,0,0,0,5,35,0.07980963703371939,9.49030001348946,33,7,2,0,6,1,Benign,0
2,0.02104683517788329,0,0,0,3,19,0.3791252212538284,1.9628895731884326,29,7,5,0,1,0,Benign,0
1,0.00313105795293671,0,1,0,6,31,0.28894074690362015,6.629525280486493,41,14,5,0,0,0,Benign,0
3,0.07546106945985719,1,1,0,3,30,0.15227683549084373,3.5069568789246826,57,11,2,0,2,1,Benign,0
1,0.0005426646437322456,0,0,1,9,17,0.0056260311072353205,4.554515174467282,37,11,2,0,0,0,Benign,0
3,0.14379724484023906,0,1,1,4,20,0.21198275285551801,3.0345971768609283,39,8,2,0,0,1,Benign,0
2,0.10527905122218129,0,0,2,3,25,0.148476757279636,1.6945212508240202,37,15,0,0,0,0,Benign,0
2,0.005880953716675569,0,0,0,5,25,0.07660144272764864,1.6167095046640865,39,12,1,0,1,0,Benign,0
1,0.002105635258537407,0,0,1,7,17,0.04508295395935744,4.559517291198257,41,8,2,0,1,0,Benign,0
1,0.01036262655500084,0,0,0,4,20,0.08080014437046126,0.8941240230069248,35,11,3,0,3,0,Benign,0
2,0.484166824782482,2,1,0,4,7,0.0975409252433859,1.7737009102049375,105,4,2,16,0,25,Attack_InsiderSabotage,1
2,0.06452533078805599,0,0,0,3,20,0.08728720558807698,1.566593865728424,32,9,0,0,1,0,Benign,0
1,0.004352362306230809,0,0,1,7,22,0.13547558130802176,0.6943172883355954,43,12,2,0,1,0,Benign,0
1,0.0320772400874124,0,0,1,6,20,0.27743851805555264,1.5477581299755307,41,13,0,0,0,0,Benign,0
2,0.6251356113625113,4,1,0,9,9,0.03378465464116207,0.7982212545020022,104,5,1,17,0,21,Attack_InsiderSabotage,1
1,0.01889633849772178,0,0,0,5,33,0.21735132745517785,4.835837503022683,35,9,3,0,2,0,Benign,0
2,0.029195511004103034,1,1,0,1,28,0.18766776386011916,3.4328258175707513,34,9,1,0,2,0,Benign,0
3,0.6470691891947687,5,6,239,589,9,0.6437716574330694,144.89977035667886,21,2,167,1,50,1,Attack_DataExfiltration,1
1,0.0487579109088486,0,1,0,4,24,0.10002833946188394,6.376553109110203,44,7,2,0,0,1,Benign,0
1,0.06938930771889068,0,0,0,7,27,0.157654205641212,1.7758147725476792,35,13,8,0,1,0,Benign,0
1,0.016615268383465758,1,0,1,5,22,0.3208184759998667,4.5489960021777165,42,9,1,0,2,0,Benign,0
1,0.003152012280627135,2,0,0,7,20,0.19496059318917447,3.9074342798872825,40,5,1,0,2,0,Benign,0
1,0.008354007252157203,0,0,2,5,26,0.07092283424991278,5.44644612976807,53,8,3,0,0,0,Benign,0
3,0.1091661651777882,1,0,0,6,25,0.057057621058070024,7.061887429924487,49,7,2,0,1,0,Benign,0
2,0.05786687718424169,0,0,1,3,27,0.20422159707393472,8.36504891260465,36,12,0,0,0,0,Benign,0
3,0.0027680477842339742,0,1,0,10,29,0.19929607912794037,0.49591592475839114,44,16,3,0,1,1,Benign,0
1,0.04074622773429663,1,1,0,2,24,0.06298412686050514,3.860700615488198,35,6,3,0,1,1,Benign,0
2,0.528976073892504,5,0,0,9,6,0.07837379457785491,0.9966058078037879,103,5,2,18,0,22,Attack_InsiderSabotage,1
2,0.0102596622950966,0,0,1,4,23,0.011952739756137006,11.237573755489587,27,11,0,0,0,0,Benign,0
2,0.8430206975447774,2,7,270,621,9,0.8284380026718093,190.35714019631644,20,8,158,3,40,1,Attack_DataExfiltration,1
2,0.05485599342068215,0,0,0,4,24,0.2090679766863288,22.23638491488375,49,9,1,0,1,0,Benign,0
3,0.8073289438514694,4,3,258,605,10,0.7395352338542757,82.94872587664233,17,7,195,3,45,0,Attack_DataExfiltration,1
3,0.019213917466930457,0,1,0,5,30,0.0860082111834825,4.5096322251069125,32,5,2,0,2,2,Benign,0
2,0.08883094681006617,0,0,0,5,25,0.06996696974497671,2.038737064701448,46,11,0,0,2,0,Benign,0
3,0.029166114268223374,0,0,1,7,20,0.08813676267158133,1.832147546878061,49,12,2,0,1,0,Benign,0
1,0.016120276093023855,0,0,0,4,20,0.25182835784433577,7.9568039315326695,42,11,2,0,0,0,Benign,0
1,0.03627791754212268,0,0,0,4,17,0.1571766078367557,1.4685194306050398,38,17,2,0,1,0,Benign,0
1,0.0605808675097384,0,0,2,7,27,0.11970055103523787,0.8118589865024415,28,11,0,0,2,1,Benign,0
1,0.037929064312254186,0,0,1,4,42,0.10293412917550375,0.8412426790275391,43,9,1,0,1,0,Benign,0
1,0.0005998763309025669,0,0,0,3,26,0.19780652365276116,0.8186153791159548,44,8,2,0,1,1,Benign,0
9,0.5419703265355191,3,0,0,6,5,0.03411062907083605,2.7533798486129095,111,9,0,15,0,21,Attack_InsiderSabotage,1
1,0.0034162911728404023,1,0,0,6,27,0.058484610596466965,3.2107214256296386,34,11,3,0,2,0,Benign,0
1,0.01974137090413897,0,0,0,5,19,0.10510282736878099,0.5927004530419824,39,3,2,0,2,0,Benign,0
1,0.0883948430826188,0,0,2,3,27,0.1996449017240238,2.6046753642332052,43,3,3,0,3,0,Benign,0
2,0.1720301320905436,0,0,0,5,24,0.12295700688413577,1.7527793545676045,40,9,1,0,4,0,Benign,0
1,0.025454092010191512,0,1,2,6,32,0.32902550639684397,0.3079114401252083,44,7,1,0,1,0,Benign,0
1,0.013702420497098286,1,0,2,5,27,0.16765907103918382,1.4204451322972995,45,10,3,0,0,0,Benign,0
4,0.07270459570824618,0,0,1,2,27,0.2453577925477605,1.3209250825000074,39,5,3,0,1,0,Benign,0
1,0.041446075989832146,0,0,0,4,25,0.25134565225755,2.3535209021858865,36,13,0,0,0,2,Benign,0
1,0.06465957145584939,0,0,0,7,24,0.20583544486743602,1.8344977874894541,36,7,0,0,0,1,Benign,0
1,0.0339636347464919,0,0,0,2,26,0.14536654311114833,0.44428076671977546,48,9,3,0,1,0,Benign,0
1,0.010554486281441578,0,0,1,11,24,0.02849794847300331,0.3659514343392486,44,9,4,1,1,0,Benign,0
1,0.04705425536914823,0,1,0,9,27,0.14616181910828635,1.3863763547307106,39,9,2,0,2,1,Benign,0
1,0.03558446500306129,0,0,2,10,14,0.2283810819645554,2.6449340651331115,41,11,3,0,1,1,Benign,0
2,0.08484282379757543,0,0,0,5,29,0.054453419930035635,4.401347784679547,43,11,0,0,2,0,Benign,0
1,0.06787191117299474,0,1,0,3,29,0.2226885160810776,2.7567154533042504,49,9,0,1,1,0,Benign,0
2,0.0852563341349005,0,0,0,5,28,0.13062049087278169,2.5544180027987142,48,6,2,0,0,0,Benign,0
1,0.1377508214033152,0,0,0,1,24,0.1926460443701117,7.319852308675046,31,10,0,0,0,1,Benign,0
1,0.061114009063991497,0,0,0,1,20,0.12644124789783812,0.8861996865759248,50,6,4,0,0,0,Benign,0
1,0.06587666055381683,0,0,0,4,25,0.022327978040015763,0.4451665498349499,53,10,1,0,1,0,Benign,0
1,0.03970271081707939,0,0,1,12,36,0.01820788171016352,2.3759519504551756,42,7,3,0,0,1,Benign,0
2,0.5039515554806511,3,2,0,9,5,0.25403932785414673,2.472918978220613,102,8,0,16,0,21,Attack_InsiderSabotage,1
1,0.07296229238534972,0,0,0,5,22,0.12035409472040981,12.56975574192503,49,12,0,0,1,0,Benign,0
1,0.015859731351350954,0,0,3,8,29,0.1327553179376481,0.8990058219521201,36,9,1,0,0,0,Benign,0
3,0.8477908662679418,5,5,264,587,16,0.5770756005214425,194.0912749645933,20,6,171,2,43,2,Attack_DataExfiltration,1
1,0.43842090032202397,2,5,258,621,15,0.9142244763257699,156.03861597411608,15,5,157,1,50,2,Attack_DataExfiltration,1
6,0.6982883612449795,4,1,0,11,11,0.030483342640546682,1.8768242595585625,104,3,1,14,0,23,Attack_InsiderSabotage,1
1,0.02951418977205863,0,1,0,6,30,0.42228518229516787,3.563517322156538,33,10,2,0,1,0,Benign,0
2,0.03228906275982235,1,0,1,8,26,0.04702239660946973,14.702312559617178,41,7,5,1,1,1,Benign,0
1,0.006167510774622646,0,1,1,4,28,0.08505959187141843,1.6105363027217596,33,11,2,0,0,1,Benign,0
1,0.023063627384048737,1,0,0,5,27,0.2399871995733545,0.7471568324393567,41,19,2,0,0,1,Benign,0
1,0.021124394101205955,0,0,1,5,36,0.2862318612780072,12.594114546698766,33,8,2,0,2,0,Benign,0
1,0.029402179685007905,0,0,1,5,19,0.11487326792876706,7.483834171587263,39,9,0,0,1,0,Benign,0
2,0.006414997737876687,0,0,0,5,22,0.15461965346398301,3.3070187898544914,42,8,4,0,0,1,Benign,0
5,0.3605839810350736,2,1,0,9,4,0.029365723683674478,1.2148736118228547,104,9,1,13,0,22,Attack_InsiderSabotage,1
1,0.03268381093704052,1,1,0,5,28,0.15384493152545758,3.1843408657845913,38,9,1,0,0,0,Benign,0
1,0.761677176591355,7,5,257,617,21,0.747652256191554,243.3750801496229,25,9,161,0,46,0,Attack_DataExfiltration,1
1,0.10665306538741078,0,0,1,4,22,0.048967480677158,3.9758997430290437,30,11,5,0,1,0,Benign,0
3,0.0018813168105760328,1,0,0,6,40,0.23672922591042755,0.2244714509104767,36,4,3,0,0,0,Benign,0
7,0.7367444462004976,5,1,0,10,4,0.1030654875557215,0.861147493858632,102,5,1,14,0,20,Attack_InsiderSabotage,1
1,0.021116781340176995,0,0,1,7,22,0.06780593358852513,1.9235950844138507,42,12,3,0,1,0,Benign,0
1,0.0013286240219690358,0,1,2,2,22,0.2716963640694479,1.252718949445859,41,12,2,0,2,0,Benign,0
2,0.0563676353743786,0,0,0,4,23,0.11272221299807346,1.1362647012644786,38,9,3,1,0,0,Benign,0
1,0.0070262911713143295,0,0,0,7,17,0.1474820758320519,0.375959567706021,38,12,2,0,0,1,Benign,0
1,0.04536022112238731,0,1,1,7,22,0.3151134586802892,0.7722756504607254,30,7,1,0,0,0,Benign,0
1,0.007773635620637357,0,0,1,5,21,0.24091260491226135,6.917162306425139,35,12,1,0,0,0,Benign,0
1,0.028170272141888313,0,1,0,7,28,0.28589739950974197,6.460173694550525,39,9,2,0,1,0,Benign,0
1,0.003521457193204163,0,0,2,3,13,0.29443315480334425,6.750016937453532,42,9,2,0,1,1,Benign,0
4,0.7833204103253538,3,1,0,14,3,0.10442264419770654,1.0630235620271435,119,5,1,21,0,20,Attack_InsiderSabotage,1
2,0.04389100180866207,0,0,2,4,30,0.11977080196866506,1.8632718913681219,46,11,3,0,1,0,Benign,0
3,0.08000840257239124,1,0,0,4,21,0.03939937744904655,1.5139719458872194,43,9,1,0,2,0,Benign,0
1,0.01812158920234644,0,1,0,3,30,0.16257152429185692,7.859962601066174,42,5,2,1,0,1,Benign,0
2,0.01112539525603416,0,0,0,3,25,0.0906546273321928,6.427140628107812,35,12,3,0,1,0,Benign,0
3,0.3345334549590878,0,0,0,5,17,0.23785858155648018,0.4690780534630957,39,6,0,0,1,0,Benign,0
2,0.017966697564427675,0,0,0,4,28,0.24526679902001938,5.484045087129635,31,5,1,0,1,0,Benign,0
1,0.021723183771907573,0,1,0,3,21,0.09308510185039004,4.0699027461679576,42,12,1,0,0,0,Benign,0
1,0.16177900952234975,1,0,1,7,22,0.022646121230626298,0.6534465300034787,38,6,2,0,0,0,Benign,0
1,0.04591887145892807,2,0,1,7,32,0.2556878659933847,1.0879373452608474,35,12,4,0,0,0,Benign,0
1,0.07625005253403512,0,1,0,5,25,0.10947125929831837,1.4593363778144361,36,14,2,0,0,0,Benign,0
2,0.0045149873360333295,0,1,1,3,32,0.09666370700317152,14.325598985836784,39,7,0,0,2,0,Benign,0
1,0.03656940614387957,0,0,1,9,27,0.15095443954681473,2.0677544197532707,37,8,5,1,2,0,Benign,0
1,0.03533672667874141,0,0,0,6,38,0.10024643523553853,3.7138446324504173,39,12,1,0,0,0,Benign,0
1,0.14272795060756127,0,0,0,7,21,0.13810855276879955,11.186137743992635,46,12,4,0,0,0,Benign,0
3,0.35223293170526115,3,1,0,7,6,0.12571342012357514,0.9348886239361061,88,6,0,14,0,20,Attack_InsiderSabotage,1
1,0.09234890894486625,1,0,0,8,26,0.11056274205611702,2.141369436726371,43,8,3,0,1,2,Benign,0
1,0.027832822121549926,0,1,4,2,30,0.11828615572749404,8.373983915993831,41,7,3,0,1,0,Benign,0
4,0.10263500519625501,0,0,1,10,27,0.08966251671655248,4.524995747987245,48,14,0,0,2,0,Benign,0
1,0.04994340775949106,0,0,0,6,30,0.10983418483215986,2.4616333181800436,39,13,1,0,1,1,Benign,0
1,0.7083726392690507,3,7,230,564,16,0.7860021610542904,168.32121338951072,12,5,146,1,53,1,Attack_DataExfiltration,1
1,0.02547793818453155,1,0,0,7,19,0.3238504997167999,0.8335812291407761,44,15,2,0,2,0,Benign,0
1,0.0051241939981652475,0,0,0,9,26,0.14059782056275436,6.14953385179864,41,12,2,0,1,1,Benign,0
1,0.05100723995500621,0,1,0,0,27,0.03141523922408972,13.627532904354945,49,4,1,0,0,0,Benign,0
2,0.014490231910098841,0,0,0,5,21,0.4204308012293942,2.217013585270064,36,12,2,0,1,2,Benign,0
2,0.6944535039936348,4,6,233,618,11,0.7592544227352562,76.6176821110186,19,4,147,0,50,2,Attack_DataExfiltration,1
1,0.0854833202815291,0,0,2,4,33,0.08814431874620027,4.46785685228186,32,15,1,0,0,1,Benign,0
1,0.009702709809938216,0,0,1,8,27,0.0548629829532672,7.0901040777779984,43,7,2,0,0,0,Benign,0
1,0.004743641588398273,0,0,0,5,32,0.10594081373344036,8.461384930870356,37,14,6,0,1,0,Benign,0
5,0.38867689065039335,6,0,0,14,5,0.08968272071108635,0.39747770108701164,106,4,0,20,0,28,Attack_InsiderSabotage,1
2,0.06072356320951094,0,0,0,4,28,0.09995897839634776,3.418874068812585,39,15,3,0,1,0,Benign,0
2,0.030247873471319797,1,0,1,5,24,0.17538850985915325,3.83660363575536,38,3,2,0,2,0,Benign,0
3,0.13029040547002885,0,0,0,4,28,0.33147972744644566,1.6108832382910458,41,8,1,0,1,0,Benign,0
1,0.008921551077689669,1,0,0,2,23,0.15474776678778426,5.8665308850965285,40,10,2,1,1,0,Benign,0
6,0.6489831848262906,4,1,0,8,9,0.03308742198499879,3.1689647656592084,126,7,2,9,0,19,Attack_InsiderSabotage,1
3,0.4467419535248267,0,4,0,7,5,0.05484667692005091,0.644265311340058,111,3,3,19,0,18,Attack_InsiderSabotage,1
1,0.01448474773826035,0,0,0,12,28,0.1433061292669021,4.158706082920828,37,12,1,0,1,1,Benign,0
5,0.0340842602621647,0,0,0,3,29,0.21561469162046645,1.297875044424645,42,13,5,0,0,0,Benign,0
1,0.04307555851995623,0,0,2,5,26,0.10383470231924473,1.7806301079039988,41,9,1,0,1,1,Benign,0
1,0.004764423202008063,0,1,1,3,25,0.036811640167638764,6.216784255495034,39,10,1,0,2,0,Benign,0
1,0.025114399371289845,0,0,1,4,25,0.13826576371032617,0.9847765442920744,41,15,2,0,1,0,Benign,0
3,0.031282731880926715,1,1,1,3,17,0.045905682862060225,2.157292415848318,47,13,1,0,0,0,Benign,0
4,0.6134621376834722,6,3,270,595,13,0.7427973017964153,273.39967482762637,16,5,157,1,49,2,Attack_DataExfiltration,1
2,0.6113936569124737,5,5,251,604,15,0.8354870759365672,289.72568595148374,15,8,193,0,52,2,Attack_DataExfiltration,1
1,0.023342446295303628,0,0,1,4,26,0.0293153947470806,2.621861976950064,32,10,1,0,1,0,Benign,0
1,0.2110131371479671,0,0,2,5,32,0.07068164860699559,5.499813326966172,33,8,2,0,1,1,Benign,0
5,0.7446097493576497,0,1,0,11,3,0.0028754208830483355,1.0377657888465626,93,5,2,12,0,17,Attack_InsiderSabotage,1
1,0.08591068835840839,0,0,0,2,24,0.060081542779730705,2.2001191917549714,56,12,1,0,0,0,Benign,0
1,0.12954822881935976,1,1,0,4,24,0.041785747309908486,3.0090854369674815,36,15,4,0,0,0,Benign,0
1,0.009503372263120362,0,0,2,7,34,0.1852460470753227,4.559510388020699,32,9,3,0,0,0,Benign,0
1,0.9055688708112611,4,6,267,617,18,0.6353745239158919,68.05352581364966,16,5,169,1,66,1,Attack_DataExfiltration,1
9,0.8496456077343099,4,2,0,11,6,0.0629010998195269,2.1966461081782325,108,4,1,7,0,19,Attack_InsiderSabotage,1
2,0.014771406133222646,0,1,1,4,16,0.18741557371738785,1.0103094060680227,53,2,4,0,1,0,Benign,0
1,0.04428336954021305,0,0,0,3,18,0.2757390333178195,5.3270125318958135,32,15,2,0,1,1,Benign,0
1,0.035193494306189246,0,1,1,4,29,0.056942704250127874,0.5421765661867374,40,11,1,0,0,0,Benign,0
2,0.05621842140201815,0,0,0,8,23,0.1527313275332617,2.820844867032393,49,12,0,0,0,1,Benign,0
2,0.12624971422373832,1,0,2,4,19,0.09773746858314365,1.4002786793795678,41,11,3,1,4,0,Benign,0
2,0.04776852140725258,0,0,0,6,28,0.17409214593610978,1.6055238364499207,38,8,3,0,1,0,Benign,0
2,0.026266833424780978,0,0,0,6,19,0.29271078441473786,3.7386520733251407,49,13,2,0,1,0,Benign,0
1,0.027707875475402544,1,0,0,5,28,0.023256928407488064,1.3782785700136146,55,11,5,0,0,0,Benign,0
1,0.21240724138852268,1,0,0,10,26,0.10199183779288183,5.1372958964223425,32,14,4,0,0,0,Benign,0
4,0.04171877750711142,0,0,0,3,31,0.4257792388723612,4.679855359640572,46,14,0,0,2,0,Benign,0
2,0.02415067275935781,0,1,1,2,26,0.031915127879399145,4.8545382070579715,43,13,2,0,2,0,Benign,0
1,0.17864320881330686,0,1,1,2,21,0.3234407703392242,0.5877050387606556,37,7,1,0,0,0,Benign,0
1,0.08129090903100732,1,1,0,7,25,0.09919403544270644,1.4313201570871212,41,9,2,2,1,0,Benign,0
1,0.03657321819099784,1,0,0,4,28,0.07349705332464279,1.557025308505351,36,10,2,0,0,1,Benign,0
3,0.179460892756071,3,0,0,10,8,0.07452447091793529,1.4682951209395203,110,2,0,19,0,24,Attack_InsiderSabotage,1
2,0.0037181755084436763,1,0,2,3,25,0.12140134008914932,2.6282127068260084,43,10,0,0,2,1,Benign,0
1,0.459464813820705,3,7,251,628,20,0.8754053233165902,142.22148645896758,13,10,164,2,50,1,Attack_DataExfiltration,1
2,0.10764026718342853,0,0,2,8,22,0.033138413272282036,8.896147444777126,47,15,5,1,0,0,Benign,0
2,0.005978192126283885,2,0,1,3,24,0.22985927512023813,16.55178762233341,33,10,1,0,0,0,Benign,0
1,0.8877110071140605,6,6,231,576,12,0.7256053817037471,139.73230947223925,22,4,156,2,60,0,Attack_DataExfiltration,1
2,0.005442513033114663,0,0,0,2,21,0.15805758975843853,1.1430170280640901,30,5,5,0,0,0,Benign,0
3,0.11175171899555099,0,0,0,3,29,0.13938036742553112,5.2138342584674415,42,14,3,0,1,0,Benign,0
2,0.0293429373053295,0,0,1,9,27,0.2978167078911817,22.065581402890345,34,11,1,0,0,0,Benign,0
3,0.12153132470449846,0,0,0,10,20,0.20511751774576958,3.3415223004406953,26,10,1,0,1,0,Benign,0
2,0.00036432122786945705,1,1,2,8,13,0.17307446222460776,1.8761023524578595,26,8,5,0,0,0,Benign,0
1,0.11646166981178294,1,1,1,6,27,0.1594853710585955,0.47527879174655385,45,5,3,0,1,0,Benign,0
1,0.03906958128626147,1,0,0,4,39,0.46789084338885234,2.909185692418831,39,12,2,0,2,1,Benign,0
3,0.6212600383390865,3,4,248,574,18,0.7656404320203447,328.75732032279365,16,4,161,1,42,0,Attack_DataExfiltration,1
3,0.009752525781911514,0,0,0,3,26,0.08208483258929329,2.881256233253614,41,9,3,0,2,0,Benign,0
3,0.9802054901316387,3,6,263,596,12,0.5328382100352909,213.39233883762313,24,5,169,2,55,0,Attack_DataExfiltration,1
1,0.03439029994633709,0,0,0,4,17,0.2199829516988173,0.9740812662415146,22,9,3,0,0,1,Benign,0
3,0.7558845943535044,3,5,258,590,13,0.992723657123691,144.56277840030063,19,8,174,1,60,1,Attack_DataExfiltration,1
2,0.04186809072578263,0,0,0,5,31,0.1870723093621024,2.7388852565445316,35,7,1,0,2,0,Benign,0
1,0.0011593476864801562,0,2,1,6,28,0.13791814883358958,1.765092377910937,41,11,0,0,1,0,Benign,0
1,0.0968979735904931,0,0,0,7,27,0.4082752282535542,12.669342637008231,42,12,2,0,1,0,Benign,0
3,0.07125864573562556,0,0,0,4,17,0.07375726146241335,3.897719290402897,30,11,1,0,0,0,Benign,0
7,0.4645914308364977,3,1,0,10,4,0.13834744186668324,15.072426851691207,100,4,1,12,0,23,Attack_InsiderSabotage,1
1,0.054974458927567596,0,0,0,6,31,0.12461426343332913,0.18178014135449827,42,9,2,0,1,0,Benign,0
1,0.0033978722237777573,0,0,1,6,28,0.19003664275534984,3.662280471381067,53,15,0,0,0,0,Benign,0
3,0.007746382011852732,0,0,1,6,28,0.3109835666545144,2.299512341414596,38,12,2,0,1,0,Benign,0
1,0.12798347589491182,0,0,0,2,23,0.326034947076227,5.513944745039625,47,10,3,0,0,0,Benign,0
2,0.09271102771423519,0,0,0,10,19,0.272878031982123,11.78491157729866,42,10,3,0,1,0,Benign,0
0,0.6992894396857487,4,1,0,7,13,0.015535287199910285,0.9652153813545454,101,5,2,13,0,16,Attack_InsiderSabotage,1
3,0.022174803405080358,0,0,0,9,26,0.18480710312594756,3.2220877702757122,40,13,3,0,2,0,Benign,0
1,0.02485544659382489,0,0,0,8,24,0.3019667092813703,1.8824023676546715,42,7,5,0,1,0,Benign,0
1,0.012294683777316223,1,0,0,7,24,0.05294434169162126,5.72117288257652,40,16,2,0,1,1,Benign,0
1,0.4270898503276603,1,5,245,609,17,0.7982939424286769,41.70002560163897,18,6,189,1,57,0,Attack_DataExfiltration,1
4,0.020832862824804295,0,0,0,3,40,0.032608494736688025,4.66480901447128,42,9,2,0,0,0,Benign,0
2,0.013354119385131811,1,0,0,2,27,0.05522992986977628,1.5687859281459644,43,13,2,0,1,0,Benign,0
2,0.6381132247151807,4,3,265,580,20,0.7430774663039137,78.48719714202409,16,11,179,0,52,0,Attack_DataExfiltration,1
2,0.018591996509901804,0,0,1,5,22,0.26793793813819616,0.867856884582608,40,4,1,0,0,0,Benign,0
6,0.2706426648395216,1,3,0,14,7,0.16079245001931747,0.4081609953804349,100,3,1,7,0,20,Attack_InsiderSabotage,1
2,0.12360269832574551,0,0,0,6,25,0.10771909902777889,3.3922110153800697,39,8,3,0,0,0,Benign,0
3,0.018983156972046167,0,0,1,5,26,0.16503762393710952,0.619825260486077,44,11,1,1,0,1,Benign,0
1,0.04183436388961306,0,0,0,5,20,0.26071494965830244,2.7362329887589913,43,12,2,0,0,1,Benign,0
2,0.0020424286069581597,0,0,0,2,27,0.17978366746346305,2.0024187533103337,27,10,0,0,1,0,Benign,0
1,0.008674366885054078,0,0,0,6,23,0.10996929696430247,1.1783757940947588,35,14,1,0,0,0,Benign,0
2,0.00066388914804888,0,1,0,8,24,0.04068438640336589,1.6616459993691817,39,12,5,0,2,0,Benign,0
1,0.682669937569629,5,5,264,610,13,0.7999170432872466,194.98669804763549,18,11,136,0,40,2,Attack_DataExfiltration,1
1,0.05564641218381893,0,0,1,2,19,0.14184787616590544,2.210669617553917,44,15,2,0,2,0,Benign,0
1,0.041754413568663155,1,0,1,2,25,0.07882337554160634,3.2768273973112327,34,9,1,0,0,1,Benign,0
1,0.020989734038783688,0,1,2,2,29,0.10537497034209817,1.9853069746049272,33,15,2,0,1,0,Benign,0
1,0.1498441859492714,1,0,0,6,25,0.1447732425266557,6.330178738506467,37,11,4,0,1,1,Benign,0
1,0.07464983935229572,0,0,0,5,18,0.1684160315572362,2.7066918561246824,51,11,2,0,0,2,Benign,0
2,0.02248752166615047,0,0,0,4,13,0.3545162574034673,0.51155508508647,42,6,4,0,1,0,Benign,0
1,0.011225375538201262,0,0,0,5,22,0.17474453263334003,1.421607965146449,34,9,4,0,4,0,Benign,0
1,0.05477331038377462,0,0,1,5,23,0.4451588605626185,7.905481840074509,43,11,1,0,0,0,Benign,0
1,0.03570198585974238,1,0,0,1,29,0.10915333437717745,2.3115603730788514,31,5,2,0,2,0,Benign,0
1,0.002878241251704659,0,0,1,5,27,0.024588569233074023,4.508618361893432,40,8,2,1,2,0,Benign,0
3,0.27124201743111537,1,2,0,10,6,0.048382389552838925,0.7684606125772357,110,4,1,28,0,25,Attack_InsiderSabotage,1
1,0.06261486803488277,0,0,0,9,21,0.25700196084499083,3.6380976315122853,32,15,2,0,0,0,Benign,0
1,0.028801033940379042,0,0,0,4,27,0.15845813370900702,0.7315188284813755,34,12,1,0,0,0,Benign,0
3,0.728986110108,4,4,247,609,10,0.8182323556138842,121.4051101206403,25,4,177,0,60,1,Attack_DataExfiltration,1
1,0.004527389778507978,0,1,0,7,28,0.10440776963160127,2.67390307233448,29,12,2,0,0,0,Benign,0
1,0.040789783709991964,0,1,0,5,25,0.10212930769135595,17.091975591097242,47,7,5,0,1,1,Benign,0
1,0.05607105209750108,0,0,0,5,23,0.10418227714063126,0.4399735072046096,39,10,2,0,0,0,Benign,0
3,0.02120190551038541,0,1,1,3,22,0.08285010595432192,1.3711848549352095,38,9,4,0,1,0,Benign,0
1,0.025748238793365637,0,0,0,4,23,0.07128599606413741,2.777542195802481,52,10,1,0,1,0,Benign,0
1,0.0046269656377264864,1,0,0,10,21,0.3127143952261629,2.019734408466833,32,8,0,0,1,0,Benign,0
1,0.024907888551098573,0,0,1,8,28,0.043311144159099264,1.3894993586383517,32,6,2,1,0,1,Benign,0
1,0.0481218981980552,1,0,0,2,31,0.3246549658570634,2.097766046788172,31,10,1,1,1,1,Benign,0
2,0.4870026424987914,0,1,0,4,7,0.06835600849490997,0.4230241515743929,104,4,1,14,0,16,Attack_InsiderSabotage,1
1,0.006462052456048165,0,1,0,4,29,0.08002812390798746,4.756621606908114,45,13,3,0,0,0,Benign,0
2,0.006198090341546085,0,0,0,5,18,0.3717754355487747,2.3076386187211804,43,8,4,0,2,0,Benign,0
4,0.006467354578940045,0,0,0,6,27,0.09328151237281508,2.2698697928811775,37,13,1,0,1,0,Benign,0
1,0.004816119430656504,0,0,0,7,30,0.41692603621666136,1.952446217418128,33,11,1,0,0,0,Benign,0
1,0.07807423111122717,1,0,0,5,21,0.204282900418532,0.5827895435742749,36,11,2,0,2,1,Benign,0
1,0.09972348470363492,0,1,0,2,11,0.10563365536248126,5.461259036499177,41,8,3,0,3,1,Benign,0
1,0.011499611231053957,0,0,1,5,29,0.08654871206408093,6.962166294638542,38,7,2,0,1,0,Benign,0
1,0.020609003222474744,0,1,1,2,21,0.09577844959772994,1.3920632371243291,40,11,2,0,0,0,Benign,0
5,0.07812335883008194,0,0,1,4,26,0.1288650543483243,2.4197814056988207,38,10,1,0,1,0,Benign,0
4,0.6904794836073297,3,11,244,567,17,0.8139553188250801,358.6488859178734,24,10,170,2,48,0,Attack_DataExfiltration,1
2,0.007149643312478516,0,1,0,4,21,0.12024922392929768,3.8646051976381632,43,5,3,0,0,0,Benign,0
2,0.007309286831583603,1,0,0,8,27,0.16438774183590318,3.4788219830901275,34,17,1,0,1,0,Benign,0
1,0.04890483407827754,0,1,0,4,27,0.09419620467768368,1.480136454282054,34,14,1,0,1,0,Benign,0
1,0.0257470229098954,1,0,2,5,22,0.16679544217183992,2.748816548731155,40,12,4,0,1,0,Benign,0
2,0.0013646354016028034,0,0,0,2,28,0.13830881697499794,4.279174558260305,39,6,1,0,3,0,Benign,0
2,0.006235906062684733,0,0,1,8,27,0.17812195629738356,16.760441662574028,36,10,3,0,0,0,Benign,0
3,0.015164520490096362,0,0,0,5,19,0.18060460935310166,2.559576775736115,33,12,1,0,1,1,Benign,0
3,0.03703391695845236,0,0,0,7,28,0.3584854030121172,9.60305040877739,39,12,3,0,0,1,Benign,0
1,0.06589113054319362,0,0,1,5,26,0.18703160241677877,4.734947963706147,45,9,2,0,2,0,Benign,0
6,0.6547861402006856,4,2,0,6,6,0.030581922641468785,0.6373100638697589,90,2,1,14,0,21,Attack_InsiderSabotage,1
1,0.027684905128843834,1,0,0,6,26,0.17976584080442803,4.803671074175392,47,15,2,0,1,1,Benign,0
1,0.0040444023347014,0,0,0,6,14,0.3605414671705655,1.4216227014905787,36,6,1,0,3,0,Benign,0
2,0.21240410647284474,1,0,0,5,19,0.2857581323477149,4.1891651551812785,47,6,0,0,0,0,Benign,0
1,0.02399508919917663,0,0,0,2,23,0.07978816253014918,2.4273377903715367,38,9,3,0,0,1,Benign,0
1,0.06394104974941107,0,0,1,8,20,0.2527215399162317,2.4728192013279258,45,11,2,0,0,0,Benign,0
1,0.1853954093777926,0,1,0,3,19,0.6067797315370648,4.979332952862944,40,10,5,0,1,0,Benign,0
1,0.0829741885902812,0,0,1,2,19,0.2711900144797945,16.60301203049898,36,13,2,0,0,0,Benign,0
2,0.7800025702330435,3,5,244,615,31,0.8578426434235377,287.5714062584288,16,2,173,1,56,2,Attack_DataExfiltration,1
3,0.6496867404717089,3,9,232,620,18,0.8293433805486373,115.25495764958194,20,8,166,0,38,2,Attack_DataExfiltration,1
1,0.032139090669721655,0,0,0,2,30,0.2733857703390873,3.0179631682875647,52,7,1,0,1,1,Benign,0
1,0.007431295791087542,0,0,0,4,23,0.14953255568467938,20.264327569627415,38,11,1,0,2,1,Benign,0
1,0.004556786439000934,1,0,2,6,19,0.1698357141503616,4.695237454601435,36,4,5,0,1,0,Benign,0
2,0.08011114600846975,0,1,1,9,15,0.10584339054383157,1.813291441842981,34,6,3,0,1,0,Benign,0
1,0.023458437711366582,0,0,1,10,18,0.21907974861537757,3.6883971171831416,35,9,3,0,1,0,Benign,0
2,0.01685318131340593,0,1,3,1,26,0.14434250097203113,9.507563734293779,37,12,2,1,0,0,Benign,0
2,0.016864746543686415,1,0,0,4,23,0.034160560273593564,2.228486927537343,42,11,1,0,1,2,Benign,0
1,0.06297481915134756,1,0,2,4,23,0.16613838615490953,0.5658996122171042,42,14,0,0,0,0,Benign,0
1,0.023429790653701554,0,1,0,3,23,0.10320013211904736,0.99928003347077,32,8,7,0,1,1,Benign,0
1,0.028267078010444157,0,0,1,7,23,0.30486294237392053,0.7046238128367773,31,10,2,0,0,1,Benign,0
5,0.10613549130057355,1,1,1,5,23,0.22923568095197344,0.9267258981038605,30,9,1,0,2,0,Benign,0
2,0.021043305895920433,0,0,0,6,35,0.007793593521182711,2.108618575977292,29,10,2,0,1,0,Benign,0
2,0.011742795058346767,0,0,1,3,36,0.2527829362495611,4.8326546482761,32,8,3,0,1,0,Benign,0
1,0.005519843587325536,0,0,1,6,24,0.19018999674770815,1.8182016100349978,47,15,5,0,1,0,Benign,0
1,0.06412594332687772,0,0,2,1,28,0.1640409273644977,9.137109771022155,44,17,2,0,2,0,Benign,0
2,0.11448085661042363,0,1,0,9,21,0.10372099859322456,0.2884003964786522,46,13,0,0,1,0,Benign,0
4,0.05405123849065984,1,0,0,1,25,0.4096003937070616,0.4069091846368376,58,8,3,0,0,0,Benign,0
1,0.011221226910657748,0,0,1,7,24,0.1556346645103328,0.7276471679491654,31,12,0,0,2,1,Benign,0
1,0.043942150689583986,0,0,0,6,26,0.28339205193992145,0.9877560316027006,35,9,4,0,2,0,Benign,0
3,0.045523100654053884,0,0,0,6,22,0.310112607553961,3.0124802734688427,31,6,1,0,2,0,Benign,0
1,0.06944836009911495,0,0,0,2,31,0.03045752983417989,2.40909084451588,46,17,0,1,1,0,Benign,0
3,0.10591603654607469,0,0,1,3,22,0.20677257998775994,4.664952179752554,33,9,1,0,1,0,Benign,0
1,0.0013839051444063815,0,0,0,5,23,0.3666170952143624,8.184393360207928,40,8,4,0,0,1,Benign,0
1,0.023985020988814776,0,0,1,4,20,0.1839047510924926,6.263303499214924,34,5,0,1,1,0,Benign,0
3,0.008665178579282977,0,0,1,6,16,0.11775864822857969,1.934189812129537,43,12,2,0,1,0,Benign,0
1,0.07547038840658993,0,0,0,3,38,0.057360087358404595,3.024327259749536,41,12,3,0,0,0,Benign,0
1,0.027382329151262985,0,1,0,6,20,0.11852718985121265,1.1872177374114254,31,10,3,0,1,1,Benign,0
1,0.08321418655060372,0,0,0,2,34,0.08265193827442258,3.671518046529639,35,12,3,0,2,0,Benign,0
1,0.04131833527258032,0,0,0,4,27,0.08528135164780377,16.540197202755127,38,14,2,0,3,1,Benign,0
1,0.007366365377489189,0,0,0,8,19,0.1945371856176388,9.51253718706773,36,11,3,0,0,1,Benign,0
1,0.08947281325899024,0,0,1,2,27,0.13632667221456587,2.4925172415788452,32,12,6,0,0,1,Benign,0
3,0.007575181647076134,0,0,0,8,26,0.20307032000589728,4.1493112062358195,39,12,6,0,1,0,Benign,0
2,0.07997245977560852,0,0,1,4,18,0.057467039221049045,2.3297032513784375,47,10,4,0,1,0,Benign,0
3,0.041989595188316235,0,1,1,3,28,0.20511633401412113,1.3900921734767464,42,6,1,0,1,0,Benign,0
4,0.006155840253131676,0,1,2,2,21,0.06856229460505857,0.675458574778075,48,6,2,1,2,0,Benign,0
1,0.019399444855051434,0,0,0,4,24,0.39206069975212215,1.1282367734976626,40,3,2,0,0,0,Benign,0
2,0.08093844752356048,0,0,0,5,23,0.17133541743986078,4.763470273594891,38,7,1,0,0,0,Benign,0
1,0.00451121225539957,0,1,0,4,22,0.17987851922947087,5.8337940886780295,45,10,4,0,2,0,Benign,0
1,0.12808687948400233,0,0,2,5,25,0.24096096946234918,0.21780015013274787,31,14,3,1,0,0,Benign,0
1,0.918399869012631,9,3,236,624,17,0.7616095820540877,233.51714610452007,25,6,165,3,45,1,Attack_DataExfiltration,1
1,0.22095766578798537,0,0,0,3,24,0.18202753858002652,4.25635860095236,41,6,1,0,1,0,Benign,0
3,0.5961791956780025,1,3,0,20,3,0.0028229741129632093,3.8495669953395177,101,2,1,10,0,22,Attack_InsiderSabotage,1
2,0.030892739500340327,0,0,1,4,27,0.253107602263861,1.1684149406801991,34,8,1,0,0,0,Benign,0
1,0.12739362985351013,0,0,0,5,27,0.06715858210248343,15.348696971291192,47,15,4,0,1,0,Benign,0
1,0.02000130204075183,1,0,1,6,38,0.24028538430163368,9.84366322342142,43,13,1,0,2,0,Benign,0
1,0.03636024852249428,1,0,2,5,28,0.1902781560360169,2.5788680712458323,43,5,2,0,0,0,Benign,0
1,0.04455976056894612,0,1,0,5,27,0.2381825705111697,9.901939164202753,30,10,3,0,0,0,Benign,0
1,0.017239916819426503,1,0,0,3,26,0.26942094498726177,3.9669642937500327,41,14,1,0,3,1,Benign,0
2,0.06263285095577308,0,1,2,1,24,0.08276379544707266,1.7461641504280654,56,11,2,0,1,0,Benign,0
1,0.007927114922935777,0,0,1,8,23,0.1091183434928662,3.3823351807215194,39,14,2,0,0,0,Benign,0
1,0.6690738548965511,11,7,254,583,16,0.9207693601673612,131.6040059166967,16,4,168,0,44,2,Attack_DataExfiltration,1
1,0.052077631695493475,0,0,0,5,20,0.16505472364935278,4.084621564017522,35,5,3,0,0,0,Benign,0
2,0.9803828751880781,3,7,244,595,16,0.9640033953072833,41.17895816640979,23,6,158,0,50,1,Attack_DataExfiltration,1
6,0.2614408360460052,5,0,0,10,5,0.16932703970959823,1.6612737690581683,120,8,0,14,0,21,Attack_InsiderSabotage,1
1,0.08931468593746653,0,0,0,5,28,0.1129638726865934,0.7237777983572692,40,10,0,0,1,0,Benign,0
2,0.004126873217644157,0,0,1,3,25,0.24176943912191282,2.022755121237911,44,8,2,0,2,0,Benign,0
1,0.03792170964521346,0,2,0,5,29,0.17200750175298476,4.886593081084449,36,4,1,0,2,1,Benign,0
1,0.019965974348116613,1,0,0,5,30,0.23060356962001385,2.2699032909069228,41,10,1,0,2,0,Benign,0
2,0.003099943720076768,0,0,0,6,23,0.07346169278177454,3.743193727865903,58,5,2,0,1,0,Benign,0
2,0.09660568800780023,0,1,2,9,27,0.06561632456601464,2.3102156106528815,40,8,1,1,0,1,Benign,0
1,0.05868937345675826,0,0,0,4,25,0.20935883712108244,4.994742280540834,46,10,3,0,2,1,Benign,0
1,0.0007667671776861573,0,1,0,7,24,0.040837545401532414,1.5100302826950953,42,10,2,0,3,0,Benign,0
1,0.007288479579289298,0,0,2,8,16,0.034022816267811756,1.8433497503681462,47,5,2,1,3,2,Benign,0
1,0.06188550744333565,0,0,0,5,28,0.08956901741109272,5.417478585492073,44,7,3,0,0,0,Benign,0
1,0.7767344875624143,5,11,271,598,19,0.9271685931649056,192.19286422901052,24,6,171,1,56,2,Attack_DataExfiltration,1
1,0.09690124302814848,0,1,0,6,31,0.3248348924375379,0.26446939844677086,41,8,1,1,1,0,Benign,0
3,0.7893654767051707,6,5,245,627,16,0.6194442135203919,264.5023394774167,30,4,147,0,48,3,Attack_DataExfiltration,1
4,0.05679324511164488,0,1,0,7,25,0.19548934016750483,1.9086303364034256,48,15,0,0,0,0,Benign,0
1,0.004185475179556941,0,0,0,8,21,0.3784810975114006,5.096971080070285,30,12,2,0,2,1,Benign,0
3,0.05408892623609745,1,0,0,2,26,0.22525176980454256,2.5209410611142604,35,10,3,1,2,0,Benign,0
2,0.033912002690358045,1,0,1,4,23,0.0779667240092517,0.813417827673024,37,10,1,0,3,0,Benign,0
1,0.002669388866951835,1,1,1,9,21,0.08092410222720028,0.7725449564156168,31,8,1,0,0,0,Benign,0
1,0.006041705691447754,1,0,1,7,28,0.15829530944696926,26.63364982283605,46,12,2,0,0,0,Benign,0
2,0.011704298888648983,1,0,0,8,24,0.527919878004786,0.855239892391731,31,7,0,0,1,0,Benign,0
2,0.049707902739515634,0,0,0,1,23,0.16935942860800332,9.966108492591129,40,10,3,0,1,0,Benign,0
2,0.024816544930150813,0,0,0,7,23,0.038723740291015885,0.6651340714242718,40,8,2,0,2,0,Benign,0
2,0.07838410405397267,0,0,1,2,31,0.013622608901604608,3.6058185116131543,46,12,1,0,0,0,Benign,0
1,0.039608238195258605,0,1,0,5,30,0.011008491190111125,2.0759735687645504,42,12,2,0,0,1,Benign,0
1,0.034831932746076384,0,0,2,10,25,0.0730739461759611,2.011737344901509,49,11,2,0,0,1,Benign,0
2,0.018999324145753636,0,0,1,3,22,0.1598008615076817,11.08647147784289,35,11,4,0,0,1,Benign,0
1,0.016248932625932546,0,0,1,2,23,0.08446230101249536,2.7291676723444014,45,9,1,0,1,0,Benign,0
1,0.021843715795496987,0,0,2,7,22,0.23966745418914615,0.7346767423511528,31,8,5,0,1,0,Benign,0
1,0.02142688111219765,0,0,1,2,29,0.09416162732513692,3.4853364651199747,36,4,4,1,1,0,Benign,0
1,0.06311834180841056,0,1,2,6,29,0.1851745707013523,0.6614828157432213,51,8,1,0,2,0,Benign,0
1,0.016581022438462982,0,0,0,2,25,0.2368389000007779,3.7953073072642995,42,13,2,1,3,0,Benign,0
2,0.008535168807355746,0,0,1,3,24,0.09999387837245796,1.9964910782956224,35,3,2,0,1,0,Benign,0
1,0.002578354700563221,0,1,1,5,31,0.1445111303490702,0.5571789434950819,41,8,1,0,1,0,Benign,0
1,0.05863160673753411,0,1,0,7,24,0.21068544313374826,4.0842603608863906,42,11,2,0,2,0,Benign,0
1,0.11663052299184842,1,0,0,4,30,0.1758339181296138,6.535874403988284,40,12,2,0,1,0,Benign,0
1,0.02533866317283376,0,1,2,5,30,0.11290779062048868,11.58101460524156,47,11,2,0,0,1,Benign,0
1,0.03227591778753321,0,0,0,4,24,0.054541932049610435,0.6328385438694929,48,11,2,0,3,1,Benign,0
1,0.015907015305467228,1,1,1,4,23,0.167929381818161,6.2350333863022165,38,7,2,0,1,0,Benign,0
1,0.004912854461191561,0,0,0,7,22,0.17283522002212426,5.8926168282035265,35,5,4,0,2,1,Benign,0
1,0.04203932645867984,0,0,0,11,24,0.03710858845813927,3.9655808966041293,41,3,3,0,2,0,Benign,0
4,0.005165774929371819,1,0,0,3,30,0.08907620768783442,0.37566301155652293,33,13,3,0,0,0,Benign,0
3,0.02059590918581512,0,0,0,8,30,0.2577420275201879,6.857929842352636,33,11,2,0,1,0,Benign,0
1,0.00901317401192351,0,0,1,4,20,0.10902664398251768,11.942155922238076,48,11,3,0,1,1,Benign,0
3,0.032462411014697296,0,0,0,7,30,0.06967376261420813,29.836460338652255,50,12,1,0,2,1,Benign,0
3,0.03565468972425673,0,0,0,8,19,0.15809829924940255,3.9672288382848815,53,10,1,0,0,0,Benign,0
1,0.16449564035122924,0,0,0,2,24,0.04831784619690729,8.416029890358079,39,11,3,1,3,0,Benign,0
1,0.024956401637405236,0,0,0,4,29,0.06400747640909633,2.561363710264562,39,9,3,0,0,0,Benign,0
0,0.3849274695971497,3,2,0,13,5,0.015606063313519686,0.7312302724279258,103,5,2,11,0,20,Attack_InsiderSabotage,1
1,0.014369613140493488,0,0,0,2,20,0.14364343088427614,2.01745775585507,39,14,2,0,1,0,Benign,0
1,0.031358630865028596,0,0,0,4,28,0.07845405467457578,2.5749720689703843,38,17,5,0,3,0,Benign,0
5,0.0027944231528111534,0,0,0,4,28,0.0938046717321041,4.007420690605997,40,8,2,0,3,0,Benign,0
1,0.022438907584636555,0,0,0,9,25,0.15728698356079293,7.72193682013039,51,6,2,0,1,0,Benign,0
1,0.9170003769817755,6,5,261,576,11,0.7022174939767998,158.59406888786162,27,4,184,1,58,0,Attack_DataExfiltration,1
2,0.07557330443718588,2,0,0,5,31,0.08273791493164334,0.559842845223257,40,7,1,0,1,0,Benign,0
1,0.09714027243017334,1,2,0,6,21,0.18642435569564805,1.8657611671915568,56,16,3,0,0,1,Benign,0
1,0.00867065267122821,0,0,1,3,25,0.29592857575683645,9.868195681573035,40,6,2,1,0,1,Benign,0
1,0.030546690097354775,0,1,1,5,21,0.01712041952972874,3.153416488766719,46,8,1,0,0,0,Benign,0
2,0.09867578148848989,1,1,1,3,25,0.18796039353613322,0.45024390023380856,41,10,5,0,0,0,Benign,0
6,0.10580383708578421,7,1,0,14,3,0.20912394170033777,2.7467882055031922,98,4,0,12,0,25,Attack_InsiderSabotage,1
1,0.05223970664626482,0,0,0,6,23,0.2198317957059229,3.374231545446131,27,16,2,0,0,0,Benign,0
2,0.0016460158006973418,1,0,0,5,23,0.19002033691042658,3.299404472824907,43,13,2,0,0,0,Benign,0
2,0.0204109072875154,0,0,0,8,18,0.43301201600589806,0.44366075748765377,34,8,3,0,2,0,Benign,0
1,0.01668428995252659,0,1,0,3,27,0.5666276230704745,8.725667727520307,46,11,3,0,1,1,Benign,0
1,0.03857285128569702,0,0,3,6,22,0.23861423122006592,0.4404417314254277,48,12,0,0,0,0,Benign,0
2,0.010784592492625505,0,0,0,4,30,0.11027832363743795,3.811851532161061,39,8,3,0,0,0,Benign,0
1,0.06387828968790579,1,0,0,5,32,0.310021405628813,4.3444172223042585,39,19,2,1,0,1,Benign,0
1,0.748273401034868,1,1,0,7,6,0.00028708860520901345,0.3807080903494614,112,7,2,14,0,18,Attack_InsiderSabotage,1
1,0.05650159614284833,1,0,1,3,31,0.255543464076389,3.9702390056089767,34,12,1,0,4,1,Benign,0
2,0.04822172243385398,0,0,1,3,30,0.4513086750876807,1.325189406043899,32,10,0,0,1,1,Benign,0
2,0.7520581130895209,6,5,260,609,18,0.7859408356979696,33.49774581470785,20,4,171,1,36,1,Attack_DataExfiltration,1
1,0.04219450889453357,0,0,0,9,25,0.1675838620541937,1.538268082334774,41,7,3,1,3,1,Benign,0
2,0.02827957417887113,0,0,0,8,20,0.19532498561713407,3.243020778233063,34,9,2,0,1,0,Benign,0
4,0.43247375821820117,5,1,0,12,7,0.06247740830682711,0.3138535264754434,118,4,1,14,0,15,Attack_InsiderSabotage,1
1,0.0025243243593085843,0,0,1,6,24,0.08699679784676229,19.862785637383887,47,11,2,0,2,0,Benign,0
2,0.07218706992955241,0,0,0,5,18,0.12524766373887064,0.4835679582525116,43,16,2,0,0,0,Benign,0
2,0.024475479223180135,0,0,1,5,21,0.06467037362863806,4.678662703455307,31,11,1,0,0,1,Benign,0
1,0.08826712110327666,0,0,0,0,21,0.1840628492468162,3.481391054135609,38,9,0,0,2,1,Benign,0
4,0.01023526503799689,1,1,0,11,28,0.07123946284541825,0.4941613957745529,33,4,2,0,2,0,Benign,0
2,0.06035138227214741,1,0,1,9,32,0.17508876432951517,1.6780190546292906,34,12,4,0,0,0,Benign,0
5,0.07320843679959137,0,0,0,3,24,0.07588065330041775,1.1486736556376502,40,10,4,0,0,1,Benign,0
2,0.10709686391204318,1,0,0,5,27,0.24619888349845062,6.185158094914708,40,8,1,0,1,0,Benign,0
1,0.02031377482037707,0,0,0,2,22,0.13753704581086235,3.3854981854325543,41,12,1,0,1,1,Benign,0
1,0.9145298121222848,6,4,245,609,14,0.8988071157901656,225.38301734465537,14,7,149,3,63,2,Attack_DataExfiltration,1
6,0.08377107127508386,1,0,0,4,22,0.03808722204724129,2.883443277260748,38,9,3,0,2,0,Benign,0
1,0.026860564682381315,0,0,0,2,30,0.004375243860132247,1.912032196945347,43,8,2,0,3,0,Benign,0
2,0.10390746645905692,0,0,0,2,25,0.03750930145751017,0.8067821069037373,38,10,3,0,3,0,Benign,0
2,0.06087556530625506,0,0,1,2,24,0.1473334741966533,0.23816467527861424,48,5,3,0,0,0,Benign,0
1,0.12774158858246584,0,0,1,6,32,0.2903809522713541,1.8276073097528658,51,13,5,0,0,0,Benign,0
1,0.01302989275423119,1,1,0,4,23,0.07222364402822977,1.3797545759003083,51,8,2,0,0,0,Benign,0
1,0.027881984324833846,0,0,0,9,26,0.07966489256735376,0.6551044667598923,43,7,0,0,1,0,Benign,0
2,0.025714933509466797,0,0,0,7,27,0.44848341129268726,1.4159079030761168,37,7,2,0,0,0,Benign,0
1,0.0328832918236684,0,0,1,7,32,0.2865091550929231,0.34950695742150417,39,6,3,0,3,0,Benign,0
1,0.016434126981564844,0,0,0,4,19,0.03317941950267149,0.3511975142399102,29,10,1,1,0,1,Benign,0
1,0.01772172027616443,1,0,0,5,26,0.49310629372576803,20.68998241607611,35,8,1,0,0,0,Benign,0
2,0.015849236972507234,0,0,0,8,26,0.03849815526997343,8.910700238221224,44,7,4,0,1,0,Benign,0
1,0.05064905865188592,0,0,0,3,23,0.08802245042312627,2.4760319728912727,35,14,1,0,1,1,Benign,0
1,0.07458147274904747,0,0,0,3,23,0.16146151140676335,3.5140044562621346,44,9,2,0,1,1,Benign,0
1,0.09526626129787635,0,1,0,6,25,0.10308519722157772,5.342405150796127,33,8,1,0,1,0,Benign,0
2,0.08501224697699028,0,0,0,3,26,0.013131193396632957,19.608342279362823,32,6,3,0,2,0,Benign,0
2,0.03659999910748481,0,0,1,4,25,0.09430055695887644,4.3785700703088075,38,9,8,1,3,0,Benign,0
1,0.03569159113311427,0,0,0,4,20,0.2939442113137953,0.9581998825382938,38,9,1,0,0,1,Benign,0
1,0.044138417196618186,0,0,2,6,21,0.14337271108753422,4.8373359638892,27,6,2,0,2,0,Benign,0
9,0.5510324045742144,4,0,0,9,4,0.08145630122362012,5.671251282416633,101,3,2,22,0,13,Attack_InsiderSabotage,1
1,0.010599946883171027,0,0,0,3,20,0.05084721029497691,13.253470783611721,48,12,0,0,1,0,Benign,0
1,0.10282785112430724,2,0,1,4,33,0.13829209099157255,1.490426681345369,43,10,3,0,0,0,Benign,0
2,0.0774758232497542,0,0,1,5,24,0.0804857842750105,2.7347287180833435,38,10,1,0,1,0,Benign,0
1,0.03955712968043038,0,0,0,9,29,0.15723695508057017,6.666714732828125,48,10,0,0,0,0,Benign,0
3,0.3159169118855559,3,1,0,7,10,0.029467071007442492,0.8131847456520666,100,3,1,11,0,15,Attack_InsiderSabotage,1
1,0.05514276540972189,0,0,0,4,26,0.05863756897806513,1.8829611893968285,47,9,3,0,0,1,Benign,0
2,0.12222471167298347,0,0,1,1,32,0.17126698964387427,5.042580366630073,34,10,3,0,2,1,Benign,0
2,0.6858887252944893,5,6,296,607,18,0.9079086566853665,110.95120506194922,23,7,186,0,55,2,Attack_DataExfiltration,1
1,0.02320567312439629,0,0,0,3,14,0.047791438908048434,9.509210766653316,38,12,2,0,1,0,Benign,0
1,0.10423249203825856,0,0,1,2,31,0.22306389695028775,6.618876229901025,43,13,2,0,2,1,Benign,0
1,0.0017114816890965935,0,0,0,5,27,0.5534644731614073,2.1004463250253247,36,9,1,0,1,0,Benign,0
1,0.0010601378097521853,1,0,2,1,21,0.07456060143410495,0.715644521549743,35,8,0,0,0,0,Benign,0
1,0.00605852038676922,0,0,0,2,14,0.045005712211469505,3.029585945110963,39,9,0,0,1,1,Benign,0
1,0.1502936586389485,0,0,0,4,27,0.09993697295959982,4.419318532997384,36,13,1,0,0,1,Benign,0
1,0.05705885371412499,0,1,1,7,25,0.045256592731002306,2.1044092192327515,37,10,0,0,0,0,Benign,0
1,0.02069765588600952,0,0,0,0,24,0.18635813454118952,1.5799291652320182,35,10,4,0,0,0,Benign,0
7,0.7102570042403021,3,3,0,5,8,0.15457330843158645,1.0610559029785436,90,3,1,20,0,19,Attack_InsiderSabotage,1
1,0.16122522023501104,0,0,0,4,17,0.1673280380574419,2.6756021057645833,35,12,1,0,0,0,Benign,0
1,0.05944233235571011,0,2,0,7,22,0.07714588023939915,2.263986372870217,43,7,4,0,2,0,Benign,0
1,0.010790658730561483,0,0,1,4,38,0.20204442898774294,4.910318468834316,35,8,3,0,0,1,Benign,0
5,0.3124397360141041,3,0,0,8,4,0.10369194867354126,0.30766160732752096,95,0,2,16,0,17,Attack_InsiderSabotage,1
1,0.04125745014778251,0,0,0,7,17,0.15750332097345174,13.85637620725821,46,20,2,0,0,0,Benign,0
1,0.7807901685076547,4,6,241,584,13,0.9283355651023626,76.66629361217468,23,4,164,1,41,0,Attack_DataExfiltration,1
1,0.09662066529432115,0,0,0,6,24,0.10581146245602539,1.7947339760717247,37,10,5,0,3,0,Benign,0
3,0.0019460965802321512,0,0,0,6,24,0.023332886102039492,7.850544176352222,40,10,1,0,0,0,Benign,0
3,0.1830299820695713,0,0,0,5,30,0.07727801287885357,0.3144011092114029,43,9,0,0,4,0,Benign,0
2,0.10372753995795668,0,0,1,8,27,0.21636928186384433,3.699564906280674,41,10,2,0,0,0,Benign,0
4,0.004229323236818246,0,0,0,4,37,0.1627632541355677,1.0813546037737856,37,9,3,0,1,0,Benign,0
1,0.004081528937785075,0,0,1,8,36,0.21463342575392277,3.314619934717478,46,9,1,0,1,0,Benign,0
2,0.05254868074992552,0,0,0,3,27,0.030295743699208198,5.775899751097485,41,12,0,0,1,0,Benign,0
1,0.010521274909951746,0,0,0,6,34,0.10556170669448113,2.976945596806818,34,6,3,1,0,0,Benign,0
11,0.6753519457272688,2,0,0,11,3,0.022449353542169134,0.8395992692518874,106,5,1,23,0,14,Attack_InsiderSabotage,1
3,0.012345476225510243,0,2,1,9,33,0.10285815595836363,7.430821090948645,36,7,5,0,0,1,Benign,0
2,0.692175397490308,7,5,256,599,11,0.8417430537362617,138.97821871521248,20,8,175,0,50,0,Attack_DataExfiltration,1
1,0.04572972562832861,1,0,0,5,18,0.09700753034390194,2.074265348353585,35,12,1,0,0,1,Benign,0
3,0.045889264374789,0,0,0,8,32,0.09793528432118383,0.5972799078666721,33,13,7,0,3,0,Benign,0
2,0.02086964001527687,0,1,0,5,27,0.15056561137811778,3.9801202192478513,47,9,2,0,2,0,Benign,0
1,0.14553877848293204,0,0,2,3,24,0.2921370292977247,3.240993585358994,37,5,1,0,1,0,Benign,0
2,0.08660941899499885,1,0,0,7,27,0.1273249369736231,1.8923412050053319,45,9,2,1,2,1,Benign,0
1,0.008187171947442397,0,0,1,4,23,0.23820986730226226,13.769986140359624,48,10,4,0,1,0,Benign,0
3,0.10774598959793234,0,0,1,4,20,0.06088036666435689,1.6433864774411682,44,13,1,0,1,0,Benign,0
3,0.022561721358647827,0,1,1,5,27,0.1946673170867547,5.420874361141431,36,9,2,0,2,0,Benign,0
1,0.011848784670907121,0,1,1,9,23,0.08307244951752883,1.9114621111422787,43,11,4,0,2,0,Benign,0
2,0.017721974944588763,0,0,0,3,25,0.08403055244328034,0.5998620117012512,55,14,0,0,1,0,Benign,0
1,0.05361849216788231,0,0,2,4,28,0.19501972145809282,0.3447054622170204,34,12,1,0,1,1,Benign,0
2,0.1626735222498864,0,0,1,5,27,0.1082162248205217,0.7496162398234197,35,15,4,0,0,0,Benign,0
3,0.07517436409132461,0,0,0,4,22,0.22925305935565315,12.209882191473353,46,10,1,0,1,0,Benign,0
1,0.030538921992137674,0,1,0,8,19,0.08347245438163992,2.377855776215427,34,9,0,0,0,1,Benign,0
1,0.17555062981426078,0,0,1,4,26,0.21571761211248291,3.1921657492811177,39,12,1,0,1,0,Benign,0
1,0.9316435094389901,5,9,246,614,12,0.9767535165826366,205.31272655556484,12,5,173,1,53,0,Attack_DataExfiltration,1
2,0.0586981413326658,0,0,0,6,22,0.15610287773584597,2.9542089130429123,41,5,1,0,1,0,Benign,0
1,0.10351039757774896,0,0,1,8,33,0.1258717807647638,2.918188560932773,24,11,0,0,1,0,Benign,0
4,0.222794801293993,1,1,0,10,3,0.033691102697285404,1.4127487819182014,95,4,0,13,0,15,Attack_InsiderSabotage,1
1,0.04674038668173139,0,1,1,13,23,0.11422752778580572,0.47562063059726595,34,6,1,1,1,0,Benign,0
1,0.012149872264199068,0,0,0,3,29,0.11315091754903761,4.152160967209753,42,9,1,0,0,1,Benign,0
1,0.013537332896397726,0,0,1,5,17,0.10284017334456404,1.3001660036151508,41,14,0,0,2,0,Benign,0
4,0.10662728922171733,1,1,0,8,24,0.34303328392679455,9.758241600830754,35,15,2,1,1,0,Benign,0
1,0.016433988328050955,0,0,3,6,27,0.11056279347353058,4.529380406435526,34,13,1,0,0,0,Benign,0
4,0.01010012889181059,0,0,0,1,29,0.165805406497073,1.1136771382815025,53,9,1,0,0,0,Benign,0
6,0.6556964316158347,1,0,0,5,5,0.11059505962842786,0.6320689784942463,87,3,2,14,0,18,Attack_InsiderSabotage,1
2,0.010257737542532808,0,1,0,5,22,0.19530611548256574,3.258180326500388,29,9,1,0,1,1,Benign,0
1,0.10000127988344423,0,1,1,6,23,0.13007124982246393,0.8292621462906409,34,5,2,0,0,0,Benign,0
1,0.049211821875073024,0,1,1,5,21,0.04698542583510626,1.518284985038737,51,11,2,0,2,0,Benign,0
1,0.013971414790834158,0,0,0,4,21,0.1646710310829294,2.564919002477111,41,10,1,0,2,0,Benign,0
2,0.0037492329193055092,0,0,0,6,22,0.17566973741503134,4.454191663018216,39,7,1,0,0,0,Benign,0
3,0.7325294596959647,6,5,232,579,23,0.5867261566753516,170.56048687291522,20,5,145,0,50,3,Attack_DataExfiltration,1
1,0.02459593638567141,0,0,0,7,28,0.12192688574121383,3.569401903850424,34,16,1,0,1,0,Benign,0
3,0.4310073092663043,6,1,0,10,4,0.0006526764405852823,0.6597334243524902,110,4,0,12,0,25,Attack_InsiderSabotage,1
1,0.1055026983183977,1,2,0,6,26,0.11530140593493374,0.30966484946554246,34,11,1,0,1,2,Benign,0
2,0.020943460300013973,1,0,0,5,30,0.2124227305880471,4.318714319265848,47,6,2,0,2,0,Benign,0
1,0.05416461547947582,1,0,2,13,27,0.06769123402425672,3.4497475422381743,41,4,3,0,1,0,Benign,0
4,0.5533332906370337,7,3,257,587,24,0.7863003364763668,178.73272344896208,21,5,184,0,55,0,Attack_DataExfiltration,1
2,0.0908386053150673,0,0,1,4,26,0.09975496339414519,1.9555589742461574,35,15,1,0,2,0,Benign,0
1,0.04017315328783132,0,0,1,5,19,0.0922064369386798,7.45700395932741,42,3,5,0,0,0,Benign,0
1,0.4733473407588951,4,1,0,9,5,0.051170092793922824,0.20810045455109946,103,5,1,11,0,14,Attack_InsiderSabotage,1
1,0.019660687430664656,0,1,0,5,24,0.06381586277261027,1.191283720689161,40,11,2,0,2,1,Benign,0
1,0.01864262038933931,0,0,0,5,31,0.09645239404448461,5.341978580640834,39,15,2,0,2,1,Benign,0
1,0.0011253415462150371,0,0,0,2,23,0.129524638511366,1.2818560823455811,39,10,2,0,2,1,Benign,0
1,0.008074590983032814,0,0,0,5,34,0.3963424483078757,5.3288702047687835,35,10,3,1,1,0,Benign,0
2,0.0261291251602332,0,0,0,7,29,0.32059764970267685,0.922093624891915,31,9,5,0,0,0,Benign,0
1,0.12039350113710133,0,0,0,6,25,0.18072391861331802,0.815170493998068,49,14,0,0,0,0,Benign,0
2,0.037181261749945335,1,0,1,3,25,0.08884337823609437,4.705347991110514,34,18,2,0,0,0,Benign,0
4,0.10217073951698684,0,1,1,5,28,0.06117798144272079,3.2003176915882863,38,6,3,0,0,0,Benign,0
1,0.563662811223565,6,6,242,641,12,0.8295768397930698,287.05409891924063,17,6,182,1,48,1,Attack_DataExfiltration,1
2,0.004860931890825582,0,0,0,4,28,0.30887869829968917,1.50546478197617,28,14,2,0,1,0,Benign,0
2,0.026746920802079025,0,1,0,8,20,0.39005301930309816,4.098764220556396,41,7,3,0,2,0,Benign,0
1,0.7366202216831267,7,6,224,517,13,0.931820893836081,168.73830113351582,26,7,177,2,54,1,Attack_DataExfiltration,1
6,0.33604503839220473,1,0,0,7,1,0.15317303220445155,0.2457808768939124,96,6,1,17,0,23,Attack_InsiderSabotage,1
1,0.06487483913532746,0,0,0,4,23,0.21132841129131277,5.656147470742029,46,10,1,1,2,0,Benign,0
1,0.13739519982158568,0,0,0,4,23,0.09107365726793136,6.102670251076323,37,18,3,1,1,0,Benign,0
2,0.0035155132773254665,1,0,1,1,25,0.2997389935398534,7.38164222570375,52,13,3,0,1,0,Benign,0
3,0.11637297323014406,0,1,0,2,27,0.1091161637507617,0.9701182924662679,27,5,3,0,2,0,Benign,0
2,0.05329589175929298,0,0,0,6,28,0.14850997906353283,0.7873155744542413,46,11,2,0,2,1,Benign,0
1,0.7981835422294417,7,6,248,589,14,0.937606644722192,358.83620260239195,25,8,189,0,52,1,Attack_DataExfiltration,1
1,0.03981562515170507,0,0,2,4,22,0.0721104293962538,6.511211344699843,48,12,1,0,2,0,Benign,0
2,0.006893650425743395,0,0,0,5,32,0.057752545466849645,1.1622286870556913,41,9,1,1,2,1,Benign,0
1,0.03906741924394407,0,0,0,4,27,0.34790449444698435,0.4455379119744509,50,12,2,0,2,0,Benign,0
5,0.02295906329679839,1,0,1,9,22,0.10606005904823061,1.6155758869738648,47,11,1,0,1,0,Benign,0
2,0.061642251376794174,0,1,0,5,22,0.11390771873551847,6.929622594666451,49,11,1,0,0,0,Benign,0
3,0.7319124345895567,2,0,0,15,4,0.24641812709583094,0.5625067325529651,85,2,0,17,0,18,Attack_InsiderSabotage,1
5,0.3491652225308435,4,4,0,11,5,0.029015405675765438,1.0026488929343702,93,8,1,13,0,15,Attack_InsiderSabotage,1
4,0.4714902220272973,3,3,258,610,18,0.9159604230109628,80.01247994942517,22,3,168,3,44,1,Attack_DataExfiltration,1
2,0.007622011738711283,2,0,0,3,26,0.11906656560083831,3.326167847665878,43,10,3,0,1,0,Benign,0
1,0.0721310672529431,0,0,0,6,21,0.13405401206493026,17.61544153217709,39,7,1,2,1,0,Benign,0
2,0.029785668169298587,1,1,1,9,23,0.09647090495369695,2.9548491030895225,44,11,3,0,0,0,Benign,0
3,0.13118015040060185,0,0,0,5,24,0.1535612979359784,4.607456200655718,35,12,2,0,0,0,Benign,0
1,0.014040429987704023,2,0,1,5,20,0.17296851786155087,2.123745903338714,29,11,1,0,0,1,Benign,0
1,0.054535347148616825,0,0,1,4,25,0.028759463665315035,1.4153928674661023,45,10,5,0,2,0,Benign,0
1,0.017430071277721015,1,0,0,5,26,0.29454130414479,0.8516044016359743,41,16,1,1,1,1,Benign,0
1,0.04525745279154696,0,0,2,7,19,0.07141966661146204,4.658468601821108,31,14,3,0,1,2,Benign,0
4,0.4700255043936329,4,7,241,596,10,0.821229395711777,56.58693737558621,18,0,191,0,44,0,Attack_DataExfiltration,1
6,0.690439121711128,1,0,0,13,3,0.06005585967608933,13.816463122270854,89,2,1,12,0,22,Attack_InsiderSabotage,1
4,0.04544075096361948,0,0,1,4,21,0.07841982942140324,17.59923027865021,37,14,2,0,0,1,Benign,0
1,0.7907064274224375,2,10,250,648,17,0.7739032621199842,442.42587382155864,13,2,161,2,59,0,Attack_DataExfiltration,1
1,0.025364839906890844,0,0,0,6,31,0.4037368491875414,0.5239258106505453,40,13,3,0,0,1,Benign,0
2,0.00034175653930955315,0,0,1,6,31,0.2682998103346904,3.0196145808796198,40,9,1,0,1,0,Benign,0
4,0.027054109480341676,0,2,1,5,20,0.10381358004462947,3.1060184357764697,54,15,1,0,0,0,Benign,0
2,0.014396525002678613,1,0,0,3,30,0.264704879873965,5.604029681661804,33,12,1,0,0,1,Benign,0
2,0.027224088318746967,2,0,1,4,25,0.196416354967639,21.283016767736587,55,6,1,0,0,0,Benign,0
1,0.007371668056764568,0,0,1,6,22,0.11509313785430914,0.6940063127825755,32,7,2,0,1,0,Benign,0
3,0.035858014789083126,0,1,1,5,24,0.13725469838572332,4.463901753918401,52,13,3,1,0,0,Benign,0
1,0.012654555881234457,0,0,0,6,32,0.3463551143722548,3.6023965086296763,39,16,1,1,0,0,Benign,0
1,0.03197946028902788,0,0,1,4,28,0.13744182409208813,0.9062353407358718,30,4,1,1,1,1,Benign,0
1,0.005115956918748175,0,1,1,2,22,0.08226038002832298,10.931742666984125,43,10,1,0,2,1,Benign,0
3,0.03180220133607958,0,0,1,7,23,0.0602297097831689,1.509735620548622,47,12,1,0,4,0,Benign,0
3,0.010779582800770623,1,0,0,6,22,0.407739765836041,1.5104305550154262,36,14,3,0,2,1,Benign,0
1,0.06130537909624201,1,1,1,6,24,0.09728997728881272,10.630565315476373,40,9,1,1,3,0,Benign,0
2,0.040090856130182685,0,0,0,5,19,0.13063313877858498,0.8786675093014376,40,8,2,0,0,0,Benign,0
2,0.043476845053302654,0,0,0,5,29,0.10248435468458245,9.357108725069038,34,11,4,0,0,1,Benign,0
2,0.039850239748663856,0,2,0,3,14,0.16976903251454242,1.8171578186959194,40,7,3,0,3,0,Benign,0
1,0.13162507794771586,0,0,0,7,17,0.1715378214337197,0.7049784571602364,44,10,2,0,1,1,Benign,0
3,0.22951186272676993,4,1,0,12,6,0.017668222561167065,0.4573094908824979,105,3,0,12,0,21,Attack_InsiderSabotage,1
1,0.06973133745212748,1,0,0,6,27,0.3205677748119673,0.8625213896986839,43,5,1,0,1,1,Benign,0
1,0.024099094594159657,0,1,1,7,28,0.24343119527889534,0.7159663381620508,45,11,1,0,1,0,Benign,0
1,0.031572630221062915,0,0,0,5,20,0.09910958111433461,0.34354575251695313,35,15,2,0,2,0,Benign,0
2,0.028135019389616638,0,1,0,6,20,0.18189450499696938,0.32132598356907893,46,11,0,0,0,0,Benign,0
3,0.7909039690179651,4,8,239,613,13,0.7453790079921667,182.4912006464545,22,2,179,2,58,1,Attack_DataExfiltration,1
1,0.032409991093790835,1,0,0,5,25,0.08529537842279904,2.335840554500156,46,6,4,0,0,1,Benign,0
1,0.4913970589448492,7,4,221,587,23,0.6478833485444364,69.60504866252822,20,5,173,0,52,1,Attack_DataExfiltration,1
2,0.05460547961705677,0,0,2,4,22,0.07009474350041237,3.2993738987741215,35,16,3,0,1,0,Benign,0
2,0.8858564181559467,0,1,0,9,7,0.05199777788431556,2.1106514019505265,103,7,0,17,0,15,Attack_InsiderSabotage,1
1,0.012158973571694738,0,0,0,8,30,0.09236696939616865,2.353842496001779,42,16,3,0,0,1,Benign,0
4,0.8427402547750827,7,8,226,595,12,0.8303718046825214,129.4707461410341,22,5,161,1,66,1,Attack_DataExfiltration,1
2,0.04976638402547509,0,1,0,7,18,0.054560195809202745,0.562908475874054,39,15,3,0,3,1,Benign,0
1,0.004162728355365038,0,0,1,6,31,0.13308082939190702,2.3722970485768444,35,16,2,0,0,0,Benign,0
1,0.007435181040802481,0,0,1,7,28,0.25654861440254595,4.032204415116068,34,11,2,0,2,1,Benign,0
2,0.028171002553672674,0,0,1,4,15,0.03442671040121383,6.336593740479449,50,7,2,0,4,0,Benign,0
1,0.003021443552386417,0,2,0,1,21,0.2019787934910855,3.439200577205192,44,8,0,0,1,1,Benign,0
2,0.39571493634008853,7,6,264,600,20,0.6929668605757198,281.11496013563385,13,5,165,2,42,1,Attack_DataExfiltration,1
3,0.04663319603864968,0,0,0,1,26,0.09389128581022492,5.195443194309624,31,15,1,0,0,1,Benign,0
2,0.9795319564933179,2,7,251,625,16,0.7377133450199185,158.0227140163001,18,3,165,0,58,0,Attack_DataExfiltration,1
2,0.056838600438347035,0,0,0,8,25,0.1495905433055847,4.5027851027045624,37,11,1,0,0,0,Benign,0
2,0.036606713308226776,0,0,1,2,24,0.12757155233785877,0.7976664907429913,52,12,2,0,2,1,Benign,0
2,0.6174610385881528,2,6,269,594,18,0.9062510617678363,324.46852446420496,22,3,199,1,60,0,Attack_DataExfiltration,1
6,0.29345819214923613,5,0,0,11,2,0.08718292940265203,2.5509750271219866,96,6,0,18,0,15,Attack_InsiderSabotage,1
1,0.03044097696412068,0,0,1,4,25,0.05658259686174465,3.518544418633952,35,11,4,0,0,1,Benign,0
3,0.22417494010277375,1,0,0,10,5,0.025025749396603333,0.6417134323053968,99,1,0,12,0,22,Attack_InsiderSabotage,1
2,0.49688698251124114,1,0,0,9,2,0.0017417418912858784,0.806445283502747,100,8,2,15,0,17,Attack_InsiderSabotage,1
1,0.012741189260299941,0,0,0,3,26,0.28489629395327604,3.3512643448178445,38,9,1,0,1,0,Benign,0
3,0.045947393618335546,0,0,0,3,24,0.3529495154509764,2.0170418014534124,52,10,1,0,1,0,Benign,0
1,0.002694526662789099,0,0,1,5,31,0.10760402079379353,1.045690385609791,32,7,0,0,2,0,Benign,0
1,0.020673319399486415,0,1,0,8,19,0.08660535762405049,7.932748841727591,50,12,2,0,1,0,Benign,0
1,0.05304136196453557,0,0,0,7,24,0.34043134590875684,5.1499780078744966,43,5,1,0,2,0,Benign,0
2,0.03649446582043808,0,0,0,2,16,0.14282509060629373,2.263332841076666,36,12,1,0,1,0,Benign,0
2,0.01262910755788,0,0,0,2,17,0.14095365796113776,1.8490487259178279,46,9,0,0,2,1,Benign,0
1,0.09444509587263662,0,2,1,3,19,0.21577396384159733,2.5809422182967747,39,8,3,0,1,1,Benign,0
1,0.05309248797086865,0,2,0,6,25,0.14561898095827638,2.288935026366471,35,11,4,0,3,0,Benign,0
2,0.02219834942307445,0,0,0,2,21,0.2750831941341602,6.123008976917683,49,7,5,0,0,0,Benign,0
1,0.06116342182035803,0,1,0,4,21,0.1310789498562322,2.018590160834719,42,9,0,0,3,0,Benign,0
3,0.05738817774263467,0,1,0,3,24,0.25068646743948136,3.1996060606701193,33,15,5,2,3,0,Benign,0
1,0.7817445332055472,2,8,244,598,21,0.8147562142804117,125.55320185116744,11,5,173,1,42,1,Attack_DataExfiltration,1
2,0.014187871464141967,0,0,0,5,15,0.16962499559542382,3.373015224104439,36,9,1,0,0,0,Benign,0
4,0.08974496398561041,0,0,1,4,34,0.04320680609698778,6.699636585024663,53,9,1,0,0,1,Benign,0
1,0.019289142454075866,0,0,1,7,35,0.04263082608187245,3.782305695087018,46,12,3,0,2,0,Benign,0
3,0.02360554299230266,0,0,0,4,25,0.21545144498753674,0.8249136785914788,57,13,2,0,1,0,Benign,0
1,0.09595964532837395,1,1,2,6,26,0.13682984095921283,19.472939073500303,43,9,1,0,0,0,Benign,0
1,0.010661598519476645,0,0,2,6,27,0.11482512514396177,10.592118659062367,34,13,1,0,2,1,Benign,0
1,0.029507745000209282,0,0,2,7,31,0.11464346694689961,3.790107172224203,37,14,1,0,2,0,Benign,0
1,0.19340849778718333,0,0,0,4,32,0.080112561521087,5.2815996309488735,32,13,0,0,3,0,Benign,0
3,0.0025306647727323973,1,0,0,4,26,0.24445855405344466,1.9999768011127568,48,11,3,0,2,0,Benign,0
1,0.11869635071697907,0,0,0,6,28,0.16200606389052724,7.054152160982445,41,14,4,0,0,0,Benign,0
2,0.6782096898856975,8,5,239,606,15,0.778222144115067,235.8465533770689,22,3,185,3,48,4,Attack_DataExfiltration,1
1,0.13357077724494565,1,0,0,7,19,0.15622071657036857,3.9295801157366044,27,9,3,0,0,0,Benign,0
2,0.06483410017459001,0,0,1,5,23,0.2644635664853434,0.6505040191081627,39,4,2,0,2,1,Benign,0
1,0.004672537616611897,0,0,0,5,29,0.1577931684384163,11.15770022737596,40,7,1,0,2,0,Benign,0
1,0.004511670391251433,0,0,1,7,23,0.12647711076869256,3.6249220727167533,46,10,2,1,0,0,Benign,0
2,0.04496363982887573,0,0,1,2,27,0.34224781494819523,0.25635431685227444,39,12,2,0,2,0,Benign,0
1,0.736060953290054,2,9,250,576,12,0.8132563269900293,285.84304749153875,26,5,161,0,46,0,Attack_DataExfiltration,1
1,0.04211747959322314,0,0,1,4,24,0.14061693894050756,1.681180904203054,43,7,1,0,0,0,Benign,0
1,0.04454387216112104,1,0,1,5,29,0.1422808192794292,0.5900313747375012,38,13,3,0,1,0,Benign,0
3,0.12070470386604992,0,0,0,4,17,0.2276345509949055,1.0618034501362836,38,12,0,0,0,0,Benign,0
3,0.007492227801309493,0,0,0,6,26,0.040833721266246174,3.4588187873048506,52,9,1,0,1,0,Benign,0
2,0.002226530649738835,0,1,0,4,22,0.1919555227028958,3.860146735628809,39,16,3,0,1,0,Benign,0
5,0.045107657724334,0,0,1,2,24,0.23220313748458063,1.0665144623967238,38,10,2,1,1,0,Benign,0
2,0.10297364067882529,0,1,0,4,25,0.15888124872650514,1.2125482556368032,42,7,3,0,2,0,Benign,0
1,0.15252766564765796,1,0,0,3,23,0.06394963471614482,9.362039158782553,42,11,3,0,2,0,Benign,0
2,0.035456896601749194,0,1,0,5,34,0.19960588884430383,8.28929565763614,44,10,3,0,0,1,Benign,0
1,0.047666263092189666,0,0,1,3,23,0.2530329522300673,2.2187939957872316,42,10,1,0,1,0,Benign,0
2,0.041573966816842285,0,0,0,6,20,0.18092012224586326,11.184669948931749,48,12,3,0,0,0,Benign,0
1,0.0068041941420938805,1,1,0,5,24,0.023025312639203516,5.452740417797486,37,11,2,0,4,0,Benign,0
1,0.003975324570479115,0,0,0,7,21,0.10475789750093693,2.365764414675802,28,10,4,0,0,0,Benign,0
3,0.02267806325393791,1,0,1,7,24,0.20649301301199827,18.936627471525085,40,9,2,0,0,1,Benign,0
1,0.755154226005555,5,7,246,599,10,0.7980246286300734,130.10950367207502,17,7,169,0,63,2,Attack_DataExfiltration,1
3,0.5429211977161456,1,2,0,12,5,0.0032530549166718795,6.245258655431228,93,5,1,12,0,17,Attack_InsiderSabotage,1
3,0.017544415072553724,0,0,0,4,20,0.25282333853550676,4.524019666888069,38,9,4,0,2,0,Benign,0
1,0.032509671785822175,0,0,1,4,24,0.2707480044156593,1.786316181445683,42,11,0,0,1,1,Benign,0
2,0.033504556526162646,0,0,2,9,21,0.1804209940688217,1.6091957954135998,33,6,1,0,1,0,Benign,0
3,6.055561532413935e-05,0,1,0,9,30,0.10693417091075567,0.8161095762875887,32,7,2,0,1,1,Benign,0
1,0.037083434110789924,1,0,1,4,33,0.19283241291410258,4.445370948600597,51,12,1,0,1,0,Benign,0
1,0.0021135472003121552,1,0,1,3,26,0.3871708085130777,2.556644872643192,49,9,1,0,2,0,Benign,0
4,0.03379011073889052,0,0,0,1,21,0.04326047339764754,3.4964102764106606,36,8,4,0,0,1,Benign,0
2,0.08925927875318594,3,0,0,3,23,0.037461077078431076,3.161943180357331,42,11,3,0,0,0,Benign,0
4,0.0020702476716187505,0,1,0,7,32,0.07133372770389022,1.1127987731171425,47,7,0,0,0,1,Benign,0
1,0.1903669338435364,0,0,1,8,18,0.14879058090332856,0.42934688505148827,34,20,2,0,1,0,Benign,0
2,0.04598980120324225,0,0,0,9,33,0.24618411330140316,1.221175213914644,37,11,3,0,2,0,Benign,0
2,0.02010841974148328,1,1,0,2,29,0.15308543600529279,5.524618790569006,39,7,4,0,2,1,Benign,0
4,0.038742942727440804,0,1,0,3,24,0.14605020682452663,0.3933722096842439,46,8,1,0,2,0,Benign,0
1,0.005496305855996423,0,0,1,6,29,0.3667014010750176,28.754962850029585,29,11,3,0,2,0,Benign,0
2,0.04280332292122185,0,0,0,7,31,0.31354702704915194,6.298140474779791,37,14,3,0,0,0,Benign,0
4,0.06504027872618409,0,1,0,4,23,0.09681432364011268,1.3250226579824371,37,9,2,0,0,0,Benign,0
3,0.02511240311990521,0,0,0,4,26,0.2185112749462132,0.09783037725265885,38,11,1,0,2,0,Benign,0
1,0.032353471777059266,0,0,0,3,30,0.251201258079788,0.61596496282787,36,11,0,0,1,0,Benign,0
2,0.004467836849476857,0,0,1,3,28,0.12517698909818656,1.4348173241463127,49,11,1,0,1,1,Benign,0
1,0.005359556823634904,0,0,1,4,27,0.04672085940033507,1.2339375338871308,44,13,3,0,0,0,Benign,0
2,0.05081339070347777,0,0,0,7,18,0.16170940105192563,4.635873361507667,35,8,2,0,1,0,Benign,0
1,0.09631682524353015,1,0,2,6,23,0.16765416391415755,0.5259340313442459,36,10,2,1,0,0,Benign,0
3,0.2655502205963278,0,1,0,3,26,0.0658208124273012,17.63876230283064,37,8,2,0,0,0,Benign,0
1,0.0024045461156847604,0,1,0,6,25,0.23226390733427327,7.9279238017305405,37,10,2,0,1,1,Benign,0
2,0.0836707863076891,0,0,0,3,22,0.21547066540453672,0.27180954134011176,42,6,1,1,0,0,Benign,0
1,0.07880232601913029,0,0,0,4,18,0.09534745366574346,2.934774735807505,31,10,2,0,1,1,Benign,0
1,0.0033740200912925422,0,0,2,6,32,0.0745490728890787,1.1870615302085323,45,12,2,1,1,1,Benign,0
1,0.051705941120706464,0,0,0,2,30,0.21754017425226135,3.4337354380761123,42,3,3,0,0,0,Benign,0
1,0.011084391529422592,1,0,0,0,25,0.33515816042785923,0.5930420923616819,46,5,1,0,0,0,Benign,0
1,0.08460958680428085,0,0,0,6,29,0.3332773021706,6.351716205255881,38,7,0,0,1,0,Benign,0
1,0.0764839388926601,1,0,0,7,28,0.10106796300826891,2.247800299949536,40,11,1,0,2,1,Benign,0
1,0.360564117871307,6,5,245,611,20,0.9386309695733069,190.00914509284198,19,3,157,1,53,1,Attack_DataExfiltration,1
2,0.07041205082681776,1,0,0,8,24,0.04435248306929976,12.138693392343967,54,11,2,1,1,0,Benign,0
4,0.301421800957606,2,3,0,9,4,0.037703406692459245,3.4067334602005657,89,8,0,12,0,22,Attack_InsiderSabotage,1
3,0.0035845962414905812,0,0,0,2,23,0.2577607466247936,2.728630865449111,29,10,0,0,0,0,Benign,0
1,0.016535061882897294,0,0,0,5,28,0.1572376550289226,0.5786196153749181,32,6,1,1,2,0,Benign,0
2,0.0014758567062331449,0,0,0,8,21,0.44966334550407466,3.5450745196216378,44,15,3,0,1,0,Benign,0
1,0.07086495393158748,0,0,0,8,23,0.025812750010224834,0.9682647196467459,35,12,1,0,0,0,Benign,0
4,0.15173767565992902,0,1,0,4,24,0.19496696020558868,2.6575765429240157,25,9,1,0,1,0,Benign,0
4,0.03762946064388599,0,1,0,3,15,0.279172609648818,19.189273583493225,42,10,2,0,0,0,Benign,0
1,0.00534442132419429,0,0,0,7,26,0.07496103654250673,1.6127567093410635,33,13,2,0,1,0,Benign,0
1,0.14081621097250704,0,0,1,6,22,0.22394906186090854,1.2918224351271743,47,8,1,0,2,0,Benign,0
1,0.06073720014874633,0,0,0,4,24,0.2390552730720675,6.526767900245336,33,11,1,1,1,1,Benign,0
1,0.6962271896364527,5,2,244,621,16,0.6580064819687934,149.4669509749001,18,2,188,1,48,1,Attack_DataExfiltration,1
1,0.10721796633062396,0,0,0,7,24,0.13271879116918303,14.818910479882257,42,8,0,0,0,1,Benign,0
1,0.0005684603261378659,0,0,1,4,23,0.12460497018930612,2.8464666612376837,52,9,2,0,0,0,Benign,0
1,0.015772615440059732,1,0,2,5,19,0.10025571642425397,0.7865257682920175,33,6,1,1,0,0,Benign,0
4,0.01899482180401988,0,0,1,4,25,0.2714922652363683,1.402240251388285,41,11,1,0,0,0,Benign,0
2,0.668954795407262,1,8,247,616,13,0.9156805819067371,337.0355183854931,21,3,162,0,47,3,Attack_DataExfiltration,1
3,0.053560315639553206,0,0,1,3,17,0.0953613740461662,14.020325666279064,45,11,1,1,1,1,Benign,0
1,0.04983208556532259,0,0,0,5,17,0.18494680351820902,5.926811850580553,33,9,0,0,2,1,Benign,0
2,0.0017116919520592715,0,0,0,6,29,0.09114002828756888,3.0553311227885187,46,16,1,0,1,0,Benign,0
5,0.024494522027505707,0,0,0,5,20,0.32847473847499004,1.3188711123536125,38,11,0,1,1,0,Benign,0
1,0.023730496051963042,0,0,0,3,24,0.17566610802851002,4.193683795340665,36,8,2,0,1,0,Benign,0
1,0.15716748127714655,0,0,0,6,28,0.003527116600861118,1.6058805308595792,30,12,2,0,1,0,Benign,0
1,0.02183078558831979,1,0,0,6,23,0.26678520258926947,6.663959399423203,30,10,1,0,0,1,Benign,0
3,0.05258113071618562,0,0,2,3,33,0.0969238881176743,16.23107540121919,31,10,1,0,2,0,Benign,0
2,0.01618132861189925,0,0,0,5,36,0.1333731381486089,0.8289923059618726,35,14,0,0,2,0,Benign,0
3,0.02716829647403671,2,0,0,5,21,0.0652332018946215,1.775934826917889,49,4,1,1,0,0,Benign,0
1,0.0018534663591505296,0,1,0,5,15,0.14985541189348556,7.157439520760556,37,5,4,0,2,1,Benign,0
1,0.6721678165028456,4,7,254,573,16,0.660174544879923,341.15470639712294,20,4,162,1,60,1,Attack_DataExfiltration,1
6,0.028927023248050195,1,0,1,1,26,0.19739585231817722,3.316431196151574,36,10,1,0,2,1,Benign,0
1,0.037346329107647444,0,1,0,4,25,0.08377716492149452,1.5421418463950318,42,14,3,0,0,0,Benign,0
1,0.04331187399675321,0,0,0,4,16,0.26940384705596987,3.780617708055906,42,14,0,0,1,0,Benign,0
1,0.05801931188807038,1,0,0,5,30,0.15218912148271727,1.0474316631844667,47,8,2,0,2,1,Benign,0
6,0.021497672876664323,0,0,1,5,28,0.08465080775862956,6.543251104203112,41,15,2,0,0,0,Benign,0
1,0.015391772809733145,0,1,0,4,23,0.06268756585267526,4.335263937301342,46,8,1,0,0,0,Benign,0
7,0.5599099962742069,1,2,0,12,7,0.022282500675539406,0.14653415601317676,97,5,1,12,0,28,Attack_InsiderSabotage,1
5,0.04435905777998983,1,0,0,7,20,0.09055661151477205,7.473759888215236,38,13,3,0,1,0,Benign,0
1,0.04690582949017658,0,0,0,4,20,0.2727780303875265,1.0216358064885114,31,10,2,0,1,1,Benign,0
2,0.03539120698529246,0,0,0,7,28,0.059423995724348394,2.76627358592263,33,8,1,0,2,0,Benign,0
1,0.0049420979369010415,0,0,1,9,27,0.06906570164142876,3.7104246936162255,37,11,1,0,0,0,Benign,0
2,0.0007292671136679174,0,0,1,6,29,0.13473719654530575,4.035886245930919,36,5,5,0,1,1,Benign,0
3,0.056812337363243544,0,1,0,2,29,0.18097689515866872,7.117946717612112,30,11,1,0,1,0,Benign,0
4,0.021215608465278573,0,0,0,2,23,0.08185497885794793,1.40846783997984,37,10,1,0,3,1,Benign,0
3,0.003576300405876831,0,0,0,1,23,0.10305684682946267,1.0729919595449513,42,20,4,0,3,2,Benign,0
3,0.008511941078240123,1,2,0,4,23,0.10883533127177455,2.993895347339999,43,10,1,0,1,0,Benign,0
2,0.039359429767125344,0,0,0,5,16,0.278174549853525,2.8247022108417164,41,6,2,0,0,0,Benign,0
2,0.029510858089398104,0,1,0,4,21,0.11698277951660739,2.4416627416588583,42,9,2,0,1,0,Benign,0
1,0.59249771802733,3,3,250,598,14,0.8586846874098215,105.22478531401826,19,8,165,1,58,0,Attack_DataExfiltration,1
1,0.018676767297690838,1,0,1,5,31,0.10785400907548602,3.28891206557451,43,12,3,0,1,1,Benign,0
1,0.04546619336510621,2,2,0,9,18,0.06738523991853168,2.3559116527471105,44,8,3,1,0,0,Benign,0
1,0.03538781788514059,0,1,0,9,25,0.21063876854900598,2.563470307307711,37,8,1,0,0,0,Benign,0
2,0.030418919688164247,0,0,0,3,22,0.22559244846095222,6.16798264748645,38,11,2,0,1,1,Benign,0
2,0.03765327725876682,0,0,1,8,16,0.16128488358169982,3.3599222990605364,32,12,2,0,1,0,Benign,0
2,0.2132064142134662,0,1,1,3,22,0.07416668019260014,1.9456606457497834,38,16,2,0,2,0,Benign,0
1,0.03385838269046167,0,0,0,1,24,0.3271659598561392,1.3761152047808523,39,6,0,0,0,0,Benign,0
1,0.0012309610938380643,1,0,0,3,21,0.16987633293510182,2.7141660167531887,50,13,4,0,0,0,Benign,0
3,0.5342498534579023,4,3,261,585,14,0.9102447744213723,103.9076142649296,16,2,155,1,50,2,Attack_DataExfiltration,1
2,0.03026685671250074,0,0,1,6,30,0.13644284778342688,1.852274494075443,48,16,1,0,1,0,Benign,0
3,0.5709074524583846,3,3,272,598,16,0.8717297156824847,176.7021201147862,15,6,178,3,56,0,Attack_DataExfiltration,1
2,0.1406179575610608,2,0,1,5,18,0.3632422080296065,7.713036297555319,50,6,1,0,0,0,Benign,0
5,0.5283114385928386,3,1,0,9,4,0.0688785617771722,8.037612362890803,119,7,2,22,0,22,Attack_InsiderSabotage,1
4,0.006001775427714164,0,0,0,5,26,0.28554958581271356,0.6969143966898956,36,11,1,0,1,0,Benign,0
1,0.005293408357045729,0,0,1,8,22,0.13077166101669888,1.6797842828499723,36,13,1,0,1,0,Benign,0
1,0.006898454294077936,2,0,0,2,26,0.044470976964576636,1.863775564571649,36,13,1,0,1,0,Benign,0
1,0.6367033788579662,5,3,260,638,17,0.8276367842453198,129.19114580105665,13,8,176,2,49,2,Attack_DataExfiltration,1
1,0.0519663728617626,0,0,3,6,25,0.20448742185495625,23.98115159053394,41,6,2,0,2,0,Benign,0
1,0.001712660788515399,0,1,0,5,21,0.11604599843290116,2.055179128600236,44,9,1,0,2,0,Benign,0
4,0.030253985312088352,0,0,0,2,28,0.22939451914943024,1.3285752828088153,44,5,3,0,2,0,Benign,0
1,0.02714247676295983,0,0,1,6,30,0.08220449765713213,2.0561309791724107,35,16,5,1,2,0,Benign,0
1,0.030854283098216494,0,0,1,2,21,0.20248667521884114,19.14882416808253,49,6,1,1,0,0,Benign,0
1,0.03078352422334213,0,0,0,10,25,0.23136563307641456,4.922917181812134,41,9,2,0,2,1,Benign,0
3,0.989797230594989,5,5,250,575,22,0.9000305632874833,235.83324804664872,15,8,155,2,55,2,Attack_DataExfiltration,1
1,0.580636916316069,3,4,265,601,19,0.7114367703123047,142.8413136769852,19,2,186,2,46,0,Attack_DataExfiltration,1
2,0.0030486831090742114,0,0,0,7,24,0.3306579413435603,1.9510133309423974,33,6,2,0,2,0,Benign,0
2,0.03270662503969891,0,0,0,5,14,0.14640628957009874,5.588896411517235,38,10,0,0,0,0,Benign,0
2,0.025533919301211648,0,0,1,4,29,0.4238020972937676,2.451137274863527,35,5,0,0,1,0,Benign,0
2,0.8609286827595951,5,4,258,562,15,0.9447313146884496,109.12687920455285,16,2,176,0,42,0,Attack_DataExfiltration,1
1,0.02028127155028671,0,0,1,6,27,0.2154369938302558,1.88472677761039,51,12,0,0,1,0,Benign,0
1,0.9097629218917593,7,4,274,623,19,0.7037222820422638,280.219393024484,28,4,170,1,48,0,Attack_DataExfiltration,1
4,0.8232787268588233,5,4,253,588,14,0.961250862753605,78.44412823617051,21,2,174,0,40,0,Attack_DataExfiltration,1
3,0.015138832145036958,0,0,1,7,36,0.28922451428964224,5.031782870014285,33,7,0,0,1,0,Benign,0
1,0.21112661951533773,0,1,0,4,27,0.1299482778807058,7.013067255837447,45,8,2,1,1,0,Benign,0
1,0.0003676227001427845,0,0,0,5,31,0.11841329167821382,7.074957090806065,43,10,0,0,1,0,Benign,0
3,0.5357926350234977,5,0,0,12,6,0.14853064800698357,2.991399618187354,110,9,1,12,0,28,Attack_InsiderSabotage,1
2,0.1671467861953983,4,0,0,11,3,0.155807480628407,0.8052470121815661,116,6,1,13,0,16,Attack_InsiderSabotage,1
1,0.06888831862058063,0,0,0,3,22,0.35964610622004173,2.2058746988628295,30,9,1,0,0,0,Benign,0
4,0.06615700690586698,0,1,0,6,24,0.13112817063786883,1.2006983080110456,32,8,2,0,1,0,Benign,0
1,0.06218219925471915,1,0,1,7,16,0.11020333651885406,2.5275750284405225,38,6,2,0,0,1,Benign,0
1,0.016379215474034165,0,1,1,4,26,0.3166191123393367,2.0069823860468627,35,7,0,1,1,0,Benign,0
4,0.012744437209026512,0,0,0,11,19,0.2724677374330705,1.2593837396132561,32,11,1,0,1,0,Benign,0
1,0.08655300207538183,1,0,1,8,21,0.22100092532741822,8.76439038762285,50,13,1,1,3,1,Benign,0
1,0.027965837098698126,2,0,1,3,18,0.11417892551028215,5.00072645720837,45,14,2,0,1,0,Benign,0
1,0.0825774977016757,1,0,1,1,27,0.1391768545004164,1.5242404472020716,49,13,2,0,2,0,Benign,0
2,0.04673643369635041,1,0,0,3,33,0.23516048953358956,4.689986651735322,40,15,1,0,4,0,Benign,0
3,0.15928642658156467,0,0,0,3,14,0.1013117597329379,5.159825383160011,37,15,1,0,0,0,Benign,0
1,0.026028669382186526,0,0,1,8,24,0.233168769914233,5.985060935892768,44,11,2,0,2,1,Benign,0
1,0.890859351460771,1,6,253,635,15,0.8280975648395525,192.97948445121656,15,6,159,3,45,2,Attack_DataExfiltration,1
4,0.037183728061154664,0,1,0,6,20,0.24462545428010277,0.49540886225915676,41,12,3,0,4,1,Benign,0
1,0.006774336080288546,1,0,2,5,20,0.04464246928152416,2.6849404234497984,55,6,4,0,2,0,Benign,0
1,0.035361269973763,1,0,1,6,27,0.17362393926916259,0.9226194040623071,45,15,3,0,1,1,Benign,0
4,0.0728175891521794,1,0,0,5,31,0.22058801057927707,2.7019901551034007,42,16,1,0,1,2,Benign,0
1,0.0758881643513829,1,1,0,5,25,0.10584766615072547,16.285660164602337,39,9,3,0,0,0,Benign,0
11,0.5627254312300795,5,0,0,6,4,0.037112354217208814,0.4686124319252871,103,7,0,14,0,17,Attack_InsiderSabotage,1
3,0.03785270599406145,0,0,0,3,24,0.17768755472068365,0.7650840146717431,41,11,5,0,2,1,Benign,0
1,0.03599561611583214,0,0,0,2,40,0.05553524937677921,5.951049711844104,24,9,0,0,1,0,Benign,0
2,0.011690692228927078,0,1,0,4,15,0.19360446426112102,2.890605950370277,36,11,2,0,1,0,Benign,0
2,0.023046095179989144,0,0,0,4,17,0.11531068338621661,1.1778260519976198,40,16,0,0,2,0,Benign,0
4,0.14799095932085,0,0,1,6,26,0.08596854473200984,3.032818311914647,30,10,1,0,4,1,Benign,0
3,0.18070037857818647,0,0,0,8,17,0.21123995821068875,6.707956178510975,39,8,1,1,1,0,Benign,0
5,0.565495269193696,4,0,0,7,3,0.024856877156594206,0.2069662136576353,98,8,0,18,0,19,Attack_InsiderSabotage,1
2,0.1387855427927143,1,1,0,4,13,0.2302588310440156,1.9786465776289697,33,5,0,0,0,1,Benign,0
0,0.48428816392546725,3,1,0,14,3,0.1139981964229846,5.3156834006330005,102,2,3,16,0,17,Attack_InsiderSabotage,1
1,0.1307441982159044,0,0,0,4,31,0.04650288324440265,2.840012676910141,44,6,1,0,2,0,Benign,0
2,0.707266735036355,3,8,247,611,14,0.6986543331449548,147.09325557903082,14,5,166,4,49,1,Attack_DataExfiltration,1
2,0.040488345643993714,1,0,0,5,16,0.3644412614644082,3.8299938001034,34,11,5,1,1,0,Benign,0
1,0.0900923574689269,0,1,0,5,13,0.1637838680196119,5.999216874339986,38,7,3,0,0,0,Benign,0
4,0.025951412034908063,0,0,1,5,30,0.07943204346047486,7.669902628448833,39,10,3,0,0,0,Benign,0
4,0.6939179388977776,4,4,265,560,14,0.6002769213210001,176.93459903007454,19,5,161,0,48,1,Attack_DataExfiltration,1
1,0.02927091462728336,1,0,0,9,26,0.08039856707235432,11.17123876069949,48,9,5,0,0,0,Benign,0
2,0.09304121096192944,0,0,2,3,28,0.049936040377121065,5.845026534137894,35,10,1,0,0,0,Benign,0
4,0.048387884263695856,1,0,0,1,21,0.13357457105436035,6.994111634412151,36,8,4,0,0,1,Benign,0
1,0.01056049761850528,0,0,0,4,22,0.12172914379676009,4.075982553742083,29,19,2,0,1,0,Benign,0
1,0.01297255554289425,0,0,1,1,28,0.00240635255864113,0.09725328636537091,28,8,0,0,0,0,Benign,0
1,0.007749490159201507,0,0,0,5,27,0.04017775508651011,3.9923681983103663,34,8,1,0,0,0,Benign,0
6,0.51206920734353,1,0,0,10,6,0.13381536016432968,1.8252422223759306,111,7,0,12,0,18,Attack_InsiderSabotage,1
1,0.002263031672486759,0,0,0,3,30,0.07668979697504742,4.350700573563312,39,7,0,0,1,0,Benign,0
1,0.027688160205984465,1,0,0,7,32,0.34463774612126113,3.329191318450813,42,11,3,0,2,0,Benign,0
3,0.06416368266816722,0,0,1,5,28,0.04837704016676602,6.337237268581257,27,10,1,0,3,2,Benign,0
1,0.04067710320415055,1,0,2,6,18,0.0756868013836399,8.73741502900937,49,10,2,0,1,0,Benign,0
2,0.049562141328836136,0,0,0,3,27,0.04867288545776185,0.1819049792485417,38,18,0,1,2,1,Benign,0
1,0.049566284118258204,1,1,1,5,19,0.14321973797166188,8.820446749578526,48,11,3,0,2,1,Benign,0
1,0.011893199568579711,0,1,0,3,17,0.035918545499404875,3.404689487543428,31,8,2,0,0,0,Benign,0
2,0.07553761505064403,0,0,1,4,30,0.239470328685439,2.6735854085536,45,13,0,0,0,0,Benign,0
2,0.03222024642097405,0,0,2,6,24,0.06311339038496928,5.3630187717444215,45,8,4,0,0,0,Benign,0
2,0.012365988623653023,0,0,0,8,22,0.08809964702953314,1.869221395051177,31,9,3,0,0,0,Benign,0
1,0.08041064047678938,1,0,0,9,17,0.08103431660617981,1.0826422841762513,42,11,1,0,0,0,Benign,0
2,0.005083017379005506,0,0,0,1,27,0.05464214321258769,2.676131795128371,48,14,2,0,1,0,Benign,0
2,0.01745677244074083,0,0,1,4,25,0.09095459866999368,1.5451094106524208,40,14,2,0,0,0,Benign,0
1,0.11698833335980481,0,0,0,2,24,0.22062580228598494,1.9471970289351903,44,11,5,0,1,0,Benign,0
3,0.1089355407208215,0,0,0,3,25,0.19418672701028228,9.186144723232804,30,14,2,0,0,0,Benign,0
2,0.08057085468579091,1,1,0,2,19,0.3194663859143802,15.32538211904057,48,8,3,0,0,1,Benign,0
1,0.013812392642506643,0,0,0,7,23,0.1430055324668637,2.0949560417681763,34,6,4,0,0,1,Benign,0
2,0.1514416024736145,0,0,4,10,26,0.02601421825240623,0.5365992874674763,40,11,3,0,1,0,Benign,0
1,0.06261286174743726,0,0,0,3,27,0.27990013320679635,2.4301630336287454,46,16,1,0,3,0,Benign,0
1,0.07327807295173008,0,0,1,3,31,0.09465548007523189,3.4483396144659517,38,12,0,0,2,0,Benign,0
1,0.03348847517435068,0,0,0,5,22,0.07660053938123018,5.7246584952303365,47,7,1,0,0,0,Benign,0
1,0.11038535416919687,0,0,0,5,18,0.2636686514106665,1.4207497360479502,34,9,1,0,1,1,Benign,0
2,0.019758756579930255,1,0,0,4,27,0.002166863891794956,1.997722971738169,39,12,3,0,1,0,Benign,0
5,0.5822242121849402,1,0,0,12,1,0.15649894710200132,0.6155271890787812,97,3,1,6,0,19,Attack_InsiderSabotage,1
1,0.07666787261179822,0,0,0,6,18,0.31805228887884274,4.075423325606836,34,10,3,0,1,0,Benign,0
1,0.021603396077242897,0,0,2,4,27,0.14509454259839477,1.6777252560681777,47,11,3,1,0,0,Benign,0
1,0.46609513906296146,1,1,0,13,0,0.003808778047601252,0.7298462442571506,104,5,1,9,0,21,Attack_InsiderSabotage,1
1,0.019546944784064813,0,0,1,8,29,0.31392874299425017,2.2145261337181257,43,12,4,1,0,1,Benign,0
1,0.3538342805084051,3,1,0,4,6,0.021505348281519898,1.5952679186966692,118,4,1,18,0,18,Attack_InsiderSabotage,1
1,0.08602079661154631,0,0,0,7,35,0.07978032777422467,2.0626787845054606,42,13,1,0,0,0,Benign,0
3,0.011455361715678616,0,1,0,3,33,0.11237382315581272,8.631581161986565,38,8,4,0,2,1,Benign,0
1,0.0471443292689525,0,0,1,4,21,0.042642867795093346,0.46195767043903957,39,17,0,0,1,0,Benign,0
4,0.03746868925482048,1,0,0,3,29,0.20541828472776136,2.2786048384169915,37,13,0,0,0,0,Benign,0
2,0.0538405339694064,1,2,0,5,21,0.13416259512822623,0.7596077892653442,34,3,2,0,1,0,Benign,0
1,0.18604448913450816,0,0,0,3,33,0.1313913565236617,2.8076944368603094,49,11,2,0,1,0,Benign,0
3,0.011274654407772075,0,0,0,2,31,0.1842525421209749,4.840091783350616,28,11,3,0,1,0,Benign,0
3,0.32549772288996226,2,0,0,13,1,0.0503148029113622,0.4454195614082599,111,3,0,19,0,19,Attack_InsiderSabotage,1
2,0.01631765848239837,0,0,1,7,21,0.09522747768499232,2.9700118541347496,30,9,1,0,0,1,Benign,0
1,0.11054176745890915,0,0,0,3,29,0.39107773278837493,3.5789643599636682,37,11,2,0,3,0,Benign,0
1,0.6654101400776053,8,4,240,566,14,0.7017569699229119,119.43939433527117,11,3,150,0,56,1,Attack_DataExfiltration,1
3,0.522355813674575,2,1,0,11,4,0.11821914848252524,0.45436991319774894,102,4,2,21,0,16,Attack_InsiderSabotage,1
1,0.08358367951797195,1,0,0,8,24,0.491877041093319,52.702586131969674,53,17,1,0,1,1,Benign,0
6,0.4980843994108531,1,1,0,15,3,0.07232171309395923,0.9747533439938616,89,7,1,17,0,22,Attack_InsiderSabotage,1
4,0.055863102379134846,0,0,2,9,30,0.09866059740831411,4.110267504955536,34,21,4,0,1,0,Benign,0
1,0.0572321499300008,0,0,1,4,27,0.23368470789216716,5.427884321981634,43,10,2,1,0,1,Benign,0
2,0.019669682255035632,0,0,0,11,28,0.22463501132062297,1.9387546919762504,38,15,1,0,1,1,Benign,0
1,0.0050934152993760565,1,0,1,8,31,0.1052890810823692,1.3123060651813034,39,9,3,0,1,1,Benign,0
1,0.004969535125342574,0,0,0,4,26,0.1061427825541146,1.5550431186234328,38,7,2,0,2,0,Benign,0
2,0.06730625331409582,0,1,0,5,28,0.1155108206395049,17.798977116928313,37,15,2,0,0,2,Benign,0
1,0.026857323569238555,1,0,1,5,22,0.19622543598578965,3.0649967329743566,42,12,0,1,3,0,Benign,0
2,0.09879524252215802,0,0,0,3,29,0.15333523968287438,2.0989772237245887,43,14,1,0,0,0,Benign,0
1,0.0008470964903511413,0,0,0,2,34,0.39920947294409054,3.44497028443717,41,16,2,0,1,2,Benign,0
1,0.4847620533599777,7,5,246,609,11,0.827283266509372,314.57435629492005,17,6,181,3,50,1,Attack_DataExfiltration,1
1,0.006219330556091439,0,0,1,8,25,0.08116544236889228,2.916296754773411,38,15,0,0,1,0,Benign,0
1,0.04160644655727784,0,0,1,6,26,0.013799054847391443,3.1511631085891847,43,10,3,0,1,0,Benign,0
1,0.04442301537555529,0,0,0,5,19,0.08482752671383034,5.681889496957901,46,7,1,0,1,0,Benign,0
1,0.07849375813354216,0,0,1,4,18,0.2585983113053227,2.099092686345401,30,7,3,1,1,1,Benign,0
2,0.2358204736947316,4,2,0,11,7,0.2910234195641288,0.4437694939141629,81,3,1,16,0,26,Attack_InsiderSabotage,1
1,0.04620212569598533,0,0,1,6,18,0.26130212221393484,4.119123230167468,47,17,1,0,1,0,Benign,0
2,0.8657666463883952,3,4,253,554,11,0.8566705497088292,118.67046689143287,17,7,173,2,49,0,Attack_DataExfiltration,1
1,0.09834368752920883,0,0,0,2,28,0.09838777915666551,1.1481658817754008,46,7,3,1,1,2,Benign,0
1,0.0073913924516872025,1,0,2,5,22,0.06526969793802928,2.1901367045342184,40,12,6,0,1,0,Benign,0
1,0.017170509073139387,0,1,0,7,30,0.0732039305135157,1.8045789282561018,38,7,2,1,2,0,Benign,0
2,0.3024913810686763,0,0,0,5,22,0.19791921693954198,3.4467004870366678,41,10,1,2,1,0,Benign,0
4,0.00039083462201716494,0,0,1,8,29,0.3455716136450291,4.98350887885676,42,12,2,0,0,0,Benign,0
1,0.01790914631915324,0,0,0,8,25,0.05413805835452642,4.586552733695602,41,5,3,0,3,0,Benign,0
5,0.5205968843826873,4,1,0,10,7,0.002738148833830208,0.4426163348040325,101,5,1,12,0,17,Attack_InsiderSabotage,1
2,0.03671372421313137,1,0,0,8,27,0.11674799888764995,1.564478300433358,36,14,0,0,1,0,Benign,0
1,0.7645678058825298,4,4,254,619,14,0.767567850623363,144.50852328320337,21,5,184,1,46,2,Attack_DataExfiltration,1
1,0.04315245575378566,1,1,2,1,32,0.041376777519132955,0.7596919617036803,33,14,1,0,0,1,Benign,0
2,0.05117154804726826,0,0,1,5,23,0.06548815739542525,0.764486492380014,41,13,1,0,1,0,Benign,0
1,0.6780504958185162,5,3,246,558,20,0.8164638853639115,108.69094762847705,26,4,181,0,39,0,Attack_DataExfiltration,1
1,0.07622765840742489,0,0,2,5,26,0.034843016193321016,2.6267566033109597,34,8,1,0,1,0,Benign,0
1,0.008725859784281977,0,0,0,11,24,0.18897289096817518,2.154645825954385,36,5,0,0,2,0,Benign,0
1,0.03951443543778316,0,1,0,3,32,0.15590330709352856,14.622518808072881,37,13,2,0,1,0,Benign,0
1,0.12412750878827795,0,0,1,7,23,0.03484251253922098,0.3995383252096313,46,8,3,0,1,0,Benign,0
3,0.09513708297877349,0,0,0,7,24,0.12313740347389518,7.774118751457006,31,12,0,0,0,1,Benign,0
1,0.12605751731207715,0,0,0,10,30,0.11465138878674452,4.723214774300119,35,14,3,0,2,0,Benign,0
1,0.1383783704826372,1,0,0,9,27,0.05843994353778775,1.3262897017337918,42,12,2,0,1,0,Benign,0
1,0.016721422197989895,1,0,0,8,26,0.17641304477065342,2.657623974748439,37,14,7,0,1,0,Benign,0
2,0.0713652060350173,0,0,1,6,19,0.05014616873850921,4.7407033771858424,33,4,2,0,0,0,Benign,0
1,0.12182939540345292,1,1,0,4,25,0.12317499638948334,1.116498780497153,34,13,3,0,1,0,Benign,0
3,0.04287128419427529,0,0,0,4,28,0.24252428256953684,1.2375924355893224,41,6,1,0,0,1,Benign,0
1,0.022417796826877077,0,0,2,3,31,0.1142355524459128,7.40210608695462,30,9,1,0,0,0,Benign,0
1,0.03498808595249335,0,1,0,7,27,0.03430090041450464,0.5795123980962308,26,13,0,0,1,0,Benign,0
1,0.039215896260086314,0,0,2,3,28,0.3326179043434776,2.2802474004317155,30,12,4,1,2,0,Benign,0
5,0.44313963231821907,5,0,0,11,7,0.024026566171790727,0.22808946367726976,99,3,1,19,0,15,Attack_InsiderSabotage,1
1,0.705401931983656,4,11,235,655,18,0.6962258795626665,112.50290267500702,27,8,193,4,36,2,Attack_DataExfiltration,1
2,0.5256240627563471,2,1,0,9,5,0.007900485700095577,0.1221102156774286,90,7,4,10,0,17,Attack_InsiderSabotage,1
4,0.03372035682682207,1,0,0,4,27,0.2960130801926121,1.1059061131394612,49,9,1,0,0,0,Benign,0
1,0.003437289841801249,1,0,0,5,36,0.1607383245613899,1.0416201935030915,39,7,0,0,3,0,Benign,0
1,0.21014583909819937,1,0,0,8,27,0.21277989386372984,1.8584418585522489,39,14,0,0,1,0,Benign,0
1,0.060086582512071336,0,0,0,5,25,0.0621340523288585,0.9891855555903436,47,8,2,1,1,0,Benign,0
2,0.026632330432034793,0,0,0,6,20,0.057622753950308164,1.0055576737430925,48,8,4,0,0,0,Benign,0
1,0.04826082286669226,0,0,0,6,21,0.21339420753067578,6.740932915371374,33,9,5,0,1,0,Benign,0
1,0.03543228363191195,0,0,0,3,27,0.05486737187768247,4.112993617555007,32,10,0,0,3,0,Benign,0
2,0.029404003153606622,1,0,0,11,25,0.0871409665962457,0.7481570469196828,45,12,1,0,0,0,Benign,0
1,0.017426733238328898,0,0,0,5,25,0.12079456680801698,5.426288814658126,37,9,0,0,0,0,Benign,0
1,0.029702385625518288,0,0,1,3,28,0.14334858604321993,1.1268363720672863,40,7,4,0,2,0,Benign,0
2,0.016422532772578817,0,0,0,2,28,0.010751855493989054,3.487194505351844,38,10,2,0,1,1,Benign,0
1,0.010513583025751148,0,0,0,6,26,0.03640267198448993,0.8477665730831117,42,15,3,0,3,0,Benign,0
1,0.7897499196397283,4,5,251,601,14,0.7105517232591116,63.70467784383488,12,4,152,1,51,1,Attack_DataExfiltration,1
3,0.042134925561932136,0,0,2,3,29,0.3402089077333061,0.5591067733030262,37,9,2,0,0,1,Benign,0
1,0.02040645612184673,0,1,0,5,21,0.3459474949448127,0.36085508830338947,42,8,4,1,2,0,Benign,0
1,0.004854088694435512,1,0,0,5,27,0.46193326663030415,1.8607945910381452,49,6,0,0,2,0,Benign,0
1,0.08128681737703819,0,0,0,5,29,0.07346727248167548,21.419983093662832,41,10,3,0,0,0,Benign,0
1,0.011960591337452458,1,0,2,5,28,0.2611779463652367,5.428665814910089,41,7,1,0,1,1,Benign,0
2,0.036184024334001655,0,0,0,2,23,0.10101094745151415,13.762548275200361,41,8,2,0,0,0,Benign,0
13,0.459275354120713,1,0,0,5,4,0.08555258467992713,0.628795452948377,88,6,3,12,0,14,Attack_InsiderSabotage,1
1,0.02160226356055994,0,0,0,6,27,0.13223887424421002,1.347892983695273,42,11,5,0,0,0,Benign,0
1,0.0923381374338839,0,1,1,7,20,0.1334186246617718,0.7416288715989121,40,12,1,0,1,0,Benign,0
4,0.03213391123891475,0,0,0,5,27,0.0007408543480329992,3.8272016193377514,36,13,1,1,0,0,Benign,0
2,0.07865101994680057,0,0,1,5,26,0.16598906833465382,0.5157632540007991,31,16,2,0,1,0,Benign,0
2,0.02596327446075838,0,1,1,8,20,0.0504719236300415,7.771160045390691,42,12,3,0,3,0,Benign,0
1,0.005904861925750704,0,0,0,2,29,0.029448741966382187,3.273368235033957,51,7,1,0,0,1,Benign,0
1,0.7185957269762498,5,9,257,566,15,0.8249651259835726,53.36992280318698,18,1,180,0,51,0,Attack_DataExfiltration,1
2,0.011937581650740388,0,0,1,6,27,0.1209801618008178,2.2729727879080923,44,13,1,0,1,0,Benign,0
1,0.10086077110264095,0,0,0,8,21,0.14228826653044127,6.239395527870223,33,8,3,0,1,0,Benign,0
1,0.010817823066567889,1,0,0,6,21,0.14103314253699983,0.36581023588495465,40,8,2,0,1,0,Benign,0
1,0.06349583716671593,0,0,0,1,20,0.2253294515130717,2.4378535076482897,39,10,2,0,0,0,Benign,0
2,0.08347093693971368,0,0,1,7,17,0.20370160663649714,6.549548545119992,43,10,4,0,0,0,Benign,0
1,0.14321401772808412,0,1,0,5,27,0.051567577326383264,1.922600788267022,45,5,0,0,1,0,Benign,0
1,0.09216465299163054,0,0,0,7,26,0.13153575560818065,1.1311214281066417,48,13,2,0,2,0,Benign,0
1,0.020059675297854778,0,0,1,7,22,0.22409475712994484,1.0651092178278128,27,11,0,0,1,0,Benign,0
1,0.11484169114663503,0,0,0,3,18,0.21151907307515672,1.2045963883323223,44,12,1,0,2,1,Benign,0
2,0.04016959401023649,0,0,0,4,28,0.169232808000311,14.519070181857137,43,16,8,0,1,0,Benign,0
1,0.04299447670107577,0,0,0,5,37,0.13596437715212853,1.1617398463324542,44,7,3,0,1,0,Benign,0
1,0.02050683031118404,1,0,1,6,21,0.033569960199449966,2.0032643093750138,39,18,0,1,3,0,Benign,0
1,0.10191803442042083,0,0,0,6,28,0.12515240693747384,0.8001924206725658,50,10,3,0,1,0,Benign,0
2,0.020947127375916936,0,0,4,2,21,0.13590661171867735,1.6088840954156558,29,11,2,0,2,1,Benign,0
2,0.004158542255759635,1,0,0,6,24,0.0747486112772507,2.4551188927534473,40,8,1,0,0,0,Benign,0
4,0.9159227223301248,5,7,236,564,15,0.9373095063226069,106.05407838700336,13,7,170,0,53,2,Attack_DataExfiltration,1
1,0.04454505453373746,0,1,0,11,22,0.14280731602739766,7.063832103439775,36,15,2,0,3,1,Benign,0
2,0.004914419009744029,0,1,0,5,22,0.19581027842546642,2.684951184881117,39,12,3,0,0,1,Benign,0
2,0.03387100313615758,0,0,0,2,30,0.181768224177762,0.8025325953572834,56,8,5,0,2,0,Benign,0
1,0.4786462208588709,5,5,254,583,11,0.8659980480326267,312.2853525064748,13,5,160,1,50,2,Attack_DataExfiltration,1
1,0.03902865277183781,0,0,0,5,27,0.040122160461394725,1.8877245811531296,37,5,1,0,0,0,Benign,0
2,0.003875675940447374,1,1,0,7,22,0.09409803990802,109.27060772377914,43,7,2,0,0,1,Benign,0
1,0.04126016505114637,1,0,1,3,38,0.06389074527167396,13.538485553590913,34,13,5,0,1,0,Benign,0
5,0.3809339044284078,2,2,0,11,9,0.07293343725837326,2.950648038758755,99,7,2,17,0,21,Attack_InsiderSabotage,1
1,0.6730176387326899,6,5,258,601,18,0.5773221120470371,65.38847317699039,19,5,160,2,47,0,Attack_DataExfiltration,1
4,0.6255743415432335,4,1,0,11,3,0.03149071075736819,0.39712655503108263,106,10,1,15,0,17,Attack_InsiderSabotage,1
1,0.013676087185138177,0,0,2,3,20,0.060305047858480176,2.5887256442796813,45,9,3,0,1,0,Benign,0
2,0.8327821550359997,9,9,262,585,15,0.8537083528015337,78.4961582103836,17,9,153,1,41,0,Attack_DataExfiltration,1
6,0.018164133424023024,1,0,0,4,18,0.4356037579990942,6.83891692221691,49,10,2,0,2,0,Benign,0
1,0.011781447172293921,0,1,0,2,26,0.2123824940907896,9.235803628368766,48,13,1,0,2,1,Benign,0
1,0.03394815618831535,0,0,0,4,20,0.16520934035888996,0.8785413960287016,42,15,5,0,0,0,Benign,0
1,0.030993795402314277,0,2,0,3,19,0.04466579008917694,1.5869710502480923,53,12,3,0,1,0,Benign,0
1,0.025277432022695678,0,0,0,3,20,0.29856390880489736,6.638509868786979,46,9,4,0,1,0,Benign,0
1,0.6170409590830748,2,7,236,598,19,0.8701164417612893,113.95456452439177,23,4,165,0,44,2,Attack_DataExfiltration,1
3,0.03225611016729331,0,0,1,3,31,0.14845359747891965,0.8636257881484961,43,12,2,0,1,1,Benign,0
1,0.03341027676638763,1,1,0,7,22,0.1843974944650173,1.6652568124289637,53,12,1,0,1,0,Benign,0
2,0.08429425795500493,2,0,1,3,20,0.1313804146999435,4.540792887860409,39,12,4,0,0,0,Benign,0
1,0.004774016071834023,0,0,1,6,33,0.1434059000147396,3.2015539599141083,39,5,2,0,0,0,Benign,0
4,0.010355076340663367,1,0,1,4,37,0.1611242157269453,0.5606775996929864,38,7,3,1,0,0,Benign,0
2,0.0012878403561306913,0,0,0,7,25,0.07029855606772774,3.663927722829414,34,11,4,0,0,1,Benign,0
1,0.008007484912766361,0,0,0,5,29,0.036927287063812854,4.34754230485798,32,9,3,0,1,0,Benign,0
1,0.7232483328820759,10,6,236,609,18,0.7963679069116619,84.91680709863249,18,5,155,3,53,0,Attack_DataExfiltration,1
2,0.0006481205209008344,0,0,0,5,20,0.19503374497901427,2.96195990968194,49,11,4,0,2,0,Benign,0
2,0.021025867642766757,0,1,0,4,27,0.48754387186394454,1.95933915295359,33,9,3,0,2,0,Benign,0
1,0.03775046176031191,0,0,2,6,17,0.08661726569279973,1.9602720751907607,35,6,1,0,1,0,Benign,0
1,0.01961736609148452,0,0,0,7,26,0.15815898405155282,1.9356506584156228,40,6,3,0,0,0,Benign,0
1,0.029621895692915526,1,0,0,5,16,0.08017326591410937,0.63495367797787,39,7,2,0,2,1,Benign,0
1,0.11977851287366031,0,0,1,2,18,0.06361018374448729,2.4467107028293515,42,5,3,0,0,0,Benign,0
1,0.009317416633639284,0,0,1,10,16,0.11282274976848122,5.1874177344451295,38,9,0,0,1,0,Benign,0
2,0.0034946266826674055,0,0,0,4,27,0.04666663045371335,4.142986357638176,34,7,1,0,0,1,Benign,0
1,0.00465705517544468,0,1,1,4,21,0.036662362394736095,4.454520296401001,45,14,3,0,1,0,Benign,0
1,0.017338302097969015,1,0,0,5,28,0.13071118717013008,2.9380789637551437,33,12,3,0,0,0,Benign,0
1,0.08814744590625638,0,0,0,2,19,0.24596742980784345,5.953697045858358,34,17,2,0,0,0,Benign,0
1,0.02174837311067117,0,1,2,1,20,0.08462405195974544,1.3457469525721475,34,11,1,0,0,0,Benign,0
3,0.618407824054764,8,4,233,623,10,0.670830746229144,277.8053604890626,24,5,174,2,46,0,Attack_DataExfiltration,1
1,0.010207089075765344,0,0,0,6,21,0.23315347885023727,2.471632579254903,53,9,2,0,0,0,Benign,0
3,0.2976077518350163,4,2,0,6,5,0.0032250151218229973,3.1148036446303506,108,8,2,17,0,26,Attack_InsiderSabotage,1
1,0.04246778876470277,0,1,0,9,32,0.1817606420082981,11.799367262104472,40,7,2,0,0,1,Benign,0
1,0.8759012148669798,3,6,240,631,13,0.7504040881401748,281.8352138109892,25,4,189,1,50,1,Attack_DataExfiltration,1
1,0.8814178897686259,7,4,246,593,19,0.8108857878301592,204.25204604846118,13,4,171,0,58,0,Attack_DataExfiltration,1
4,0.13803440448628304,0,0,0,4,22,0.4210691663096777,2.37753490146851,40,8,4,0,0,0,Benign,0
1,0.013910350575802723,0,0,0,5,30,0.15141266875493478,2.2034953528957613,40,10,3,0,1,2,Benign,0
1,0.09688493559036407,0,0,1,8,26,0.406768093525981,0.8258162690808692,43,14,1,0,0,0,Benign,0
1,0.0019234864798666582,0,0,0,9,30,0.0655168839147148,0.6450157269121084,33,5,3,0,0,0,Benign,0
2,0.030671178993367586,1,1,2,5,14,0.2977642290584808,3.114021733892393,27,10,0,1,0,0,Benign,0
2,0.046423021051203266,0,0,1,3,18,0.11809096452767816,6.2385719404404,46,8,2,0,0,1,Benign,0
1,0.002814143747524965,0,0,1,8,29,0.286632754668459,0.5770291939972703,39,9,0,0,0,0,Benign,0
4,0.6271273351059125,0,0,0,10,6,0.058094312449185156,1.0796108827751354,108,3,1,15,0,20,Attack_InsiderSabotage,1
1,0.05630982289465026,0,1,0,5,26,0.3659260691437563,1.0700776849318567,35,14,2,0,1,0,Benign,0
1,0.017988617201108385,0,0,0,4,34,0.11395998146214088,5.139017309630586,44,9,1,0,0,1,Benign,0
1,0.01972218023069167,0,0,0,7,22,0.10044873616033013,4.31621290483249,38,7,3,1,2,1,Benign,0
2,0.00982847754343647,0,0,0,4,28,0.1613726072990378,0.43673437579694346,40,10,0,0,1,1,Benign,0
2,0.009810431888969443,0,0,0,4,26,0.10574112487126953,7.823954669452969,48,14,4,1,2,1,Benign,0
1,0.09811969653525869,0,0,1,4,14,0.34979807880333275,1.1650755120216891,28,8,2,0,1,1,Benign,0
2,0.07015745996014591,0,0,0,7,25,0.07790803611655253,1.1243042736243418,49,8,3,0,2,1,Benign,0
3,0.5197926741555204,2,6,268,608,9,0.7836946976644514,145.1757109009318,30,5,158,2,44,1,Attack_DataExfiltration,1
1,0.18247788671936555,0,0,0,4,32,0.15275017866074767,0.6255650432543067,39,11,0,1,1,0,Benign,0
3,0.04404513912815759,0,0,0,11,29,0.2356587615331692,4.246923656428325,38,6,1,0,0,0,Benign,0
2,0.009103825984905512,0,0,1,7,21,0.06573275926196799,4.2451032312385335,30,10,1,0,2,0,Benign,0
1,0.8483873660429684,8,7,244,618,26,0.8875050604119781,138.23224910799908,23,5,196,0,53,0,Attack_DataExfiltration,1
2,0.06733839502919728,1,1,0,5,18,0.09943133558314952,1.0727621844175732,37,12,2,0,1,0,Benign,0
1,0.0660620638585472,1,1,1,2,29,0.25295768637797605,7.401765185715012,43,13,3,0,0,1,Benign,0
2,0.0573653985806397,0,0,1,2,25,0.0472671991920497,27.364182863767066,30,7,1,0,1,0,Benign,0
2,0.19197106921589618,0,2,0,14,3,0.11419716943754722,2.315532887516091,97,7,0,14,0,20,Attack_InsiderSabotage,1
1,0.05987259738271088,1,1,0,3,22,0.057376314257617925,2.0065876647231544,43,14,2,0,1,0,Benign,0
1,0.022147897434676996,0,0,3,5,22,0.07231765714198775,2.5162420759069586,31,5,1,0,2,0,Benign,0
2,0.17928202490046,0,0,0,3,24,0.3196449614528055,14.140211571512802,40,8,0,0,1,1,Benign,0
2,0.906460729250357,8,4,265,580,14,0.7162020590901225,121.91912399139733,12,5,195,1,45,2,Attack_DataExfiltration,1
1,0.034835709088088154,0,0,0,4,36,0.1659877283886555,1.6568074570167406,36,5,3,0,1,0,Benign,0
1,0.02904242040646014,0,0,1,8,20,0.054230904758158685,13.787120538825665,32,11,1,0,0,0,Benign,0
4,0.5358494395573428,3,1,0,9,4,0.040986773015699,1.251838533215527,98,10,0,15,0,18,Attack_InsiderSabotage,1
2,0.9319675771784312,4,5,258,635,15,0.8042617535473368,188.4718063698934,20,1,202,0,47,2,Attack_DataExfiltration,1
1,0.041279415222957326,0,0,0,6,25,0.40218390881816496,5.050147947927715,42,8,3,1,0,0,Benign,0
2,0.005753119128299816,0,2,0,4,33,0.07716031832417343,1.0757554495187325,38,10,4,0,1,1,Benign,0
2,0.03111684679326861,1,0,1,6,27,0.105256538508473,1.4513183681212187,46,10,3,0,1,1,Benign,0
5,0.7475193343159028,4,4,245,587,18,0.5981737030077807,126.68039589404782,14,7,176,1,56,1,Attack_DataExfiltration,1
4,0.6768850949521689,3,0,0,9,5,0.028025939307450978,1.5723159018328534,97,4,2,9,0,24,Attack_InsiderSabotage,1
1,0.016656266416281276,1,0,2,4,26,0.15987138767864056,1.4925806535118338,35,5,2,0,0,0,Benign,0
1,0.03740956488161087,0,0,0,6,27,0.16751100818030867,4.188061822675879,34,12,1,0,0,0,Benign,0
3,0.01114165367946387,0,0,0,5,24,0.08459319262090237,3.276033257321738,32,8,3,0,3,0,Benign,0
1,0.14141124419913953,0,0,0,2,21,0.09193014144905663,1.100553785950159,38,11,2,0,1,0,Benign,0
1,0.013803837958787896,0,0,0,7,32,0.14260676393953756,2.741199559803977,41,9,3,0,1,0,Benign,0
1,0.6640708584535117,4,13,246,582,11,0.5387805143681403,193.6572020558771,21,4,166,0,53,1,Attack_DataExfiltration,1
1,0.04214794010154993,0,0,0,7,20,0.03665954177669843,1.9334545364948328,36,6,1,0,0,1,Benign,0
1,0.03177529513363219,0,1,0,5,24,0.309357750055414,0.5693229524157005,36,14,1,1,1,0,Benign,0
4,0.04483018444009258,0,0,0,2,22,0.09397012752661507,3.9538748966542965,29,12,0,0,1,0,Benign,0
1,0.06729302919362265,0,0,1,3,18,0.1833014786926935,5.020863833793625,38,13,2,0,3,0,Benign,0
1,0.06277036217368832,0,0,1,7,28,0.26968966314397724,1.2489736793414177,28,6,1,0,0,0,Benign,0
5,0.0027797470334382348,0,0,0,6,30,0.14048327455201262,1.6840732383481898,39,4,0,0,0,1,Benign,0
2,0.027883477263482368,0,1,0,4,21,0.27357399950956335,1.9312807781816623,44,8,1,0,0,0,Benign,0
4,0.06758877736666284,0,1,1,6,16,0.14315884361646455,4.0839243274772485,50,8,3,0,0,0,Benign,0
1,0.07180071045984139,0,1,0,5,24,0.24325629934616202,1.179259051878154,36,10,3,1,1,0,Benign,0
1,0.04816540563262646,0,0,0,6,29,0.19653447070413002,1.6351132940940314,36,16,1,0,1,0,Benign,0
1,0.027192581836799956,0,0,1,8,22,0.08765352737267731,1.1459315327969486,36,14,2,0,2,0,Benign,0
1,0.02623329659804565,1,0,0,4,20,0.14354789854226002,4.340822680926608,37,6,5,0,0,2,Benign,0
3,0.11225770382133596,1,1,0,5,18,0.05203703090764527,6.957416710725184,33,3,1,0,0,0,Benign,0
1,0.06658347379862663,0,1,0,11,31,0.18217589565441572,0.9418782665252532,42,9,3,0,1,0,Benign,0
3,0.05177193287451759,2,0,0,4,27,0.23330169397440428,1.7441792591137624,44,13,1,0,0,2,Benign,0
1,0.5762674965876158,1,9,251,630,14,0.8091296155368418,318.4122913362875,16,7,150,0,49,3,Attack_DataExfiltration,1
1,0.046773057314110134,1,0,0,5,32,0.18546503867681538,5.230538322941451,31,6,2,0,0,0,Benign,0
3,0.5411891049581853,4,0,0,10,6,0.08193933014564915,3.094909516557984,98,6,0,17,0,15,Attack_InsiderSabotage,1
2,0.73027637200827,2,5,270,632,27,0.7610256045455558,204.73990679315884,18,5,200,1,39,0,Attack_DataExfiltration,1
2,0.08678915453300308,0,1,0,5,21,0.08706768474040187,7.8683540871911255,40,9,0,0,1,1,Benign,0
4,0.002643605871325919,1,0,0,6,22,0.2015285176412431,1.7338679145496285,47,15,4,1,1,0,Benign,0
1,0.06506751594366354,1,0,1,5,22,0.1391786367781733,2.4304516526705053,36,11,3,0,1,0,Benign,0
1,0.20289048195467585,0,0,0,2,25,0.02580823164341375,6.9774985967331205,41,10,2,0,2,1,Benign,0
1,0.07095005247197521,1,0,0,4,22,0.024717488896887865,6.856656831024457,38,10,4,0,0,0,Benign,0
1,0.03142545753786569,1,1,0,6,28,0.11596268686604083,6.041772236878601,53,8,4,0,0,1,Benign,0
5,0.173985711575468,1,1,1,4,30,0.2753354130906312,24.064189464593902,40,10,3,0,1,0,Benign,0
2,0.03517065667348029,0,1,1,3,21,0.030604962909897813,1.7822138780008723,40,13,1,0,3,0,Benign,0
3,0.08381045988043243,2,0,2,5,20,0.08377794331570504,18.956380368446805,49,11,2,0,0,0,Benign,0
1,0.02418304407123741,0,0,1,3,21,0.14683721559174426,1.0345855304438527,41,13,2,1,1,0,Benign,0
1,0.013501802952686326,0,0,1,6,24,0.18678187989487482,0.5705837385616378,44,11,0,0,2,0,Benign,0
1,0.01927309679837901,1,0,0,5,19,0.06153877496231622,1.8907123906065937,37,14,1,0,3,0,Benign,0
1,0.1139283793707385,0,0,1,6,28,0.1326345363631946,1.1849678220356927,35,6,1,0,1,0,Benign,0
1,0.07753874342836604,1,0,0,4,25,0.19574207283280953,1.813112629906497,46,11,1,0,2,0,Benign,0
1,0.019605549251503106,0,0,1,7,26,0.1652411013889035,4.4153550743909635,39,7,2,1,2,0,Benign,0
3,0.02747735249402467,1,0,0,4,26,0.16060640388861613,0.6486166223086931,48,7,2,0,2,0,Benign,0
2,0.12872205745074075,0,0,0,4,23,0.16904038307409644,2.13005371047689,47,4,0,0,0,0,Benign,0
5,0.9148596024116802,3,3,268,587,13,0.8831389307783882,175.84307586592965,23,5,162,4,44,0,Attack_DataExfiltration,1
4,0.01129209310852006,2,0,0,2,27,0.1743099773168952,4.392474336186792,35,12,2,0,0,1,Benign,0
1,0.03292805951753065,0,0,0,4,25,0.38228547619820447,3.258403589140169,42,12,1,0,0,1,Benign,0
1,0.011122158861845158,1,0,0,3,24,0.14835977709227968,3.647359237873976,35,11,2,0,0,0,Benign,0
1,0.001191517580125238,1,0,0,4,28,0.2458176370366931,3.1192184466601436,40,13,4,0,2,1,Benign,0
1,0.05867210494614493,0,0,0,4,27,0.11709719960843548,0.9795013502343378,44,6,3,0,0,0,Benign,0
3,0.325940171486202,0,1,0,15,3,0.037229183709441865,0.4499011658324566,91,3,1,13,0,21,Attack_InsiderSabotage,1
1,0.05347338701820699,0,0,1,4,23,0.1021291397711964,6.958197133936374,34,7,2,0,2,0,Benign,0
1,0.01666935369605479,0,0,0,13,24,0.2710998240086224,1.8104758610764384,46,12,4,1,3,0,Benign,0
3,0.011550580816868817,0,0,0,8,21,0.26342999630134095,6.806537799743726,43,18,1,0,3,0,Benign,0
1,0.0025424509012853527,0,0,1,7,25,0.19599112950686196,1.3652262450839385,44,10,2,0,2,0,Benign,0
1,0.0758593587668358,0,1,2,1,27,0.09344550798876428,0.5541465366937652,44,16,3,0,2,0,Benign,0
2,0.14511282896816285,0,0,0,4,20,0.18742458787251634,1.9242400741591108,38,13,1,0,1,0,Benign,0
1,0.02636980702621947,1,0,0,7,30,0.14857265947440482,2.7514539250217225,43,9,0,0,0,0,Benign,0
1,0.0824367214741949,0,0,0,4,25,0.2573280034833297,1.3518278301029532,39,15,4,0,2,0,Benign,0
1,0.7628477902159642,3,3,262,568,16,0.8258154504986455,263.80291176054766,21,5,189,1,41,1,Attack_DataExfiltration,1
2,0.00014958600376281133,0,0,0,3,18,0.3111698896123688,3.25396377835937,35,9,0,0,2,0,Benign,0
2,0.8750576816953463,6,5,252,569,14,0.9240980078184579,167.15133709527632,25,1,164,1,51,0,Attack_DataExfiltration,1
3,0.015331832514528888,0,1,0,6,19,0.03179528434885231,1.1437136238858785,44,10,1,0,2,0,Benign,0
3,0.07979807821546345,0,1,2,3,16,0.068232828066185,24.25910619245212,31,11,2,0,2,0,Benign,0
1,0.01857736021566634,0,0,0,9,21,0.09710067275565963,0.8258366034924657,47,6,4,0,1,0,Benign,0
3,0.09834900656032856,0,0,0,2,22,0.3094609827301412,1.769970433250272,50,7,2,0,0,0,Benign,0
1,0.05167335837301188,0,1,0,6,17,0.0781782919962406,2.106698088961168,33,16,3,0,0,0,Benign,0
1,0.02674851328088349,0,0,2,5,17,0.20267415020567633,3.0543039643560004,35,8,3,0,0,0,Benign,0
2,0.03301053674647478,0,0,0,7,22,0.45764631067264755,2.852414468997382,39,11,4,1,0,0,Benign,0
1,0.8766803117850186,4,3,245,576,18,0.6212629559967545,158.3882293200577,19,8,170,1,62,0,Attack_DataExfiltration,1
5,0.03318730541530177,1,0,0,6,29,0.11843357476254719,1.052359586754746,40,5,3,0,0,0,Benign,0
3,0.3039594507573901,1,1,0,10,8,0.024862495817289974,0.5613251828654406,112,9,1,9,0,18,Attack_InsiderSabotage,1
1,0.026366475379915176,0,0,0,7,25,0.07450524986637709,1.0069762869886503,45,15,3,0,0,0,Benign,0
1,0.16291299999817904,0,1,2,3,21,0.21509347361804068,5.195905311992445,39,15,1,0,0,0,Benign,0
1,0.018404952675734842,1,1,1,4,14,0.15350363528627595,1.3405432709791876,51,8,1,0,0,0,Benign,0
2,0.04970614798615326,1,1,2,2,25,0.1309809541322069,2.412532847192715,36,3,2,0,1,0,Benign,0
2,0.018326121951341808,0,0,0,5,25,0.19377145707030835,23.56916202595301,51,5,0,0,0,0,Benign,0
1,0.04117115061346076,0,0,1,4,24,0.06874300449663477,1.6924242812169248,39,12,1,0,1,0,Benign,0
1,0.010751861305871755,0,1,0,5,19,0.2705283696147852,14.131411797623729,52,10,3,1,2,0,Benign,0
1,0.7715292079355476,1,6,264,618,22,0.8981240238584286,81.68897766617438,15,9,155,2,49,1,Attack_DataExfiltration,1
1,0.03674141722697773,0,1,0,4,21,0.0305484852509594,1.5448845439937735,27,8,1,1,0,0,Benign,0
2,0.037408508790160645,0,0,1,3,20,0.4178442891595377,2.5971303915459707,36,10,3,0,1,1,Benign,0
3,0.016034144129729876,1,0,0,7,21,0.3708914851538978,3.725715633918029,38,9,2,0,1,2,Benign,0
1,0.8315390549185904,3,7,240,565,15,0.9460177041134845,144.58832823517665,17,2,184,1,42,3,Attack_DataExfiltration,1
2,0.014161905921641654,0,0,0,7,21,0.19459713161043504,1.8988964199455085,33,5,3,0,0,0,Benign,0
2,0.0008782537039981956,0,0,0,4,28,0.09491400838624331,0.20355472172064293,43,7,2,0,0,0,Benign,0
1,0.0371655493582624,1,0,0,8,29,0.05918066466190145,2.9932675806753712,42,7,3,0,2,0,Benign,0
1,0.06659380257192771,0,0,0,3,26,0.14944240817122334,4.6913228587103335,38,9,1,0,2,0,Benign,0
2,0.8240799078076001,4,12,265,602,18,0.6775592769724758,128.86815654226018,19,2,184,1,43,0,Attack_DataExfiltration,1
2,0.013531853229353021,0,0,0,5,27,0.22553416928650283,1.8228310205238014,51,13,3,0,0,2,Benign,0
2,0.10308321311619216,0,0,0,4,19,0.1923857066097078,3.7673120617436977,41,8,2,0,3,0,Benign,0
1,0.10759877359523048,0,0,0,8,26,0.1614196509938104,3.6128558691288095,43,15,3,0,2,0,Benign,0
1,0.054579102387612974,0,0,0,5,31,0.08870402882514694,0.7810047946699296,38,14,2,0,2,0,Benign,0
1,0.02950470216177432,0,1,1,5,21,0.2366346077672147,0.2750491544363017,37,14,1,0,1,0,Benign,0
1,0.0734098780343843,0,0,3,1,26,0.19170754323685646,1.8472483414538954,41,15,2,0,0,1,Benign,0
1,0.07482762378703536,0,0,0,3,26,0.09103759597770099,1.2467579527613981,44,10,3,0,2,0,Benign,0
2,0.06814172360820239,0,0,1,3,29,0.1712630300950984,12.09236274145673,30,9,0,0,0,0,Benign,0
3,0.041857354267897134,0,0,0,6,26,0.09981646255367117,0.4090832539932442,31,13,1,0,0,0,Benign,0
1,0.07922221239395791,1,0,0,5,25,0.12470997211975252,1.6401751919691094,37,7,3,0,1,0,Benign,0
2,0.08643006654973087,0,0,0,9,26,0.11788141912737195,14.64469453532829,35,8,2,0,1,1,Benign,0
1,0.011738652618424711,0,0,2,4,28,0.19460075296220042,1.2715126973304915,47,7,4,0,0,0,Benign,0
1,0.01927701777546324,0,0,1,6,21,0.17728201433246357,10.331225368940933,37,15,2,0,1,0,Benign,0
1,0.20863892366239692,0,0,0,2,31,0.11961931237461129,2.9035822809884633,42,6,5,0,0,0,Benign,0
2,0.6369148533743377,1,0,0,10,5,0.06758570994223792,0.34962346332090144,96,3,2,11,0,20,Attack_InsiderSabotage,1
3,0.09789682075862399,0,1,1,3,27,0.16801475283866518,3.784860887057273,31,8,1,0,3,0,Benign,0
1,0.04467337831492431,2,0,0,8,17,0.2228555151829284,0.45759834628447643,47,7,2,0,1,0,Benign,0
1,0.04315338622703115,0,0,0,4,27,0.04297488877803339,3.495457981293405,46,8,7,0,0,0,Benign,0
1,0.00813598898531129,0,0,0,4,25,0.08030475437958809,3.4527963039772045,45,16,0,0,1,1,Benign,0
4,0.684202505559043,2,2,0,11,2,0.07826177842350551,0.7354327012231504,105,6,1,14,0,20,Attack_InsiderSabotage,1
1,0.03932794864346456,0,0,0,7,29,0.24060275248726518,4.219888674428972,34,17,2,1,2,0,Benign,0
1,0.03984399606809834,0,0,1,3,18,0.2653664361459474,5.596948762758486,40,12,1,0,1,0,Benign,0
1,0.10924826790920844,0,1,0,5,25,0.27850739167939154,0.8759745721551624,45,9,2,0,1,0,Benign,0
3,0.008876789393539546,0,1,2,7,26,0.08802374061623379,6.23839104614744,37,16,2,0,2,0,Benign,0
1,0.005604002949256377,0,0,0,1,23,0.1028565835492687,0.61783145470521,36,5,3,0,1,1,Benign,0
2,0.04058994359503298,0,0,0,5,28,0.26151495887970444,1.7600010352139508,40,3,1,0,0,0,Benign,0
2,0.00680618154972742,1,0,0,8,26,0.2933586141764231,7.738079073044646,36,13,3,0,0,0,Benign,0
2,0.04882236509619614,0,0,1,7,34,0.03712915674734646,0.8813213617871204,42,8,4,0,2,1,Benign,0
1,0.08038122988427122,0,1,0,3,20,0.4840956845656972,3.0278822292692893,44,7,0,1,3,1,Benign,0
4,0.012130941170428634,0,0,0,4,25,0.09074782896286536,6.022241840543914,47,11,1,0,2,1,Benign,0
1,0.0010884175840317164,0,0,2,2,23,0.08250303405964216,10.88804367273582,42,8,0,0,0,1,Benign,0
3,0.05723523638546019,1,0,0,1,23,0.02124266657120073,13.384914170954156,31,11,0,0,1,1,Benign,0
3,0.01592187053698229,0,0,1,7,24,0.5095412762475258,4.250967726566205,41,8,1,0,1,1,Benign,0
1,0.0021371035929787555,0,0,0,6,27,0.40123385536101125,3.644547324756776,31,11,1,0,1,0,Benign,0
3,0.0567593304243129,2,0,0,5,31,0.13846126154374302,3.99809650126072,37,9,1,0,0,0,Benign,0
4,0.48876486057009083,5,0,0,11,5,0.013535714701884758,0.3237145950992248,96,4,0,8,0,15,Attack_InsiderSabotage,1
3,0.04521749672074301,1,0,0,10,30,0.2756099938339961,6.958135498699835,35,12,4,0,2,0,Benign,0
1,0.020597206678196506,1,0,0,5,21,0.08229098824062574,8.83977726590325,42,10,3,0,1,0,Benign,0
2,0.07924808817635379,0,0,0,4,24,0.12637518072728993,3.512621417458171,49,13,2,0,1,0,Benign,0
1,0.06956690815383208,0,1,1,6,27,0.07831574347089251,10.483860665219717,35,11,3,0,3,1,Benign,0
4,0.0250580620948886,1,0,0,1,31,0.2282498423672425,8.892928134116008,45,17,3,0,3,0,Benign,0
1,0.03242247733584412,0,0,0,3,21,0.16299634072207814,4.391500353420926,47,7,1,0,2,0,Benign,0
1,0.05778245593391842,1,0,0,8,20,0.15523652498534013,3.3347262811841256,40,11,0,0,2,0,Benign,0
1,0.021679893321127568,0,0,0,5,24,0.10599800188013501,2.737038947885959,35,12,3,0,0,0,Benign,0
3,0.0052052146469234815,0,0,0,2,27,0.22192283631365517,1.739757670042712,35,13,0,0,1,0,Benign,0
1,0.0908660797798593,0,1,0,4,24,0.18084978864539497,7.515733327713738,42,6,6,0,1,0,Benign,0
2,0.011912555653206975,0,0,2,2,26,0.03958316186690009,2.2555186578877224,38,8,2,0,0,0,Benign,0
1,0.1441780563290604,0,0,1,4,18,0.03126288201609404,3.4412124498660437,40,8,1,0,2,0,Benign,0
1,0.025248369254940436,0,0,0,9,22,0.3308030409798809,1.3571084830380191,34,6,1,0,1,0,Benign,0
2,0.05280395465378212,0,1,1,3,29,0.06573847662424898,1.3845440035402508,37,13,2,0,1,0,Benign,0
2,0.07025603364363081,1,1,0,7,20,0.43046294217597303,14.583546634817793,44,15,3,0,1,0,Benign,0
3,0.05037879778047639,0,0,0,7,18,0.10430313637277823,0.8916784722834591,39,5,1,0,1,0,Benign,0
2,0.048985600428908246,0,0,0,6,31,0.15248615002501734,1.2922901014374746,33,9,2,0,0,2,Benign,0
4,0.04090826753204329,0,1,0,8,20,0.25573075931751305,5.102062376010888,41,13,1,0,2,0,Benign,0
2,0.08108711861437629,0,1,1,4,33,0.05528779069185909,1.7886201033598685,45,16,3,0,0,0,Benign,0
2,0.025308030396039717,0,1,0,5,29,0.1855937366584057,0.9247895900479557,50,7,0,0,1,2,Benign,0
5,0.01743452085095839,0,0,0,1,31,0.06477621648455152,6.927588316715972,37,6,1,0,0,0,Benign,0
2,0.037127671191868855,0,0,1,4,26,0.3044997213012712,4.155723889355455,37,9,2,1,1,1,Benign,0
3,0.040253697240357406,0,0,0,4,28,0.05136412508078663,1.8010574354545579,43,8,3,0,0,1,Benign,0
2,0.08086383474686717,0,0,0,11,29,0.08784463413814081,4.51303362592244,41,8,3,0,1,0,Benign,0
1,0.05880314996016228,1,1,0,5,39,0.3258849321335858,2.7126670501841876,41,7,3,1,2,0,Benign,0
1,0.04375717826427559,0,1,0,7,28,0.3111452414630823,0.567594769966578,33,8,2,0,0,1,Benign,0
1,0.02424088794872211,1,1,1,3,22,0.20193222937472907,1.753128519236812,44,6,3,0,0,1,Benign,0
1,0.8072852524383041,2,6,280,601,26,0.726904076078554,106.39843629043126,23,5,154,1,56,0,Attack_DataExfiltration,1
7,0.6731338798636396,1,0,0,9,7,0.01026242309383743,1.5960696676685187,112,2,0,15,0,20,Attack_InsiderSabotage,1
1,0.026906680577312162,1,0,0,5,19,0.042956683365286005,7.359216863116451,37,11,3,0,1,0,Benign,0
1,0.022077294451049893,0,0,1,3,32,0.07294107002753182,5.01840645392975,41,14,2,0,1,0,Benign,0
2,0.004152262294825341,0,0,0,4,27,0.11718156845053435,1.0734548807826345,40,9,3,0,1,0,Benign,0
1,0.004807909336557968,0,0,2,6,21,0.1041634725350766,5.8354447896000154,42,5,1,0,1,0,Benign,0
1,0.13350284901197423,1,0,0,3,32,0.10247437442280725,6.48952665095107,43,10,2,0,2,0,Benign,0
1,0.11017400404529662,0,0,1,9,22,0.2237667370777852,0.8457856407280888,33,9,1,0,2,0,Benign,0
1,0.04381376870624555,0,0,1,3,28,0.10291811423141807,1.0381970347267366,43,13,0,0,1,1,Benign,0
2,0.05857779083029861,0,0,1,3,24,0.1868700004254117,5.255020424591989,41,9,0,0,0,0,Benign,0
1,0.03721186267242478,1,0,1,7,27,0.05589428024440673,1.8956625827186646,43,14,0,0,0,0,Benign,0
1,0.011334411800135212,0,0,2,3,22,0.37180492850046454,0.5220463564984221,52,10,1,0,2,0,Benign,0
1,0.11512278640254603,0,1,0,6,17,0.08957473651955782,3.536437225336487,40,10,1,0,1,0,Benign,0
2,0.030616245232581628,0,0,0,6,20,0.19073715338413177,1.0099334413994425,39,9,2,0,3,0,Benign,0
1,0.03277712764779251,0,0,0,5,24,0.07814973112972544,0.4820436548104515,36,12,1,0,0,0,Benign,0
1,0.012441750924250837,0,1,0,8,19,0.08906072445931001,0.7592138752916003,30,13,0,0,1,0,Benign,0
4,0.04079239217204077,0,0,2,2,16,0.13232982252442654,4.221278153755774,29,10,1,1,1,1,Benign,0
5,0.6933492167231714,1,1,0,8,5,0.07870220762254086,1.0508694898577204,111,9,1,20,0,12,Attack_InsiderSabotage,1
1,0.008538373860010204,1,1,1,3,27,0.05599547632074235,2.085695782699411,32,6,3,0,4,0,Benign,0
3,0.7864068667997312,4,1,0,9,3,0.03001760160360748,0.37972319757362166,100,5,1,18,0,23,Attack_InsiderSabotage,1
2,0.010317642584529595,1,1,3,9,26,0.06481623693340945,2.2320772687720987,45,7,3,0,1,0,Benign,0
2,0.09576400436540744,0,0,1,2,22,0.1864515630208554,56.325839481259635,53,10,1,0,3,0,Benign,0
1,0.031786936625390234,0,0,1,4,22,0.05175355742430434,3.568368381351492,30,5,1,0,0,0,Benign,0
1,0.024112864628996037,0,0,0,3,18,0.35316985047427885,1.5867293363567267,35,8,1,0,2,1,Benign,0
2,0.7649780171802001,7,6,257,559,9,0.8595951470542044,182.05143906420687,11,8,173,1,41,1,Attack_DataExfiltration,1
2,0.05849712142215747,0,0,1,3,28,0.195827994120133,0.9284935509520128,46,12,1,0,2,0,Benign,0
1,0.08293857211063385,0,0,0,4,29,0.1406080802335024,1.7173786231055945,48,10,1,0,1,0,Benign,0
2,0.11792880118209463,0,0,1,12,26,0.08078254637935309,1.34329639479677,45,13,1,0,1,1,Benign,0
1,0.0327165236429604,1,0,0,4,26,0.23198436616096096,3.932744312591448,40,13,2,0,0,0,Benign,0
2,0.5804778530047197,5,5,238,586,15,0.926424454048418,205.56295323034337,18,3,166,2,49,2,Attack_DataExfiltration,1
1,0.106087782087911,0,1,3,2,34,0.27062217876914213,0.5446088849808599,31,11,2,0,2,0,Benign,0
5,0.0009489102421912834,0,0,3,4,20,0.38593710215411803,4.791703157096946,45,12,1,0,0,0,Benign,0
2,0.08365853571494795,0,1,0,6,33,0.08754396878839195,6.278041262537237,35,13,6,0,1,1,Benign,0
4,0.031792807908391896,0,0,2,1,23,0.08057227520105165,3.629618314610389,42,11,5,0,0,0,Benign,0
4,0.5351547525557974,0,1,0,11,11,0.029356660106467005,0.6660581935349285,87,5,1,13,0,25,Attack_InsiderSabotage,1
8,0.3325246723678262,3,1,0,12,5,0.026046661970420465,0.8972519221231097,100,4,2,18,0,18,Attack_InsiderSabotage,1
3,0.20570124162013095,0,0,1,11,26,0.22238152352781962,0.6868613435115336,49,6,1,0,0,0,Benign,0
1,0.13235614409236388,0,0,2,3,23,0.1355450319616107,2.3936238180057408,35,4,2,0,0,0,Benign,0
2,0.894807602093442,8,4,251,626,16,0.8294263322194178,86.90049608395306,17,3,174,2,41,2,Attack_DataExfiltration,1
3,0.5888392004865171,1,1,0,9,4,0.21586720578964655,0.6179267832890442,87,8,0,14,0,21,Attack_InsiderSabotage,1
1,0.8697260847748094,5,4,243,649,8,0.8646646479817849,121.25342296693921,21,4,170,1,60,0,Attack_DataExfiltration,1
2,0.07666641033782569,0,0,0,7,18,0.11003302546790542,2.785782173986928,40,7,4,0,0,1,Benign,0
1,0.03784955644246532,1,1,0,6,31,0.09637556621172547,1.4253985142947272,36,11,1,0,1,0,Benign,0
1,0.018547105012332442,0,0,0,5,17,0.02029346686160784,9.208411192472976,49,8,2,0,2,0,Benign,0
1,0.04126007493005907,0,0,1,11,33,0.04943008913903657,6.71331752826119,41,10,2,0,1,1,Benign,0
1,0.008737430494113569,0,1,1,5,21,0.07160117842988493,3.698483308333251,32,14,3,0,3,0,Benign,0
3,0.08780700512666757,1,1,0,3,30,0.11757892743220912,1.1169916423344954,50,12,1,0,0,0,Benign,0
1,0.019413662527482525,0,0,0,2,29,0.08106400906643368,9.640040405384715,45,11,2,0,0,0,Benign,0
2,0.07820173521372006,0,0,1,4,27,0.0487985731015615,1.5629636186958988,36,10,4,0,0,0,Benign,0
3,0.0038743258132768795,0,1,0,7,23,0.2629834102272962,1.5468675212764902,33,11,1,0,0,0,Benign,0
1,0.06826614336145867,0,0,0,4,21,0.1894721354586161,5.06497309935984,27,10,1,0,3,0,Benign,0
1,0.0534881873863657,0,0,0,6,22,0.08937378347868073,1.2026755072292545,40,9,0,0,2,0,Benign,0
1,0.12165843806078315,1,0,0,4,26,0.32014989542719674,3.7515717544077978,35,5,1,0,0,2,Benign,0
1,0.010741813039008556,0,0,0,5,23,0.3131152766028484,0.19727440335701152,31,13,5,0,1,0,Benign,0
1,0.031593532278487955,0,0,0,7,27,0.16633488156881507,0.6714571862173346,43,2,2,0,2,0,Benign,0
1,0.019444205144286315,0,0,1,3,29,0.07419086621555547,1.7613609933489978,40,15,4,0,1,0,Benign,0
1,0.027458049238708482,0,1,0,4,18,0.1731996369583232,2.2108726604087514,43,7,2,0,1,0,Benign,0
3,0.6905995318693805,3,3,263,602,12,0.9273440995116996,120.54751448150458,26,8,179,2,47,0,Attack_DataExfiltration,1
2,0.013479496401992372,0,0,1,7,19,0.23175120748455202,2.2322134695149956,38,6,2,0,1,0,Benign,0
3,0.056554230136250806,1,0,0,9,27,0.23423348758693008,14.118563785424726,37,6,1,0,1,1,Benign,0
1,0.023216554459852483,1,0,1,3,30,0.25911254169836534,2.9931431233379358,48,6,3,1,0,0,Benign,0
2,0.011669452047160815,0,0,1,4,17,0.15242267149788305,8.388800620649457,47,11,0,0,2,0,Benign,0
5,0.8215096550453146,4,1,0,4,7,0.08471595576819442,3.959910356094844,97,5,1,16,0,15,Attack_InsiderSabotage,1
1,0.018272241254455937,0,0,1,2,22,0.05682873173814324,0.7857702578452114,27,10,3,0,1,1,Benign,0
1,0.44067418864609076,7,0,0,16,5,0.0874185195013133,1.5513799930879353,108,4,0,14,0,15,Attack_InsiderSabotage,1
2,0.057500440306179956,0,0,0,7,18,0.3222146668233231,2.4291144942904,40,9,1,0,0,1,Benign,0
5,0.005773349599495629,0,0,0,5,28,0.01879997413310081,2.6254019305138483,45,7,0,0,1,0,Benign,0
3,0.05050289910400599,1,0,0,3,24,0.07634625187734119,5.345693133766726,44,5,3,0,0,0,Benign,0
1,0.015313130269672464,0,1,0,8,26,0.0678876071928779,2.288082943508757,31,10,2,0,0,1,Benign,0
2,0.07703762503424551,0,1,1,3,23,0.2906684985531875,5.7687570086280795,38,7,4,0,3,0,Benign,0
1,0.025291490567611645,0,0,0,5,32,0.2095449232089534,3.511808973305014,26,12,3,0,2,0,Benign,0
1,0.17586550792326336,0,0,1,1,23,0.08454152058014212,10.464631754796216,51,10,3,0,0,0,Benign,0
1,0.04933337593317133,0,0,0,5,21,0.15830104282116172,5.410890309755163,34,11,2,0,0,0,Benign,0
2,0.035398516535085627,0,0,1,7,22,0.07024854966747567,5.57983706748626,42,12,0,0,0,0,Benign,0
1,0.1080200198492835,0,0,2,3,48,0.046784565912974425,6.306675920405142,58,14,0,0,1,0,Benign,0
1,0.013050689820715753,0,0,3,4,23,0.04776676278035887,3.595641446423563,37,9,1,3,2,1,Benign,0
1,0.08235943479633086,0,1,0,4,18,0.4212285270267244,0.4921113593259723,49,15,2,0,4,0,Benign,0
1,0.027967482661250927,1,0,0,5,23,0.131378461851433,0.6614972880611842,46,8,2,0,0,0,Benign,0
2,0.003662623220328339,1,0,1,4,29,0.41182675650211586,4.14969421700132,44,11,3,0,1,0,Benign,0
3,0.00662531262586439,0,0,0,4,27,0.12555258004099315,0.6648239255214679,35,8,1,0,4,1,Benign,0
3,0.016257710762562747,1,0,0,6,23,0.16153396360897795,1.8702969565173166,37,7,4,0,1,0,Benign,0
1,0.08178815815110164,0,1,1,9,35,0.15806035742664964,13.10034996653847,37,13,4,0,2,1,Benign,0
2,0.051026522365371245,0,0,0,7,26,0.1782759301009294,3.51253619937788,48,11,1,0,0,0,Benign,0
4,0.38255902325083896,2,0,0,7,8,0.03979733089060114,3.7062343386505168,91,8,1,14,0,19,Attack_InsiderSabotage,1
1,0.10307165881817557,0,0,0,8,26,0.15498198876717859,1.9950558753417817,43,5,3,0,1,0,Benign,0
1,0.12001093026745648,0,1,1,1,26,0.16803718186037483,8.046454933725382,50,9,3,0,0,0,Benign,0
2,0.06659888501275472,0,0,0,5,19,0.13907059644158382,1.8852261469726894,37,7,1,0,2,0,Benign,0
1,0.029653158930617197,0,0,0,6,24,0.24453895209970153,2.4961499811831467,44,8,1,0,0,1,Benign,0
1,0.08362089622190845,0,0,1,3,31,0.08212061206865175,1.9083924458611692,31,7,1,0,0,0,Benign,0
3,0.6086760768904158,4,1,0,6,3,0.018538352453696557,23.867867947654155,87,4,0,12,0,18,Attack_InsiderSabotage,1
2,0.011884798724938195,0,0,0,5,38,0.07128890807938573,1.3831348154748724,43,23,3,0,0,1,Benign,0
3,0.004110297461216692,0,0,0,2,28,0.13109764878806984,3.424093038674518,30,12,0,0,2,1,Benign,0
2,0.10188671532869802,1,0,0,9,24,0.33509521978977147,1.1164647011425433,39,11,3,1,1,0,Benign,0
1,0.62565317193979,6,11,252,604,18,0.8701569930521065,56.46589932040664,16,4,164,0,49,2,Attack_DataExfiltration,1
2,0.02629344959597675,0,0,0,5,25,0.23942711280951035,12.325473459798323,45,8,2,0,0,0,Benign,0
3,0.006732859752012928,0,1,0,5,20,0.06859716600595556,5.09434427165752,36,11,5,0,0,0,Benign,0
2,0.05587552022138385,0,0,1,3,23,0.11622232199626527,7.731240255051636,36,16,2,0,0,0,Benign,0
1,0.0023885782584132068,0,0,0,5,25,0.21745615076103464,9.199646575170773,38,3,1,0,2,1,Benign,0
1,0.04744803993336767,0,0,2,2,21,0.11875201054201999,1.1171808863172858,32,12,2,0,2,1,Benign,0
1,0.12579040021225135,0,0,0,7,31,0.161821890434456,2.7612003035834234,34,9,2,0,2,2,Benign,0
1,0.015088798554891585,0,0,0,11,26,0.5875753938441282,10.764205850757609,51,7,1,0,0,1,Benign,0
1,0.02373719641074658,0,0,0,1,35,0.19471124435795079,1.4735519113474738,39,12,4,1,3,0,Benign,0
3,0.0008330803208976271,0,0,2,2,28,0.3949368805157498,1.2083630299963244,44,11,1,0,0,0,Benign,0
1,0.03919377542294429,0,0,0,7,19,0.04988267334648139,3.3517338226627036,36,8,2,0,1,0,Benign,0
1,0.09444942345059064,1,0,0,6,28,0.10765149011059688,1.0995296764577858,44,8,2,0,0,0,Benign,0
2,0.07337747334446758,0,0,0,4,18,0.1478078805616569,34.396253216453125,39,11,0,0,1,0,Benign,0
1,0.001944965962438615,2,0,1,9,32,0.10906537009929243,7.999440858941801,38,8,1,1,1,0,Benign,0
1,0.025771166061847296,0,1,1,6,21,0.2172125904723616,2.643492303345723,37,13,2,0,0,0,Benign,0
3,0.0038264481859803688,0,0,0,3,17,0.16262886898801793,2.7246663523244266,36,13,3,0,1,0,Benign,0
2,0.08875471159336319,0,0,1,3,24,0.27851465060447406,1.8944944853290955,44,5,1,0,5,0,Benign,0
2,0.06847793173740627,0,1,0,3,21,0.3786028637860513,2.5015050320170515,52,7,2,0,1,2,Benign,0
3,0.3885730487544804,8,5,254,636,17,0.8826061319506973,96.90955730799706,18,8,165,1,58,0,Attack_DataExfiltration,1
1,0.004138789939111157,1,1,1,7,25,0.1728762849713774,2.793142215280482,42,16,3,0,1,1,Benign,0
1,0.061426557166599546,0,0,1,5,25,0.13076456212106072,0.9888728657881348,44,9,1,0,1,1,Benign,0
1,0.017085765400025668,0,0,0,4,26,0.0337759046637989,8.681132071995032,40,15,2,1,1,0,Benign,0
2,0.0764821678051692,0,1,0,3,29,0.07487063579425428,2.0477739249278573,36,6,6,0,2,0,Benign,0
3,0.008922114968504237,1,0,1,8,18,0.40887190908488685,7.260016422024643,33,9,2,0,2,0,Benign,0
2,0.038838630515361794,1,2,0,4,24,0.19247691106566567,6.9638966514190255,40,10,4,0,0,1,Benign,0
4,0.02970783070909616,0,1,1,2,25,0.19727076647883918,0.5782558327080213,35,8,2,0,1,0,Benign,0
1,0.013750480362622107,0,0,0,8,22,0.204431133536209,5.188413408242544,37,14,0,1,0,1,Benign,0
1,0.004616850912526892,1,0,1,5,26,0.22126239026918676,0.814241056618556,47,7,2,0,2,0,Benign,0
2,0.0067940290070605406,0,0,0,5,28,0.3993777683367129,28.01650553596912,43,6,2,1,3,0,Benign,0
2,0.6908773427499613,3,6,231,568,13,0.6901603394399756,346.8807750107233,21,8,169,2,43,1,Attack_DataExfiltration,1
2,0.07123918918101473,0,0,0,4,17,0.0296670103948136,20.33952838761019,30,9,3,0,0,0,Benign,0
1,0.007110196256169778,0,0,2,3,19,0.26019378523696796,1.401855226749222,35,6,2,0,0,0,Benign,0
1,0.011572097310938358,1,0,0,7,21,0.07763505119123443,6.960950875244059,54,14,6,0,1,1,Benign,0
4,0.046932576147499426,2,0,0,4,23,0.14446865297356962,5.300049877105976,43,18,0,0,0,0,Benign,0
3,0.06052713680284589,0,0,1,4,13,0.11820202689726073,2.0142262002087525,49,9,3,0,0,1,Benign,0
1,0.019009656324564944,1,0,0,6,22,0.018344759336546165,2.2014773196822586,34,9,0,0,0,0,Benign,0
1,0.003485806615123196,1,0,1,5,20,0.06420069633833911,6.272806918201827,34,7,2,1,2,0,Benign,0
1,0.8942249658370667,4,8,253,588,18,0.666537834993948,114.4840687824759,16,7,164,3,54,0,Attack_DataExfiltration,1
2,0.026489882928385135,1,0,0,3,18,0.23207175510057956,1.0697879128064343,39,9,4,0,0,0,Benign,0
2,0.4857227849481739,5,8,247,586,8,0.9292571304393806,134.960708538633,24,1,156,1,59,1,Attack_DataExfiltration,1
1,0.003279304472206644,1,0,0,5,32,0.3168199259064297,3.265460389924636,34,11,0,0,1,1,Benign,0
3,0.00933778124707835,1,0,0,7,26,0.2604655913809124,3.0458121368023385,40,4,1,0,0,0,Benign,0
5,0.037237045754560126,0,0,1,4,39,0.0977275777449405,4.401860455800184,33,6,1,0,1,0,Benign,0
1,0.9186740456932029,3,6,255,641,10,0.8931710025652927,129.26928040388478,28,9,184,1,41,0,Attack_DataExfiltration,1
1,0.00505457733472868,0,0,1,3,27,0.15883226492612168,2.6550315053213347,42,10,2,0,0,0,Benign,0
1,0.1645799233096504,1,0,1,6,23,0.1524898954425532,5.624536928538353,30,7,1,0,1,0,Benign,0
1,0.04362616850496175,0,1,0,3,28,0.31213221529890983,2.1604430912582107,40,10,0,0,0,1,Benign,0
2,0.029560993659300504,1,1,0,5,23,0.24465427293849776,3.275203419309869,44,7,1,0,0,0,Benign,0
2,0.012148623748117114,0,1,0,2,33,0.1976194002357394,3.362756441765536,40,6,0,0,1,0,Benign,0
1,0.06222879772257061,1,0,0,6,27,0.018414264469685433,1.321952194913751,43,13,1,0,1,0,Benign,0
1,0.06547809096509387,0,0,1,2,28,0.13320334667599612,0.5229619499744989,46,7,1,0,1,0,Benign,0
2,0.07168733099568508,0,0,0,4,27,0.3226597670134625,2.054304119118731,42,15,1,0,1,0,Benign,0
2,0.016638953429888977,1,0,1,4,22,0.027920541026253055,12.495749205173263,45,9,3,0,0,1,Benign,0
2,0.0007073845154964587,0,0,0,7,26,0.14933221224022494,1.1196661927052678,41,8,3,0,0,0,Benign,0
1,0.0007823209502327508,0,0,0,2,20,0.17488534111458845,3.0353964317527042,39,6,2,0,2,0,Benign,0
3,0.10465601153724821,0,0,2,6,31,0.11440777539548104,4.815728096364439,43,8,5,0,1,0,Benign,0
1,0.0012837203986223848,0,0,1,8,17,0.14469794451105877,20.714598862797878,51,9,0,0,3,0,Benign,0
1,0.11170321182955188,0,0,0,2,25,0.07595057055388174,2.047338795082342,39,14,3,0,0,2,Benign,0
1,0.00042940341893271244,0,0,0,1,30,0.04844364534262937,2.090242196011082,39,10,1,0,0,1,Benign,0
1,0.011874105164494896,0,0,1,6,32,0.3080549841318543,5.231911720772566,38,10,2,0,0,0,Benign,0
2,0.006407578447402489,1,0,0,6,23,0.2577520460578842,1.4533055178369716,35,11,2,1,2,0,Benign,0
1,0.5911643540576886,1,6,241,595,13,0.5116532025488746,82.02124448805276,22,4,189,1,51,2,Attack_DataExfiltration,1
1,0.026381512757101246,1,0,0,7,29,0.10486413520782105,1.1304246875963537,41,11,3,0,0,3,Benign,0
1,0.03632535343133861,0,0,1,7,26,0.22378134400704253,2.3027762533925973,44,9,3,0,3,1,Benign,0
3,0.01477219923929142,0,0,0,7,21,0.38292889797668894,5.287780899441465,36,11,3,0,2,0,Benign,0
1,0.15493466321821756,0,1,1,7,27,0.20310060760508075,6.626849946187006,33,9,1,0,0,0,Benign,0
1,0.02933811552370598,0,0,2,5,27,0.2874930311897359,2.1085366929394516,49,11,2,0,2,0,Benign,0
1,0.08482703074003928,0,1,0,5,31,0.17381129033183665,5.020964967872184,35,10,1,0,0,0,Benign,0
1,0.007115105430682304,0,0,0,3,31,0.10378953388823282,10.544384799901833,46,12,2,0,0,0,Benign,0
3,0.04047342696233959,0,0,1,4,22,0.1898985276356007,13.286127630874942,35,15,2,0,1,0,Benign,0
6,0.01745982079210867,0,1,0,3,25,0.2099087128286708,0.7930226136604756,33,9,2,1,1,1,Benign,0
1,0.014377765831757023,0,0,1,4,21,0.057208732758565896,3.5434340546755094,47,12,3,1,0,0,Benign,0
2,0.07352778986435769,0,0,2,6,22,0.028499430126736183,2.0304737251004386,37,9,1,1,1,0,Benign,0
3,0.0075138271081516324,1,0,0,8,20,0.057301542318576745,4.805874056766862,32,14,1,0,0,0,Benign,0
1,0.016446848259744833,1,0,1,4,23,0.21274202343589288,4.720815933073736,27,9,1,1,3,0,Benign,0
1,0.0002865596563415863,1,2,1,3,29,0.11129350524772975,0.3280326167565739,39,13,2,0,0,0,Benign,0
2,0.02611529853774083,0,0,0,3,21,0.20403137354136908,0.5808296260502842,36,9,3,0,2,0,Benign,0
1,0.745694082316544,5,6,270,592,13,0.9235797837570309,149.26659458736285,18,7,169,0,46,1,Attack_DataExfiltration,1
1,0.0858475954810801,1,0,1,2,30,0.11259396404485784,0.28405142606409456,46,12,3,0,2,0,Benign,0
7,0.265260044394926,2,2,0,10,4,0.018485383209469408,0.9103756465279329,125,6,2,10,0,26,Attack_InsiderSabotage,1
2,0.020092600763687234,0,0,0,4,19,0.26874523035348996,8.011857273707275,37,12,2,0,0,0,Benign,0
1,0.028920978830604852,0,1,1,2,14,0.06459696193691332,2.989488034339672,37,5,3,1,2,1,Benign,0
1,0.08942156857963843,0,0,1,5,21,0.20278643303025642,1.8094908562012424,44,8,2,0,0,1,Benign,0
1,0.006319041025981356,0,0,0,7,20,0.16797416262897674,4.289322384432769,32,11,0,0,1,0,Benign,0
2,0.021314487412393824,0,0,0,6,31,0.061880595550545474,8.083667032208629,43,10,1,0,0,1,Benign,0
4,0.09831869614799332,0,0,1,6,33,0.1599277051409844,1.468507954314146,35,10,4,0,2,0,Benign,0
2,0.022373753635855077,0,0,0,7,28,0.12817831670804722,11.585139919292175,33,12,4,0,2,0,Benign,0
3,0.006827573049304819,0,0,0,9,18,0.28423038812285795,0.623389876795027,39,8,1,1,2,0,Benign,0
2,0.13546986762285668,0,0,0,4,25,0.08221744235633027,4.490788446973678,38,6,1,0,0,0,Benign,0
1,0.022789232647528964,0,0,0,4,18,0.10746179824467555,1.1025093725036592,40,8,0,1,2,1,Benign,0
2,0.006744124621045041,0,1,0,0,16,0.17647803746800672,5.612561127676226,46,8,3,0,0,0,Benign,0
3,0.697345138947271,1,7,244,565,19,0.8045075411637697,264.81509746279454,19,8,154,0,49,1,Attack_DataExfiltration,1
1,0.0613897552768673,0,0,0,4,28,0.02985488198831994,4.7709924892370505,31,13,1,0,2,0,Benign,0
1,0.04596250402891787,0,0,1,3,29,0.18442409786315048,9.490939464655904,43,12,2,0,2,0,Benign,0
1,0.051311183352628936,1,0,0,4,26,0.14303227834897378,0.45961673609965686,45,10,0,0,1,0,Benign,0
1,0.09045229249840019,0,0,2,3,27,0.02096721967320191,4.99770041269814,47,8,4,0,0,0,Benign,0
1,0.07864075648822118,0,0,1,3,36,0.05999330862212438,8.624554335646584,35,3,2,0,2,0,Benign,0
1,0.06034555066693929,0,0,0,9,19,0.06886217448046726,2.7885517290159703,27,10,2,0,0,0,Benign,0
1,0.08164504616185922,0,0,0,5,25,0.24050120372117398,1.59533593101341,40,6,1,0,2,0,Benign,0
2,0.027236192175396922,0,0,0,8,29,0.3015676058802544,1.5723718287591513,28,7,2,0,2,0,Benign,0
3,0.03899888844446417,0,0,1,2,25,0.03784959565009248,5.447753601069492,38,7,4,0,0,1,Benign,0
1,0.020807671667553904,0,0,0,3,25,0.10005758147034867,1.5795694752902214,46,14,2,0,4,0,Benign,0
1,0.04753005915136302,1,1,0,7,29,0.057414489183477906,2.2652855134955514,57,8,1,0,0,1,Benign,0
1,0.011995428646342052,0,1,0,5,22,0.07796710588000243,6.782967224971416,47,10,3,0,1,0,Benign,0
1,0.019546944617205037,0,0,0,4,27,0.09972076181487227,0.3997167557612,39,6,3,1,2,0,Benign,0
2,0.17751381437333086,1,0,0,5,27,0.2601770617320977,2.528738427989081,39,15,0,0,3,0,Benign,0
3,0.007212758842507054,1,1,0,5,34,0.19715277889352423,0.6917898682690141,38,7,5,0,2,0,Benign,0
1,0.10548719151052649,0,0,0,1,26,0.17842685378122883,2.827561703347759,52,10,3,0,1,1,Benign,0
1,0.05777974723288188,0,0,0,7,29,0.48345178158597907,1.4012449921847572,43,6,1,0,4,0,Benign,0
1,0.07470040145382122,0,0,0,8,19,0.21894809377748325,5.053442409391737,40,11,3,1,1,0,Benign,0
3,0.02795570053796621,0,1,0,2,21,0.07249526329392139,3.412252202670478,34,9,3,1,1,0,Benign,0
2,0.020197801769609662,0,0,1,4,24,0.22740383363567926,1.5024047868245611,45,11,2,0,0,0,Benign,0
1,0.007244941487860234,0,0,1,7,19,0.17200019765412913,3.4518182463721994,48,12,3,0,0,1,Benign,0
1,0.07742091157464093,1,0,0,3,28,0.05775628207127166,5.095682002794755,33,4,1,0,0,0,Benign,0
1,0.01395901910391294,0,1,0,5,30,0.11106578110942708,5.197411703087696,46,9,1,0,1,0,Benign,0
3,0.042904669131989946,0,1,0,6,23,0.014583873664950583,9.014478091129135,34,11,2,1,0,1,Benign,0
2,0.050179188803567656,0,1,1,2,18,0.2621673522957895,3.5391751292997737,33,14,6,0,3,0,Benign,0
3,0.905229048219077,4,8,250,604,15,0.8217466200988542,146.14365445809307,21,9,171,1,53,1,Attack_DataExfiltration,1
1,0.015186565225192308,0,0,2,2,29,0.12892157213374664,5.30038104548194,37,8,2,0,3,0,Benign,0
1,0.1628069618248606,0,0,0,5,24,0.1550040085024075,5.679387459292653,37,12,2,0,1,0,Benign,0
1,0.0746734956567167,0,0,2,3,29,0.25172738657293575,0.8955808496143872,36,10,4,0,1,0,Benign,0
1,0.010149583868752114,1,1,1,7,25,0.16300241009301458,3.532281516133292,35,13,2,0,0,2,Benign,0
2,0.5276326609997682,6,5,247,570,18,0.8322588797570839,61.27941494249745,17,9,164,1,45,0,Attack_DataExfiltration,1
2,0.8385080991044644,8,6,265,580,11,0.808027217092909,184.83935443613223,19,9,177,0,44,1,Attack_DataExfiltration,1
1,0.0026613290428499064,0,0,1,5,24,0.25560320738798975,2.3948823345426575,35,8,3,0,1,2,Benign,0
2,0.0096781704609803,0,0,1,4,22,0.2211132857549507,1.3914913739781312,44,8,1,0,0,0,Benign,0
1,0.024512707210618274,0,1,0,1,17,0.1128760406573209,0.6510867506918224,36,13,1,0,0,0,Benign,0
1,0.005430550765259197,1,0,0,5,37,0.309768298699127,7.456118811058708,39,6,4,0,3,2,Benign,0
1,0.022715163385576654,0,1,0,3,29,0.1481092598366159,1.028489557324125,34,13,2,1,0,0,Benign,0
1,0.8015857402754258,1,7,251,576,20,0.9236808763397965,130.07185742389413,22,5,179,0,58,1,Attack_DataExfiltration,1
2,0.04884600492987851,1,0,0,2,19,0.20031635200084486,3.1933706244700018,33,10,2,0,0,0,Benign,0
3,0.05796460078827231,0,1,0,2,27,0.20467750542002353,2.1898793383969566,38,9,1,0,1,0,Benign,0
1,0.005853625865039036,0,0,0,6,31,0.09916649458612065,0.9983851059502784,38,13,1,0,0,0,Benign,0
2,0.010330062775735891,0,0,0,3,21,0.12279914886637992,2.423219718330429,45,5,3,0,0,0,Benign,0
1,0.13923233901492468,0,0,0,7,26,0.09048931311593467,11.973789366391577,47,13,0,0,0,0,Benign,0
2,0.06221324197439359,0,0,1,2,29,0.2380486184803383,5.43974566611706,45,6,2,0,0,0,Benign,0
1,0.8159234191146143,4,7,239,601,22,0.7635511019189389,178.53116596737297,19,2,177,1,51,1,Attack_DataExfiltration,1
2,0.05349296422965915,1,0,1,11,30,0.18224918474125318,2.975155571582862,51,8,3,0,0,0,Benign,0
1,0.03860400855725146,0,0,1,6,22,0.16257394900222755,2.5992894738370014,40,11,0,0,0,0,Benign,0
2,0.04901303355791953,0,0,0,7,21,0.07734302894332358,0.509302407404873,37,11,1,0,1,0,Benign,0
1,0.03206681577757488,1,0,0,6,25,0.1052141466243553,1.4414656078666221,40,8,2,0,1,0,Benign,0
2,0.020986871557920464,0,0,1,3,26,0.12273199910954181,2.284712789954339,32,12,1,0,0,0,Benign,0
1,0.021552999008932944,0,0,1,5,25,0.05310987183800755,5.445983340795299,34,15,2,0,1,0,Benign,0
1,0.0009680686594447317,0,0,0,2,19,0.05110414851724768,0.4777436255886184,43,7,2,0,1,1,Benign,0
7,0.7190627667677263,5,0,0,11,2,0.17158109400743063,0.3078263109851696,119,4,1,20,0,24,Attack_InsiderSabotage,1
2,0.016865757961657638,0,0,1,5,25,0.21937408713795684,1.4513430440900221,32,12,3,0,1,0,Benign,0
1,0.012559571322914877,0,0,0,7,34,0.23427266991927867,1.0107472827168635,38,4,4,0,0,0,Benign,0
2,0.03700698575703839,0,0,0,1,25,0.31023891088964894,1.1354718252287377,29,11,0,0,0,0,Benign,0
1,0.01490199407964322,0,0,0,3,23,0.3191258520652157,1.2752387510768308,34,10,0,0,1,0,Benign,0
1,0.4775027914165194,5,7,240,603,27,0.883142540704931,221.32383715036846,23,6,152,1,52,2,Attack_DataExfiltration,1
3,0.6080426896821413,2,2,0,10,3,0.05240012760394736,0.4614846186894741,103,5,0,17,0,23,Attack_InsiderSabotage,1
1,0.06646421273153427,0,1,0,4,19,0.28128135892099304,1.2758551491770684,44,12,6,0,0,1,Benign,0
2,0.01105919943541312,0,0,0,3,33,0.16470318601768752,0.4185988230155345,48,10,6,0,3,2,Benign,0
1,0.8767809364928493,4,5,269,620,21,0.7139464001317779,177.0769286411316,24,3,160,2,28,0,Attack_DataExfiltration,1
3,0.011230659471504511,0,0,0,4,24,0.10943479275004028,1.3823728645037905,58,11,3,0,0,0,Benign,0
3,0.00647902875654931,0,0,0,4,23,0.3427144139170531,1.9347924416922035,43,13,1,0,0,1,Benign,0
1,0.012028328821316442,0,1,1,2,36,0.21577875250590134,1.9843957141161555,36,14,4,0,1,0,Benign,0
1,0.027442062341214015,0,0,1,4,24,0.16649282570161003,2.3437354770185586,45,8,4,0,0,1,Benign,0
1,0.11392654311025506,0,0,0,5,23,0.06393203719092107,1.4665321147507557,47,13,3,0,0,0,Benign,0
1,0.025427325509588018,0,0,2,6,31,0.14241230530259572,1.3537457726176614,49,10,1,0,2,0,Benign,0
1,0.025496029510990403,0,0,1,6,19,0.027299561612272243,0.5881464720897778,46,11,4,0,0,0,Benign,0
1,0.0052374811721296695,0,0,0,4,23,0.2778578629789468,10.356771201696224,52,13,0,0,1,0,Benign,0
1,0.20281779279865644,1,0,2,5,24,0.12653989719926215,0.7170962206428702,31,11,5,0,0,0,Benign,0
2,0.1574651943488089,0,0,2,4,30,0.23077018221325893,2.906572521699415,39,12,1,0,0,0,Benign,0
4,2.695423699472246e-05,0,0,0,6,30,0.2287110121361449,0.42686617980684816,40,10,6,0,2,0,Benign,0
1,0.04525595228214282,0,0,0,7,30,0.019169400653162673,4.211088100001474,48,8,0,0,2,0,Benign,0
1,0.011215664836611018,1,1,0,7,25,0.09821475136407982,2.5585606691506384,37,3,1,0,3,0,Benign,0
2,0.025301764242452597,0,1,1,4,20,0.18736912969249292,7.245532812409317,37,9,1,0,1,0,Benign,0
4,0.9233551816797566,3,1,0,13,9,0.002749606935862667,0.36477555797265226,92,6,3,18,0,21,Attack_InsiderSabotage,1
3,0.02422398040253467,0,1,0,7,25,0.351322836106565,4.364430726802454,39,12,3,0,1,0,Benign,0
2,0.005327301095938377,1,1,1,5,24,0.25461536909261057,11.125930214252755,36,8,0,0,0,1,Benign,0
2,0.11769883157092434,1,1,0,8,28,0.45071087218281625,0.16907595353388868,35,11,2,0,1,0,Benign,0
1,0.0035556564603894986,0,0,0,7,29,0.09755478839075037,1.1179787533741417,40,7,1,0,1,0,Benign,0
3,0.013792953588228374,0,0,0,7,32,0.21929849708516408,2.840667388687655,54,6,1,0,2,0,Benign,0
1,0.012417993539933008,0,0,0,11,23,0.052752492691083175,3.732450143591505,36,11,2,0,0,0,Benign,0
2,0.048708327984175036,0,0,1,3,34,0.03873632605285773,5.4777671842909506,37,10,3,0,2,0,Benign,0
3,0.060758411654025714,0,0,0,3,19,0.059446208165312035,0.5434928073626645,44,7,2,0,0,0,Benign,0
1,0.007469369537958362,0,0,1,7,26,0.07990867768490155,1.9085269866537442,46,16,1,0,0,1,Benign,0
2,0.6019388963070493,5,2,247,586,12,0.6728195141669143,109.41964566837711,17,4,162,2,45,0,Attack_DataExfiltration,1
3,0.05364060408485133,0,1,0,7,26,0.3110155296051935,5.598260920191098,46,6,3,0,1,1,Benign,0
3,0.10593335875052634,0,0,1,5,33,0.09609039508522789,1.6837902265995714,46,11,2,0,2,0,Benign,0
3,0.0642918912062036,0,0,1,3,23,0.4073377349540446,5.737580977801467,51,14,4,0,4,0,Benign,0
1,0.028260218921224,0,0,1,4,19,0.09443101269992749,1.3123264987294605,31,17,0,0,0,0,Benign,0
4,0.8935777795551222,4,1,0,8,2,0.016580400873951337,1.269504329282261,97,7,2,20,0,23,Attack_InsiderSabotage,1
2,0.01041079396722256,0,0,0,9,24,0.2737990829346938,2.2634689486307904,50,10,0,0,0,0,Benign,0
1,0.019798221339970515,0,1,0,7,36,0.10244873044516781,5.778124138782333,43,9,1,0,1,0,Benign,0
2,0.8211225100957591,4,10,257,542,11,0.9681456390481383,169.59593571951845,14,7,174,0,51,0,Attack_DataExfiltration,1
1,0.008517977092947627,2,0,0,3,25,0.2898266141705782,23.79116537071106,30,10,1,0,2,0,Benign,0
1,0.8219800882062498,4,6,217,594,17,0.7878052787903134,121.17803821652305,15,5,165,0,42,0,Attack_DataExfiltration,1
2,0.05999680516113154,1,0,1,5,27,0.018201194104086896,2.3504639880204947,51,6,1,0,0,0,Benign,0
1,0.04597995531067553,0,0,0,4,24,0.19726129173802012,11.4000055291847,46,9,3,0,0,0,Benign,0
4,0.5553852371436941,3,0,0,6,5,0.0664647121311067,0.7607125861122057,106,0,2,17,0,21,Attack_InsiderSabotage,1
1,0.03780394136928771,1,0,2,5,19,0.3659999245672896,7.9303586878001004,45,10,4,0,0,0,Benign,0
4,0.8038141602432394,5,1,0,9,10,0.03413589180923483,0.9957536682829669,93,5,1,16,0,15,Attack_InsiderSabotage,1
2,0.058730660352266206,0,0,0,2,27,0.19684751394689085,0.8039019375232157,43,14,3,0,1,0,Benign,0
2,0.025716197931800314,0,1,0,4,29,0.40188818994227044,1.0490264002150769,47,13,2,0,2,0,Benign,0
3,0.11192448646248152,0,0,2,7,28,0.06637603925713824,0.7994841483380747,47,10,1,0,0,0,Benign,0
2,0.06822547652939694,0,0,0,4,24,0.1337048227836414,3.704696869416123,25,13,3,0,1,2,Benign,0
1,0.1441736647720395,0,0,2,7,30,0.008354590689700896,3.5274890334355327,40,11,2,0,1,1,Benign,0
1,0.05918282581411282,0,0,0,4,23,0.15936162389557745,0.7401445957898792,47,7,5,0,1,0,Benign,0
1,0.7495306358211207,4,6,241,574,14,0.8042343946643101,120.90808568620139,22,5,163,1,59,0,Attack_DataExfiltration,1
8,0.7738511222334581,3,0,0,9,8,0.057596400004753114,0.9579703908389157,108,2,1,16,0,23,Attack_InsiderSabotage,1
1,0.0869591968473905,1,1,1,6,24,0.1367342367835898,1.406546899470732,39,13,1,0,1,1,Benign,0
4,0.04740806382196602,0,0,1,3,19,0.28614601327335626,3.779600603694029,41,7,4,0,1,0,Benign,0
1,0.021530273231784445,0,0,0,7,26,0.19434514371462977,1.533085752584928,43,3,3,0,0,0,Benign,0
5,0.6875910941973012,7,1,0,7,5,0.16665874275454448,0.595910175925979,111,1,1,6,0,14,Attack_InsiderSabotage,1
2,0.009477114917185557,0,1,0,3,18,0.24340601009937807,6.124426058286481,35,13,1,0,1,1,Benign,0
1,0.05203942950771389,0,0,0,1,35,0.21196734123744268,8.11439463363458,35,10,0,0,1,0,Benign,0
4,0.05538946640206063,0,0,1,5,21,0.03579496280852045,5.117046648009431,36,9,2,0,0,0,Benign,0
1,0.8712588539873416,4,5,248,583,11,0.7626091113831192,142.91283576095157,28,2,172,1,59,2,Attack_DataExfiltration,1
1,0.06620610959862737,0,0,0,6,31,0.0647234120109462,2.379086401055162,53,8,1,0,0,0,Benign,0
1,0.03462479973261017,1,0,2,5,24,0.012164329074962463,2.014735833586518,40,10,3,0,1,1,Benign,0
1,0.05669879950582758,0,0,0,2,29,0.21184345654950815,0.7480737599661932,39,14,0,0,0,0,Benign,0
1,0.06383378287641789,0,0,1,1,27,0.20913327780687616,2.7862117327126517,52,20,3,0,0,0,Benign,0
1,0.059364099467846536,0,0,0,2,20,0.0332692686851605,0.18800205138564996,44,11,2,0,0,0,Benign,0
2,0.14444895519596454,0,0,0,2,26,0.3658849976930245,4.572946168556587,30,8,1,0,1,0,Benign,0
1,0.0010113011204524308,0,0,0,6,23,0.10729243800277177,20.341081936490237,44,20,4,0,1,0,Benign,0
1,0.03827512627022986,0,1,1,8,30,0.11363696652632346,1.7760509140638512,43,16,2,0,1,0,Benign,0
1,0.03510654788261248,1,0,0,8,34,0.06372304337405865,4.09658286233187,51,10,2,0,0,0,Benign,0
1,0.12290462215420732,1,0,0,8,37,0.11452951582056621,1.7172187641969054,38,16,1,0,4,0,Benign,0
2,0.6552782621634496,9,6,261,562,22,0.8471872137728612,176.60913874017723,17,9,168,0,52,1,Attack_DataExfiltration,1
3,0.5375978582800993,3,6,246,593,19,0.971962010302621,223.24400127032897,15,8,176,1,58,1,Attack_DataExfiltration,1
1,0.0764210206266473,0,0,0,8,29,0.3638815011892953,0.9851352789240201,42,12,0,0,1,0,Benign,0
1,0.023533411715888772,0,1,1,7,18,0.48418473723861505,11.926381292453597,45,8,1,0,2,0,Benign,0
3,0.005275234564460926,0,0,0,8,29,0.194594168876244,2.015670454507377,38,6,1,0,1,1,Benign,0
2,0.0058691888783271055,0,0,2,6,31,0.06427737397886218,2.7116491581229116,42,15,1,0,2,1,Benign,0
2,0.06457171422333022,0,0,1,2,28,0.059941133602485354,6.515858507684087,35,11,2,1,2,0,Benign,0
2,0.014340975855599321,0,0,2,2,21,0.11856401935378419,0.5636131339842111,35,8,5,0,2,1,Benign,0
1,0.025512150944946372,1,1,1,8,25,0.18494875280508855,3.8420022016014177,40,9,1,0,1,1,Benign,0
1,0.03401773802117313,0,0,0,2,29,0.09453922970550434,1.169594104784752,47,6,1,0,1,0,Benign,0
1,0.11186392589732136,0,0,0,6,26,0.06080466916298467,1.603044378912408,38,14,2,0,2,0,Benign,0
2,0.03553823697260664,0,1,0,4,20,0.406740842794789,3.2062530867213628,37,9,2,0,0,0,Benign,0
1,0.011207373245363533,0,0,0,2,25,0.07702242068195163,3.6199394460456804,38,11,4,0,0,0,Benign,0
1,0.036260392704021656,2,0,0,5,25,0.31047658918466026,1.5154203962057118,48,12,2,0,1,0,Benign,0
3,0.09448502840589217,0,0,1,10,32,0.18008070190504347,6.6735492905495475,43,10,1,0,3,1,Benign,0
2,0.0033941029745604237,0,0,1,7,34,0.27387233780455733,4.107843135917053,39,7,3,0,1,0,Benign,0
2,0.03130437406783098,0,0,0,4,26,0.21678287546475725,1.1473570775798156,34,8,1,0,0,1,Benign,0
1,0.06302062181679081,0,0,0,7,29,0.022319136986476917,0.5552681507167586,40,18,2,0,0,0,Benign,0
2,0.1362442356383983,0,0,0,2,31,0.12097021336741862,1.252299298964829,48,5,0,0,2,1,Benign,0
2,0.6540310958515182,7,8,243,600,11,0.8726666309792089,121.65998142718135,21,5,178,0,47,0,Attack_DataExfiltration,1
1,0.0007160477346032454,0,0,0,4,24,0.06714486626455161,5.038461179908316,47,11,1,0,1,0,Benign,0
3,0.05065565193411199,1,0,1,5,29,0.3680305670282852,2.0785108810998545,40,8,4,0,2,0,Benign,0
4,0.023943140402415228,0,0,1,5,26,0.04567699129520092,1.0167450829197824,45,13,0,0,0,0,Benign,0
4,0.0027300630290921935,0,0,1,4,23,0.05248119351858832,14.598422147133634,45,14,1,0,2,0,Benign,0
2,0.003484226051720207,0,0,0,4,29,0.16630080718034954,11.8479956477059,32,11,2,0,2,1,Benign,0
2,0.025443745407885923,0,0,0,4,32,0.2067439729937608,2.9922756256818532,36,10,3,0,1,2,Benign,0
1,0.0029586440011631645,0,0,0,4,23,0.20792211520942927,3.0422414400043434,34,9,1,0,1,0,Benign,0
1,0.018899761279938084,0,0,0,5,17,0.0576815561498764,3.0862833256819857,39,6,2,0,1,0,Benign,0
6,0.7578482407364128,5,3,236,641,16,0.9517845592229119,154.16005626952165,23,4,184,1,49,0,Attack_DataExfiltration,1
4,0.22862606569885144,1,1,0,11,4,0.0330067921282854,3.2514346725669125,114,9,1,14,0,17,Attack_InsiderSabotage,1
2,0.6620485855275732,6,7,248,624,18,0.6172044213608605,72.0391281792861,12,4,141,0,50,0,Attack_DataExfiltration,1
3,0.0025730937708248673,1,0,2,2,28,0.12481525345093933,20.070001181802514,56,14,5,0,1,1,Benign,0
3,0.07828146518663771,1,0,0,5,35,0.1688082361623123,18.360978114247942,30,13,0,0,1,0,Benign,0
1,0.08278252163285922,0,0,2,5,26,0.14059401946974992,2.9512290237762047,52,11,2,0,1,1,Benign,0
2,0.7402994065616517,10,8,244,597,14,0.7739266847465883,75.31934818024351,14,5,170,2,42,1,Attack_DataExfiltration,1
1,0.01103876299007256,0,1,1,8,21,0.21719223957916728,1.9562595808301886,34,12,2,0,1,0,Benign,0
1,0.004210245120882356,0,0,0,3,27,0.2523483163487829,7.9100943183850365,52,11,0,0,1,0,Benign,0
3,0.02382367043069019,1,0,1,2,21,0.05132682614286378,2.363332723050428,42,12,0,0,2,0,Benign,0
2,0.06749049741634806,0,0,0,5,17,0.2260187036572836,5.37536186151045,44,7,2,0,0,0,Benign,0
3,0.0714747000673772,0,0,0,5,23,0.05454069193054731,0.42941843511548944,40,5,3,0,1,0,Benign,0
2,0.6431989234014792,5,9,256,590,18,0.684243917586532,149.35017070470613,15,5,169,2,46,0,Attack_DataExfiltration,1
2,0.02762436736404727,0,0,0,8,22,0.07478895814500332,2.5743676977184666,35,7,0,0,1,0,Benign,0
6,0.44649332602187225,3,0,0,9,8,0.03159206854983034,0.8969591004838313,97,4,2,20,0,20,Attack_InsiderSabotage,1
5,0.8732829927826938,6,8,240,604,13,0.9248551799786604,168.119759851104,17,6,165,1,55,2,Attack_DataExfiltration,1
2,0.020939180714572417,1,0,0,4,24,0.14647103404774997,11.627322203937345,40,7,1,0,1,1,Benign,0
1,0.012852539780196234,1,0,0,4,30,0.17768736375402383,1.0339701923597453,39,12,1,0,0,0,Benign,0
1,0.8385757003547372,6,8,249,627,19,0.8993492131091425,84.29627240791478,21,0,172,1,41,0,Attack_DataExfiltration,1
2,0.13159138609445042,0,0,0,3,25,0.10665634101568765,0.7780738495598591,41,3,0,0,0,0,Benign,0
4,0.8604111376365148,6,5,249,610,18,0.9238401093561047,240.8110836370394,22,7,173,0,55,1,Attack_DataExfiltration,1
2,0.006471177653214758,0,0,0,4,28,0.18320458170636342,10.749907294213166,40,15,1,0,0,0,Benign,0
2,0.02065727037404488,0,0,1,5,20,0.20996412453334592,8.205720693064093,43,16,3,0,2,1,Benign,0
5,0.8572884988212643,4,1,0,13,8,0.04148947284514303,0.9292905092138286,83,3,1,15,0,18,Attack_InsiderSabotage,1
2,0.02701854857128268,0,0,0,5,13,0.29744396134380013,4.104217277678065,54,7,0,0,1,0,Benign,0
2,0.04616301334579531,0,0,0,5,33,0.1719001220481867,3.6967508316111397,53,18,2,0,2,0,Benign,0
2,0.018790958616446026,0,0,1,6,33,0.30731355126162074,12.77704109092628,36,12,4,0,0,0,Benign,0
2,0.03752980763143129,0,0,0,4,24,0.0465126430329538,1.6061698803112063,33,7,2,0,1,0,Benign,0
1,0.0019386486311891136,0,0,0,6,16,0.3708199923481374,1.1504667627555705,36,8,0,0,0,0,Benign,0
2,0.11937061126944835,0,0,0,3,20,0.2897792870798205,0.8608028709451102,44,11,0,0,1,1,Benign,0
3,0.09779878223603596,1,0,2,5,24,0.042484342034035866,5.1994990416063995,33,10,1,0,4,0,Benign,0
1,0.009227634791437532,0,0,0,6,26,0.04977727033441929,7.354724302956868,45,8,4,0,3,0,Benign,0
3,0.12372531356328006,0,0,0,6,22,0.03174671452979349,18.868083927513695,35,8,3,0,1,0,Benign,0
1,0.7859285601395409,3,6,273,605,17,0.9569913215022382,200.1928160302593,24,2,152,1,49,2,Attack_DataExfiltration,1
2,0.06158243201585809,0,0,1,1,25,0.12561869654654578,1.4584483695465587,44,11,3,0,0,0,Benign,0
6,0.6624524243277979,4,6,246,563,15,0.8519568411080833,254.775429774426,21,9,164,1,46,4,Attack_DataExfiltration,1
3,0.528658206789254,6,4,236,597,15,0.8260252132622612,369.6177423923555,14,5,166,0,45,1,Attack_DataExfiltration,1
1,0.001300152481061704,0,0,1,7,29,0.02251528695496405,12.5704959957661,43,12,2,0,0,0,Benign,0
6,0.0004250934438225515,0,1,0,6,24,0.10698662383283368,1.5726392100234667,43,8,5,0,1,0,Benign,0
1,0.031314612472911035,1,0,1,5,28,0.1907990864860912,0.580240101610101,32,7,2,0,1,0,Benign,0
1,0.09449201451075345,0,0,1,1,24,0.09737521499427407,12.003044966588444,32,8,3,0,0,0,Benign,0
1,0.05086380798955433,0,0,0,9,26,0.04043596345266403,1.9175808007128257,42,6,1,1,0,1,Benign,0
2,0.08632056177089036,1,0,0,3,18,0.14197278357535761,8.48127330111322,31,4,2,0,0,0,Benign,0
1,0.198481207404069,0,0,1,5,21,0.2520121906819676,1.311760621090251,37,17,2,0,0,0,Benign,0
2,0.771623895860618,6,4,257,621,18,0.7626759910796745,251.61960324492412,16,5,190,0,55,0,Attack_DataExfiltration,1
1,0.003728093346997205,0,0,1,7,34,0.22933758789490413,7.956768579925773,39,9,3,0,0,0,Benign,0
4,0.002857503816421095,0,0,3,6,27,0.06634882175726066,0.5365702787662309,36,9,0,1,0,0,Benign,0
1,0.03676266979585725,0,0,2,10,28,0.02660863207955649,3.434497807203258,33,4,2,0,1,0,Benign,0
3,0.05598537651446918,0,0,2,4,16,0.16765206479422665,0.39617871162906454,38,11,3,0,1,0,Benign,0
1,0.01611457967173435,0,0,2,6,20,0.2496171130415765,7.1291830396204,49,9,2,0,3,0,Benign,0
5,0.09475968107063211,0,0,1,3,24,0.13621537098498546,0.30479111697877465,34,6,3,0,2,0,Benign,0
5,0.5386776898074361,5,0,0,10,0,0.14283106843732565,0.20870839705919036,99,3,0,11,0,21,Attack_InsiderSabotage,1
3,0.10746159098971511,0,0,0,4,27,0.0993818741591536,1.2644502380201428,44,19,1,0,1,0,Benign,0
1,0.026827972121701314,0,1,0,4,28,0.19825351881106296,6.860044373461656,35,8,1,0,0,0,Benign,0
4,0.01362841074815663,1,0,0,6,19,0.14983773477990192,1.3729893416265653,43,10,2,0,3,0,Benign,0
3,0.9025150349009369,7,5,263,579,19,0.8511975450459922,169.08408907370864,20,8,165,0,54,0,Attack_DataExfiltration,1
5,0.47671664901223776,6,0,0,12,7,0.05965448858787197,0.33478528065914565,114,8,1,12,0,21,Attack_InsiderSabotage,1
1,0.04148916019812724,2,0,0,4,28,0.0522355053092497,3.966521227661496,50,9,1,0,1,2,Benign,0
4,0.23183726004851807,0,0,1,8,24,0.2975914987806421,1.563386314272204,45,9,2,0,1,1,Benign,0
2,0.06382000355117932,0,0,1,5,21,0.0881328047839322,3.435202793309938,52,8,0,1,1,0,Benign,0
3,0.1676530946138457,0,0,1,1,22,0.45561690081788075,1.3679721431966791,50,9,1,0,1,1,Benign,0
4,0.6124727415116701,5,2,0,9,3,0.06101850380806929,0.16197502999700175,98,7,2,13,0,24,Attack_InsiderSabotage,1
1,0.05989879737096355,1,0,0,5,25,0.3249615959564788,2.2941472264665768,51,11,4,0,2,0,Benign,0
4,0.39244482708076117,2,2,0,9,5,0.2122569636865549,0.9100580872388327,99,6,4,16,0,19,Attack_InsiderSabotage,1
1,0.016949264830607155,0,0,1,6,23,0.16865921438668774,30.380762443002066,33,13,1,0,0,0,Benign,0
1,0.03181939254656771,1,0,0,3,24,0.15061961264742058,1.4634627204643829,45,9,2,0,2,1,Benign,0
2,0.12774287131762938,0,1,0,7,26,0.11723244242290887,2.360636852548938,35,13,4,0,7,0,Benign,0
1,0.025580865886527204,0,2,0,2,28,0.08685352103923129,8.16945632713278,32,10,5,0,2,1,Benign,0
2,0.8601420148733663,7,5,243,624,21,0.8966747407481411,90.37084588576174,25,8,173,2,41,1,Attack_DataExfiltration,1
1,0.03922698453389089,0,0,1,5,29,0.07429937962746853,0.42888616365584653,52,9,2,0,0,0,Benign,0
2,0.028426588198848877,0,0,0,7,30,0.1253920925180531,2.2041924386161877,37,8,2,0,3,0,Benign,0
1,0.01572139727056285,1,1,0,4,23,0.1171867664936033,1.4911109401560092,29,14,2,0,2,0,Benign,0
2,0.07984311974707102,1,0,0,5,18,0.2201990308107722,6.549131079971434,35,11,2,0,2,1,Benign,0
2,0.0698905120939524,0,0,0,3,26,0.1013930475049739,0.8151041236661344,50,6,2,0,1,0,Benign,0
1,0.012379683604516375,0,0,1,2,23,0.1326283448101801,27.92065490332139,48,14,5,0,0,0,Benign,0
1,0.014460356273925517,1,0,0,8,24,0.043380966791341506,0.7846552583975172,40,7,2,0,1,0,Benign,0
3,0.0046065025863190725,0,1,1,8,20,0.046170434564518185,6.939669012467021,29,14,1,1,0,1,Benign,0
3,0.02020744804208953,0,0,0,7,22,0.1643780216331307,22.97625539200634,51,8,2,0,0,0,Benign,0
1,0.1861353107062294,0,0,0,5,27,0.3191105259811518,1.2855285654998034,43,12,5,0,0,0,Benign,0
2,0.03720572670239597,0,0,0,7,16,0.04046953620930662,1.7973094851803058,37,5,3,0,2,1,Benign,0
2,0.009362312815681879,0,0,0,6,26,0.028050131524017766,5.5527284281145945,41,11,3,0,0,0,Benign,0
2,0.06577021998228087,1,0,0,1,22,0.06530883763026167,3.201188408834634,36,15,0,1,0,0,Benign,0
1,0.04210942228630147,0,0,0,1,24,0.2929565154313669,4.2538956567989015,42,7,1,0,1,1,Benign,0
2,0.13146155114444036,0,0,0,7,22,0.15801269432902282,1.3775744575102036,35,5,2,0,4,1,Benign,0
2,0.19097639519631524,0,0,0,1,25,0.1418373950034541,0.41130643996862226,54,6,3,0,0,0,Benign,0
1,0.03935525335604326,0,0,0,5,22,0.058583390486601376,1.2558457495939923,42,11,0,0,1,1,Benign,0
5,0.33146857550580905,3,1,0,11,5,0.10942845372627341,2.4363909157241412,99,8,1,17,0,21,Attack_InsiderSabotage,1
3,0.8184854140167511,7,8,237,562,17,0.7880503754548785,83.87091831401773,28,2,162,3,61,1,Attack_DataExfiltration,1
2,0.0002253897806868104,0,0,0,6,17,0.16941717532025818,3.0068468688882994,54,9,2,0,1,0,Benign,0
2,0.100681489142739,0,0,0,5,20,0.17694453931088744,3.0678826945342,34,12,4,0,1,0,Benign,0
1,0.06289988061672054,0,0,0,3,23,0.09721547898707135,4.431068003549284,37,6,1,0,0,0,Benign,0
3,0.07903395178692015,0,0,0,6,30,0.139988706903336,0.5337410992848475,41,8,2,0,2,0,Benign,0
3,0.023353211758565105,0,0,0,4,27,0.30471291195293854,5.594410520816633,48,7,2,0,2,1,Benign,0
1,0.04823108947018681,0,0,0,2,29,0.43928660123902213,4.639613362247314,43,15,3,0,1,1,Benign,0
3,0.007443536430760593,0,0,3,3,27,0.2108577010937319,3.6421827517908922,37,8,1,0,1,0,Benign,0
3,0.004795962458387251,0,0,1,5,25,0.10686595387218986,13.715182599296366,40,13,2,0,0,0,Benign,0
1,0.776861103791653,5,5,239,588,12,0.9394711472000832,149.0818588483976,24,8,168,1,40,0,Attack_DataExfiltration,1
1,0.003977854211913138,0,0,0,5,28,0.10415616020497619,4.646614858651835,38,13,0,0,2,0,Benign,0
1,0.007202967542562352,0,0,1,3,23,0.07252360247584186,6.935920676009221,40,10,0,0,0,1,Benign,0
2,0.08330988399556365,0,0,1,6,19,0.0933490120148984,2.0280971556349026,34,9,2,0,0,0,Benign,0
4,0.0585535185356356,1,0,1,5,21,0.07456762767085645,14.73936939066161,48,12,0,0,2,0,Benign,0
1,0.052052945515472585,0,0,2,2,27,0.057307305464903265,5.155514248442654,37,14,1,0,1,0,Benign,0
3,0.05544859735524889,0,0,2,7,19,0.052259312064795296,1.9721318084566406,36,10,1,1,1,1,Benign,0
1,0.03608799269117147,0,0,2,5,28,0.036289481935196495,1.3196686316922028,37,9,2,0,2,0,Benign,0
1,0.09953805728756118,0,0,0,9,35,0.05648458098056753,4.674143548161669,52,10,2,0,1,0,Benign,0
3,0.046535509847059335,0,1,0,4,24,0.0926822551970954,5.409620463900243,43,13,1,1,1,2,Benign,0
1,0.018202205991708745,0,0,2,2,17,0.08621935816297352,2.536671085107067,48,8,2,1,2,0,Benign,0
2,0.05883868188565554,0,0,1,4,17,0.21893192784903895,1.4756025865504414,40,11,1,0,2,0,Benign,0
1,0.03144394279491387,0,0,1,4,22,0.35102511814877263,1.49372842466507,40,8,1,0,1,0,Benign,0
1,0.043879806337235434,0,0,0,4,30,0.06374778768091312,1.3529777619451058,46,6,2,0,1,0,Benign,0
1,0.08524362497428242,0,0,0,9,17,0.15167380471436973,1.419879519752336,39,8,3,1,2,0,Benign,0
7,0.5802575487623303,1,1,0,16,4,0.05326354417927624,0.34973152430388366,102,6,0,17,0,17,Attack_InsiderSabotage,1
5,0.10657487255132896,0,0,1,8,22,0.07433090059917569,1.7873597427973973,38,9,2,1,0,0,Benign,0
2,0.11049458185547444,0,0,0,6,24,0.17744373006615852,0.5501437545964355,35,11,3,1,1,0,Benign,0
4,0.036835952101021155,0,0,2,7,25,0.08901381700003826,2.105655582472339,32,9,4,0,2,0,Benign,0
2,0.019935892188613635,0,1,1,7,25,0.0961211231661361,1.2153893073245654,34,14,1,1,1,1,Benign,0
3,0.09707412659448632,0,1,0,7,29,0.19199327583941111,0.9850312174652659,38,7,1,0,0,0,Benign,0
5,0.20111194201695648,5,1,0,9,7,0.14796735834348013,3.612467512848018,106,1,1,15,0,18,Attack_InsiderSabotage,1
1,0.07735464301917819,1,0,0,4,26,0.12457751612807834,4.1679200440621,35,7,0,0,2,0,Benign,0
1,0.011795505406361071,0,0,0,6,30,0.150127223679297,1.7951912354400135,49,7,2,0,1,0,Benign,0
2,0.06602751004745795,0,1,0,4,24,0.18858256880825422,0.6208028675424258,41,12,0,0,1,0,Benign,0
5,0.07646712278384618,0,0,1,4,24,0.3413037986103113,1.7045337250115689,40,10,2,0,2,1,Benign,0
1,0.02659392121181714,0,0,1,4,24,0.02578489163462739,0.1955426595872102,44,13,1,0,1,1,Benign,0
1,0.5685227773898508,3,6,257,597,14,0.85846370274711,211.32415793803418,20,4,174,2,53,1,Attack_DataExfiltration,1
1,0.05736743449395866,0,0,0,3,23,0.09719085475488896,1.7184850182797968,38,10,3,0,0,1,Benign,0
1,0.13238901256632943,1,0,0,4,31,0.09119178515454793,3.6467799043508555,40,11,3,0,3,0,Benign,0
1,0.03751413949201633,2,0,0,5,25,0.06362788323487187,1.9207971716439127,34,14,5,0,1,0,Benign,0
1,0.03271642318330432,0,0,0,8,17,0.15418825722478377,8.016496368138492,37,14,3,0,2,0,Benign,0
4,0.16080415528342903,0,0,1,2,21,0.11535601112906348,0.6104933760022387,40,7,3,0,1,0,Benign,0
1,0.005531714128980067,0,0,0,6,34,0.042062086153804835,5.1614563699869285,47,9,3,0,0,0,Benign,0
3,0.022821547792132774,0,0,1,1,20,0.07571361056586215,1.9640338328436826,36,8,1,0,2,0,Benign,0
1,0.5190838464800417,6,5,255,592,17,0.6860995154236676,152.52174420228897,24,6,151,0,45,1,Attack_DataExfiltration,1
1,0.028836352574077698,1,0,1,8,25,0.07867123730672922,1.8459581758207426,42,11,6,1,0,1,Benign,0
2,0.16499836394434736,0,0,1,3,29,0.20200370285558159,0.5816160315063673,41,8,1,0,3,1,Benign,0
3,0.05121243626332384,0,0,0,8,27,0.27957980710601704,0.525983218667431,42,8,3,0,0,0,Benign,0
1,0.009838497045643714,1,1,0,6,27,0.059433719826717496,4.983868049626443,46,13,1,1,0,0,Benign,0
3,0.06745535092840042,1,1,0,5,33,0.20611748130787313,1.9744498258582257,42,6,0,0,2,1,Benign,0
1,0.015874795173490382,0,0,3,4,35,0.15905085030836388,1.9717959393383293,41,11,0,0,1,1,Benign,0
3,0.6882973533663719,4,1,0,11,6,0.0372499688189503,0.2756482975769966,95,4,3,16,0,16,Attack_InsiderSabotage,1
5,0.1216710825307427,0,0,0,2,30,0.2647761220476031,4.65133490807192,37,8,2,0,1,1,Benign,0
1,0.15076285700871633,0,0,3,5,31,0.21913878127626168,10.570662262036423,48,17,2,0,1,0,Benign,0
5,0.5757864747014528,2,1,0,13,5,0.06270249646357014,0.9081048529182066,92,3,0,15,0,20,Attack_InsiderSabotage,1
1,0.00324391776193999,1,0,0,7,33,0.12351663971558992,14.56985422664435,38,13,3,0,0,1,Benign,0
1,0.03448656426959231,0,1,1,7,23,0.11495440865321253,3.850869219500946,43,12,0,0,1,1,Benign,0
2,0.09705396850831718,1,0,1,3,40,0.011550620207264044,0.7550381947127409,36,8,1,0,0,1,Benign,0
1,0.10047490406095107,0,0,0,4,20,0.05783121092197701,2.1312372606970302,49,4,5,0,0,0,Benign,0
3,0.027274984254829476,0,2,0,7,28,0.15832539283049513,1.358521446436814,32,4,0,0,2,0,Benign,0
2,0.02432106169003019,0,0,0,4,23,0.2601360226045442,4.920551372950528,39,6,3,1,3,0,Benign,0
3,0.21854217574073617,0,1,0,5,33,0.08191181187387961,26.200945736394665,31,10,3,0,1,1,Benign,0
1,0.059621088673344,0,0,0,3,23,0.12074017899043026,4.821204692414318,43,12,1,0,1,0,Benign,0
4,0.015500337933650497,1,0,0,3,22,0.08174951824396891,2.712061607006281,38,7,3,0,0,0,Benign,0
2,0.12813100154278528,1,0,2,6,25,0.07665537101914108,7.615445813186131,41,5,2,0,0,0,Benign,0
1,0.7315161847536924,9,3,240,582,18,0.7748447861712419,188.45059469508254,18,5,155,1,35,3,Attack_DataExfiltration,1
2,0.6881894606531929,3,1,0,11,3,0.030220012170587517,1.263003737113805,107,4,0,16,0,24,Attack_InsiderSabotage,1
2,0.039159195236996076,0,1,0,6,26,0.29584597788545186,1.3849664445655907,43,10,4,0,3,1,Benign,0
5,0.9062445720180282,3,8,254,630,17,0.7922426692890365,84.52633141479122,18,5,181,0,43,2,Attack_DataExfiltration,1
1,0.02125665011048697,0,0,1,5,19,0.15121686076139512,19.50095678373224,32,14,1,0,1,0,Benign,0
1,0.09531353705723099,0,0,0,1,25,0.05627640383515669,4.828454896005639,37,11,2,0,4,1,Benign,0
3,0.06889241888340979,0,0,2,4,20,0.07699931926023942,1.253688054434621,29,11,2,0,0,1,Benign,0
2,0.6143571781251814,8,5,234,570,19,0.9490526651850572,123.49387020710259,26,4,182,0,57,2,Attack_DataExfiltration,1
1,0.0025036138218983922,0,0,0,6,17,0.07983558456417049,1.475234139399622,38,6,4,0,1,0,Benign,0
1,0.0472306728251102,0,0,1,5,27,0.10518683050386393,4.732916863703021,45,10,2,0,0,0,Benign,0
2,0.0010391114334384046,0,0,0,6,29,0.08530985473573881,3.493285141757957,48,12,1,0,2,0,Benign,0
2,0.15120420729289402,1,0,3,6,17,0.07349584496633302,5.578605401426581,39,7,2,0,1,1,Benign,0
1,0.01632075487201586,0,0,0,8,22,0.26560765987666013,0.5759276604006208,37,13,1,0,1,0,Benign,0
1,0.029369341292544808,0,0,0,5,30,0.12990016437803573,5.118105089323194,48,6,1,0,2,1,Benign,0
3,0.009773522562546367,0,0,0,5,16,0.37459369679724636,0.49642834815741627,52,19,1,0,0,0,Benign,0
1,0.056335065429191034,0,0,0,7,28,0.1300383038536601,0.8557856303529998,42,15,1,0,0,0,Benign,0
3,0.02758792763509165,1,0,0,6,26,0.2408491384860722,0.44969446038079386,34,11,1,0,0,1,Benign,0
2,0.002391083885742655,0,0,2,4,18,0.09444408719657882,1.4613752369722444,41,13,3,0,2,0,Benign,0
2,0.07501710515441505,0,1,0,5,26,0.1747050027796904,1.293983748729294,52,14,2,1,0,0,Benign,0
1,0.11043105311240307,0,0,1,5,31,0.13071304923140045,4.092778499677533,42,13,2,0,2,0,Benign,0
8,0.4301625148536016,1,0,0,16,7,0.03976239839498004,1.2241050464154248,92,7,2,13,0,20,Attack_InsiderSabotage,1
1,0.10779752033799948,0,0,1,7,23,0.04508378924512425,1.1858161799890037,48,11,0,0,0,0,Benign,0
2,0.02425861827520626,0,0,0,6,24,0.20467266845729953,0.18689224590036976,31,10,2,0,1,1,Benign,0
1,0.03511705261992628,0,0,0,12,28,0.062809862392015,1.6378731644444717,30,14,3,0,2,0,Benign,0
2,0.1713050212281857,2,0,0,3,25,0.19087743530616852,1.512352098496198,38,10,3,0,0,0,Benign,0
1,0.16375975884821684,0,0,0,2,25,0.1644024588920097,5.567852245342754,43,5,5,0,1,0,Benign,0
5,0.6528774399976194,7,1,0,9,5,0.04492922359717983,1.197467985883271,99,4,1,13,0,15,Attack_InsiderSabotage,1
1,0.005167446357216773,0,0,0,4,27,0.23841077885788034,7.528135835204469,42,11,2,0,0,0,Benign,0
1,0.008119338147884257,0,0,0,5,29,0.40549099150500506,3.368868515434545,37,12,2,0,0,0,Benign,0
1,0.023377186336270183,0,0,0,9,26,0.22537030827208007,1.0622685446871984,44,5,3,0,1,0,Benign,0
3,0.0020161917582987737,0,0,0,6,26,0.15194221822103024,1.7817737431096485,36,8,2,0,0,1,Benign,0
7,0.5476213077132064,2,1,0,5,6,0.14297660050197022,0.3024215468723491,109,5,0,9,0,19,Attack_InsiderSabotage,1
1,0.030879469503536136,0,0,1,9,29,0.23267124464105762,5.181977962156412,43,9,1,0,1,0,Benign,0
2,0.06456942712395945,0,1,0,3,15,0.15293109065545174,1.8506398567823859,51,12,2,0,2,0,Benign,0
2,0.8338420105525008,5,6,218,561,16,0.8014631885468463,172.098911823039,21,6,158,1,57,0,Attack_DataExfiltration,1
1,0.8755251149217965,4,2,217,603,11,0.8202745156921804,232.32136916153777,21,5,174,0,46,2,Attack_DataExfiltration,1
3,0.10387187700954982,0,0,2,3,27,0.06179499784163202,6.523525782352304,37,4,1,0,0,0,Benign,0
1,0.028389096041179642,1,0,0,6,24,0.2085100164880886,3.1658267142935967,41,12,5,0,1,1,Benign,0
1,0.016410067812119778,1,1,1,6,23,0.25042104495358364,7.701797228787914,38,12,0,0,1,1,Benign,0
1,0.0012230355578918507,1,0,0,7,25,0.11124417222169208,4.964352588789684,49,8,0,1,0,0,Benign,0
2,0.03529213901214769,0,0,1,4,35,0.11092138768048874,4.205356646279843,38,11,4,0,0,0,Benign,0
1,0.004269790249201585,0,0,2,6,16,0.42101398009973107,0.7566364727894997,38,8,2,0,1,1,Benign,0
2,0.045998334730024903,0,1,0,4,25,0.3283488069697028,0.6310729576704927,41,13,2,0,0,0,Benign,0
2,0.02547324124870508,0,0,0,4,25,0.1978504354769165,2.8170833290841504,43,12,0,0,0,0,Benign,0
1,0.0003138500088004594,0,0,1,5,15,0.26288561579241376,6.835686807931652,31,10,1,0,0,2,Benign,0
2,0.05473278422865006,0,1,0,4,30,0.03795663864166341,7.512918907890938,34,11,1,0,1,1,Benign,0
3,0.10761189559165618,0,0,0,5,25,0.1740611735993522,0.5863824130598051,34,13,1,0,2,1,Benign,0
3,0.8987118118281029,4,7,251,603,19,0.7988703390313393,164.67124704508274,24,3,175,1,39,1,Attack_DataExfiltration,1
1,0.0598880771589383,0,1,0,10,24,0.36602325971294813,4.279520511271943,47,6,3,0,1,0,Benign,0
1,0.021413272161251454,1,0,1,4,26,0.1399119019910143,1.3716920987863295,45,14,3,0,1,0,Benign,0
1,0.033916555004096224,1,0,2,5,28,0.23878391513685282,3.984852104345246,49,15,1,0,0,0,Benign,0
4,0.0024725471592305956,0,0,0,4,21,0.11495959324048219,2.399668367268755,40,8,1,1,0,0,Benign,0
2,0.07217758578398144,1,0,2,3,25,0.1334218739204031,27.24742174498146,44,10,2,0,0,0,Benign,0
2,0.024072173336571207,0,0,0,2,25,0.06361751539172686,3.129644754644412,38,11,2,0,1,0,Benign,0
2,0.0961517431547213,1,0,1,7,24,0.1036192778288392,1.7800319715132824,37,7,3,0,2,0,Benign,0
1,0.012463136887486485,0,1,1,2,24,0.1067699818072723,5.055649299862287,45,10,0,0,0,1,Benign,0
1,0.044222265789753634,0,0,0,11,29,0.1076684178936206,2.5598105504198867,34,6,0,0,1,0,Benign,0
2,0.09880510112725414,0,0,0,6,31,0.20231640443668691,2.9441265151843083,42,6,3,0,0,0,Benign,0
1,0.10300710225220254,0,1,0,4,43,0.1987933982968011,3.5558233220649273,35,10,0,0,1,0,Benign,0
3,0.03087457044262411,0,0,0,10,35,0.19279499864999067,2.6569060054766607,33,11,2,1,2,0,Benign,0
1,0.010554237014081468,0,0,0,8,23,0.08168272963262711,1.8579460628908295,42,10,2,0,0,0,Benign,0
1,0.20570726192461325,4,6,244,590,14,0.934137292381632,64.75327698590789,21,4,173,0,57,0,Attack_DataExfiltration,1
1,0.01659082121415687,0,0,0,6,16,0.203674656345409,1.8217964550978563,40,11,5,0,0,0,Benign,0
2,0.06527536141268997,0,0,0,7,23,0.24866430987185262,1.2179990480802603,40,17,2,0,0,0,Benign,0
1,0.08594347909527841,0,0,0,3,31,0.1842900464982939,0.7786289961207213,35,8,1,0,2,1,Benign,0
2,0.9233797207420683,6,6,228,606,12,0.8781680372146798,137.20015916415633,25,6,168,2,41,1,Attack_DataExfiltration,1
1,0.0908565171932149,0,1,0,6,34,0.08965875543903266,2.6464597250651547,45,10,0,1,1,0,Benign,0
1,0.0863246012211941,0,0,1,4,22,0.04199498993751291,0.6115147408780898,50,10,3,0,0,0,Benign,0
1,0.07413820027332604,0,0,1,5,20,0.09547418454690537,2.127753711497057,42,7,1,0,3,0,Benign,0
1,0.13218078408870443,0,2,0,4,19,0.0832430878576836,0.4152410291893684,47,9,0,1,2,0,Benign,0
1,0.03932630486268649,0,0,0,11,25,0.09654121754437342,5.450486989406124,44,11,1,0,0,0,Benign,0
1,0.02029211189245611,1,0,0,6,21,0.09243216740017637,0.2676821185922834,33,12,3,0,2,0,Benign,0
1,0.026387171689255598,2,0,0,6,27,0.20369584878091804,10.41638068748521,40,9,1,0,1,0,Benign,0
1,0.16562775097735122,0,0,0,4,20,0.17870560505193936,3.8926663704506352,35,3,0,0,1,0,Benign,0
1,0.022909133018895415,0,0,0,3,19,0.21747187764536519,0.96756237468421,41,12,2,0,1,1,Benign,0
4,0.009751696670467092,0,0,0,5,19,0.16734037705188365,1.2104543082901449,43,9,2,0,2,1,Benign,0
1,0.035324057318580286,0,0,1,4,37,0.08931045759441024,1.1797237813339454,50,6,4,0,1,0,Benign,0
1,0.029481620859281465,0,0,1,2,29,0.09443199935254061,20.6296000949555,38,11,3,1,1,0,Benign,0
1,0.12770401823577435,1,0,0,4,27,0.10983989317063643,7.230874143405103,41,10,2,0,1,0,Benign,0
1,0.5542019801844121,4,7,248,620,14,0.6830619735005699,144.33502378462393,19,5,157,1,43,3,Attack_DataExfiltration,1
2,0.03605221355235395,0,0,0,3,26,0.32783376383673907,0.7055704945974123,27,11,1,0,1,0,Benign,0
2,0.013585155315243716,1,0,0,5,25,0.09813590808848575,2.304404196838468,40,9,1,0,0,0,Benign,0
4,0.09821481495735436,0,0,0,3,24,0.04444784143995121,1.515142586763319,38,9,4,0,2,0,Benign,0
1,0.05307203544969221,0,0,0,3,26,0.02470753816830159,1.2902315630651309,28,7,0,0,1,0,Benign,0
1,0.06024028866824053,0,0,0,1,29,0.10654502680987643,1.0635834410052198,52,12,1,0,1,0,Benign,0
3,0.07106153707748708,0,0,0,2,26,0.037078958917877415,1.1037619653840218,37,9,2,0,0,1,Benign,0
2,0.09213893260773988,1,0,1,7,24,0.05581134325770804,2.1882879087363323,44,5,1,1,1,0,Benign,0
1,0.004458247412663676,0,0,0,3,15,0.24717726777046128,0.9718016999741144,39,9,1,1,1,0,Benign,0
2,0.03205970912378969,0,0,0,3,30,0.39729444487528204,7.791149556767503,47,8,1,0,0,0,Benign,0
1,0.04351473757805279,0,0,1,1,44,0.13895773245813325,6.298769404989698,46,9,4,0,0,0,Benign,0
1,0.054581446963822514,1,0,0,5,27,0.2739468563675398,5.646794367814462,35,13,1,0,1,0,Benign,0
1,0.014012721785188307,0,0,1,3,24,0.13060674471621167,10.931488104200625,36,10,1,0,1,1,Benign,0
1,0.06231382799174543,0,0,0,1,21,0.16783949205538862,2.537361323762313,44,10,0,0,0,0,Benign,0
1,0.03189315021721808,1,0,1,5,24,0.06784499427870873,5.3047253068692095,30,11,1,0,0,1,Benign,0
1,0.03137692225913496,0,0,0,6,26,0.1787850711574046,2.053676633280403,44,11,0,0,2,0,Benign,0
1,0.08074732828755159,0,0,1,4,27,0.20963288194589463,1.425003874276649,34,12,0,0,1,0,Benign,0
2,0.008324486740345922,1,0,0,5,25,0.052451696383902735,4.939976159922353,28,19,1,0,1,1,Benign,0
1,0.08724665198450444,1,0,0,2,20,0.15414902954617832,2.247507465654966,35,10,2,1,2,0,Benign,0
2,0.038217046804151306,0,2,0,4,20,0.3111585638952664,1.1956454510029093,30,6,0,0,2,0,Benign,0
2,0.056205000346583794,0,1,0,4,16,0.19151920108041612,2.591045894848649,49,9,1,0,1,2,Benign,0
4,0.024052459671660174,0,0,0,10,22,0.19084831630416627,4.193587517337838,64,13,1,0,2,0,Benign,0
3,0.00429728258025165,0,0,2,3,14,0.12496998504325198,0.35033756373432706,37,10,1,0,1,0,Benign,0
3,0.11586335636870708,1,1,0,4,25,0.20598034398726237,4.747944126932077,48,12,1,0,2,0,Benign,0
1,0.05159541000883336,0,0,1,5,28,0.08578001781786802,6.338296435943894,48,9,3,0,0,0,Benign,0
1,0.12516514095444053,0,0,2,6,16,0.08062902569715698,2.2063577974063864,38,12,3,1,0,0,Benign,0
1,0.08315940335324096,1,0,0,4,28,0.29732845730174556,1.5935788849692383,31,5,4,1,1,0,Benign,0
4,0.0211895129849852,0,0,0,7,22,0.10797095556735319,3.7361492106450367,38,10,2,0,3,0,Benign,0
3,0.017067846112678187,0,0,2,1,35,0.15112238615678802,0.5076640118536058,37,11,1,0,3,0,Benign,0
4,0.040939280874274585,0,0,0,5,21,0.08622817761140299,1.2562786564303043,47,21,0,0,0,0,Benign,0
6,0.019882211572985378,0,0,2,6,22,0.1239196753123255,0.45721266874071914,45,11,2,0,0,0,Benign,0
2,0.1479084798570552,1,0,0,4,30,0.08603989895491812,0.3645083714489596,43,11,2,0,4,0,Benign,0
1,0.08910518481606962,0,0,0,3,24,0.08376880029174498,6.749023941963032,48,4,3,0,2,1,Benign,0
1,0.022991766443083598,1,0,1,1,27,0.2932904138790068,8.205319380617771,43,17,4,0,0,0,Benign,0
3,0.8124775527796835,6,9,234,651,15,0.7175871209906661,100.83518668579082,13,4,161,0,50,2,Attack_DataExfiltration,1
4,0.0037455232892281676,0,0,0,8,23,0.053101221354798625,1.1029841617136376,46,11,2,1,2,0,Benign,0
1,0.978138366569015,7,2,245,590,24,0.8675198400361872,92.2745472858832,19,5,184,0,49,1,Attack_DataExfiltration,1
2,0.0016853453265288127,0,0,2,4,29,0.13596065232620932,2.095514632261211,35,11,0,0,0,0,Benign,0
1,0.026225010463015987,0,0,0,3,20,0.1013203474614898,1.8814556465685421,43,7,0,0,2,0,Benign,0
3,0.013739272882396245,0,0,4,7,30,0.06388367293211532,5.259440520103791,47,16,1,0,1,0,Benign,0
1,0.00019762032081356432,0,1,0,6,25,0.07896618987993786,0.18979562683089987,29,15,1,1,4,0,Benign,0
1,0.1738827827290746,1,0,0,5,31,0.10879554892640775,0.7174869721647426,38,8,1,0,1,1,Benign,0
1,0.07070362687678325,0,0,1,3,26,0.04396918082461438,3.5264197543635256,21,8,0,0,1,0,Benign,0
2,0.008650567809634083,0,0,2,5,27,0.02603333442126074,0.9342896167559667,52,6,5,0,0,0,Benign,0
1,0.04162940321995528,0,1,0,3,31,0.3575204251602738,4.390115687784123,41,9,1,0,0,0,Benign,0
1,0.06568831455962149,0,0,1,6,28,0.16379612570548724,0.41845870396006957,45,8,2,0,0,0,Benign,0
2,0.05995532525224708,1,0,1,7,23,0.17803287279335245,2.557153386225846,38,8,0,0,0,0,Benign,0
2,0.6428477833084011,9,8,263,617,16,0.8478416199786847,93.00054156667912,19,4,143,1,60,1,Attack_DataExfiltration,1
3,0.02925732045049591,0,0,0,3,20,0.06165052285288732,3.73530442738512,43,3,3,0,2,0,Benign,0
3,0.023233745943166805,0,1,0,3,22,0.19095951690066512,4.912165601476177,36,9,1,0,1,2,Benign,0
1,0.0004553810794521618,0,0,1,2,24,0.45434005125400556,0.9229010353200185,35,6,0,0,3,0,Benign,0
4,0.0016678886374727607,1,0,1,3,31,0.23579291720863169,2.3721307159692544,46,8,2,0,1,0,Benign,0
1,0.020539668096515803,0,0,0,6,28,0.3800902612085657,3.1652832798751005,43,11,3,0,3,0,Benign,0
3,0.05594245068999111,0,0,0,7,19,0.004853411402469515,1.3751095780847706,49,11,2,0,0,0,Benign,0
2,0.00045122415347182207,0,0,0,5,22,0.2904420408282877,1.8834976935639807,36,9,3,0,1,0,Benign,0
3,0.7163597603438281,5,8,228,624,15,0.8426914221950862,112.35665316976579,13,5,181,3,59,0,Attack_DataExfiltration,1
1,0.13473222952410072,0,0,0,2,33,0.10364295538688059,10.33949795180353,35,6,2,0,0,0,Benign,0
1,0.8437269432039451,6,4,257,577,18,0.7246053054990917,231.06516709966033,19,5,177,1,42,0,Attack_DataExfiltration,1
1,0.03534748690502006,0,0,0,2,23,0.11402339686976935,5.632024724023216,30,14,2,0,0,1,Benign,0
3,0.0660198063995731,0,0,0,4,22,0.11354809429149348,4.4099025723610605,47,10,1,0,0,0,Benign,0
1,0.07793239884736936,1,0,0,5,23,0.2670271805165994,2.180578557919146,37,12,1,0,1,1,Benign,0
4,0.10799177403399035,5,0,0,6,5,0.15376778561390608,0.32778532958240975,88,5,1,12,0,23,Attack_InsiderSabotage,1
1,0.15709988059857988,0,1,0,9,14,0.0790907138586796,3.2718816725313706,43,17,3,1,2,0,Benign,0
2,0.04570945932524135,0,0,1,4,26,0.10950756580192753,1.641089573952605,39,15,6,0,1,0,Benign,0
2,0.1810283081333276,1,0,1,3,23,0.1992207176377185,1.3405018265462623,35,11,5,0,0,1,Benign,0
1,0.42857755680294635,3,11,247,577,16,0.7393029397530699,78.32475256602831,18,4,153,1,35,2,Attack_DataExfiltration,1
1,0.9662805856999839,5,13,243,617,15,0.8439272046232149,175.81192998184179,22,5,161,0,53,1,Attack_DataExfiltration,1
1,0.07126294604879704,0,0,1,9,17,0.18751364865976397,6.364277196072209,43,9,4,0,0,0,Benign,0
1,0.04882745365687385,0,0,0,7,19,0.04999527960979162,5.801749845255275,50,15,1,0,1,0,Benign,0
5,0.0008299054525524532,0,0,2,5,22,0.2797991720451908,1.3971400395637525,35,14,1,0,0,0,Benign,0
1,0.0024370275171090973,1,0,0,5,33,0.2465666704442009,10.042123837103345,41,7,2,0,1,0,Benign,0
2,0.05622350534470795,0,1,0,1,20,0.08985996112489372,2.567084735155172,47,10,5,0,1,0,Benign,0
1,0.05996239462494164,1,0,1,4,28,0.06802422571766091,0.9994440313060131,29,12,1,0,0,1,Benign,0
1,0.20237047285405974,0,0,1,6,29,0.0770331056828489,0.3400499105340914,37,8,5,1,1,1,Benign,0
2,0.6056568008521115,3,5,258,543,18,0.7368973179391447,282.5246144087887,21,4,175,0,48,1,Attack_DataExfiltration,1
1,0.21655638104203997,0,0,1,2,22,0.12768481004449247,1.2834138397894337,31,7,4,0,0,1,Benign,0
3,0.03313272880367778,0,0,1,6,22,0.2247649978170937,8.86828390288101,44,8,4,0,0,0,Benign,0
1,0.03324325125779367,0,0,1,2,26,0.2868922004083599,3.0969719250327086,39,13,1,0,5,0,Benign,0
5,0.44484062419693127,5,4,253,598,20,0.6806064696655756,78.62069352100451,20,6,164,0,45,0,Attack_DataExfiltration,1
3,0.0008343691721920063,0,1,1,2,17,0.026712517332083983,4.645282057665375,44,10,0,0,2,0,Benign,0
7,0.6603952938762243,1,2,0,5,7,0.004155392676007178,1.0007407379618114,94,5,0,10,0,14,Attack_InsiderSabotage,1
1,0.20075077929292898,0,0,1,3,24,0.18339094237995973,5.697988653473478,40,12,2,0,0,1,Benign,0
2,0.09654092830275406,0,0,0,5,25,0.2614070015881601,0.9499751548946838,32,10,0,0,0,0,Benign,0
1,0.09038057952354926,2,1,0,3,23,0.1459510211428341,0.8747369215061537,46,15,0,0,2,0,Benign,0
2,0.016991518965898164,1,0,2,4,27,0.2617263367131205,9.046760909564162,31,12,1,0,0,1,Benign,0
1,0.0288305936396701,0,0,0,4,28,0.1345467016555851,0.8623903647178001,33,11,1,0,0,0,Benign,0
4,0.748352448753225,3,5,272,593,23,0.8048186410777999,240.45882087497137,14,6,157,2,49,0,Attack_DataExfiltration,1
1,0.009387769351018965,0,0,0,4,27,0.1912853625297872,0.8998440325858271,42,5,3,0,0,0,Benign,0
3,0.11125830503601648,0,0,0,11,23,0.05473872590946678,1.6724044846003072,34,8,5,0,0,0,Benign,0
1,0.8844094441160453,6,2,208,625,11,0.9884293332604447,105.12609339117661,22,8,152,0,53,2,Attack_DataExfiltration,1
5,0.024991269253655825,0,1,0,5,22,0.09303013751070704,3.1066678955347187,43,12,3,0,1,0,Benign,0
1,0.07791934459631969,0,0,0,6,25,0.33539272169567463,6.997710005450363,50,10,6,0,0,0,Benign,0
2,0.008325476501630484,0,0,0,10,22,0.141853446930592,7.3009506458457185,35,8,1,0,1,1,Benign,0
2,0.7959275680945039,3,7,237,594,13,0.9383844619517822,136.95773014345897,23,9,167,1,55,1,Attack_DataExfiltration,1
1,0.021249471046761965,0,0,0,8,26,0.37902730224474823,1.8398054469772476,45,8,3,0,2,0,Benign,0
2,0.05517198772425954,0,0,0,2,22,0.035935179690516475,3.0341637468671854,33,14,1,0,0,0,Benign,0
1,0.12379414678047686,0,1,2,5,21,0.11994787422315659,3.0120835559316563,35,8,2,0,0,0,Benign,0
2,0.047764236547724125,1,0,0,9,30,0.5297681809989407,14.02272143184317,45,6,0,0,0,2,Benign,0
2,0.053821155420404714,1,0,1,7,19,0.06256330806506467,9.177025331453743,41,13,0,0,0,0,Benign,0
2,0.010440143683319521,0,1,0,2,22,0.1472013147289542,6.85990877958093,41,11,1,0,0,0,Benign,0
3,0.0015993495642161785,1,0,1,8,22,0.09714635713977651,2.159264081352706,39,11,1,1,1,1,Benign,0
3,0.06828729394655572,0,0,0,7,21,0.25436886388967167,4.710465596038923,41,13,1,0,0,0,Benign,0
1,0.12932054065290702,0,0,1,6,28,0.3310980345251889,2.0549455214625594,32,7,2,0,1,0,Benign,0
1,0.025079641380867167,1,1,0,2,26,0.06879205270059263,1.3741653969126157,46,16,2,0,1,0,Benign,0
2,0.027688219562400442,0,0,1,6,23,0.0636352737065397,1.5787171373287774,48,10,0,0,2,0,Benign,0
4,0.687681609003577,8,3,222,576,9,0.8329746780617828,264.5494871278532,24,7,191,2,47,1,Attack_DataExfiltration,1
1,0.002639697253029719,0,0,0,4,21,0.2799584336464522,5.201653354078495,34,2,1,0,0,1,Benign,0
3,0.505611925999762,2,2,0,9,6,0.07346271500122808,0.28810455113618094,93,8,1,10,0,22,Attack_InsiderSabotage,1
1,0.038879981234572834,0,0,0,7,22,0.11547951974730121,1.133937083659288,37,10,2,0,2,0,Benign,0
4,0.010876078493796688,0,0,0,2,30,0.12986944863551486,1.8634188126696691,38,7,0,0,2,0,Benign,0
1,0.09224683629834328,0,0,1,4,27,0.12212134556912112,0.8884453083527445,48,9,2,0,0,0,Benign,0
5,0.006913638631390975,0,0,0,5,23,0.3646035853352762,1.4662970654475111,35,15,0,0,2,0,Benign,0
1,0.03549645578263586,0,0,0,6,30,0.24058867041571436,5.254813792577401,41,12,1,0,2,0,Benign,0
1,0.13887154195904663,0,0,0,6,34,0.3078336630460238,2.2646345967082446,41,8,0,0,0,0,Benign,0
1,0.01204929514696482,0,0,0,4,28,0.24634378987058425,8.195228127071791,33,13,2,0,1,0,Benign,0
1,0.025985857372947705,0,0,2,7,19,0.5370838217645112,2.8016987201522467,46,9,1,0,2,0,Benign,0
2,0.0049942094014653795,0,0,2,5,34,0.057424610668428806,0.8148798506694389,34,10,2,0,1,1,Benign,0
2,0.027069416954631578,0,0,0,2,38,0.06892019254270408,7.878748805172269,39,9,1,1,2,0,Benign,0
1,0.03419221364925056,0,0,0,3,31,0.06005057330102153,3.3351809990962544,45,10,0,0,3,0,Benign,0
1,0.0008982351911559388,2,0,1,6,35,0.2026054649235772,2.5883663570299413,46,13,3,1,1,2,Benign,0
1,0.00416733846625225,1,0,0,3,22,0.15987690465711193,3.0986381311779345,43,13,0,0,1,1,Benign,0
2,0.047209296429651756,0,0,0,3,32,0.03537659915017196,1.092461709824659,37,14,1,0,1,0,Benign,0
3,0.030805418864495455,0,0,1,4,25,0.13208286033635458,12.662422651974655,50,7,4,0,3,0,Benign,0
1,0.01615209212224183,0,0,3,4,27,0.07829910230915255,3.914837746242226,38,9,5,0,0,0,Benign,0
1,0.06396494247087946,0,1,1,7,22,0.11784317718338792,2.9258174856789068,36,8,5,0,4,1,Benign,0
1,0.0629934670254499,0,0,0,4,24,0.1745562257435758,2.054976542847226,37,12,2,0,1,0,Benign,0
1,0.03959627921185557,0,0,2,9,28,0.06909398797843416,18.629005419467013,41,13,1,0,0,1,Benign,0
1,0.060366448190099176,0,0,0,6,26,0.19181374985758584,2.0947047037840196,42,11,4,0,1,0,Benign,0
1,0.088226045158996,1,1,0,4,28,0.32558474339307425,5.814123084849813,45,11,2,0,4,0,Benign,0
8,0.6098649298296757,3,1,0,6,5,0.12044991743685389,1.7059605211773763,96,7,0,13,0,18,Attack_InsiderSabotage,1
2,0.4269091817548653,2,1,0,8,3,0.07418137251384754,0.28642163797376546,98,4,2,17,0,25,Attack_InsiderSabotage,1
1,0.0034681226123093696,1,0,0,6,17,0.12566108275247995,17.437960567423854,40,13,1,0,3,0,Benign,0
3,0.02098688493240841,0,1,0,4,20,0.14826611394461237,4.441375218706663,48,6,1,0,0,0,Benign,0
1,0.07740304674875594,0,1,0,4,20,0.22817829629572403,1.4532353048923625,43,10,2,0,2,1,Benign,0
1,0.7472120019144527,8,3,232,590,23,0.8794810149418723,470.13302583569146,26,4,176,0,46,0,Attack_DataExfiltration,1
1,0.009705210254763666,0,0,0,3,27,0.19331745858502827,16.758182534398145,43,9,1,0,1,0,Benign,0
1,0.6688541367357821,4,3,263,610,15,0.6453307042165277,79.52270219307528,18,3,167,1,73,1,Attack_DataExfiltration,1
2,0.12064377629607168,1,0,1,7,33,0.03892518173373909,6.790930308957029,33,9,1,0,0,0,Benign,0
2,0.054553324907982745,0,0,0,5,19,0.20268077696087725,2.4450628375117374,42,10,1,0,3,0,Benign,0
1,0.003743697781303938,1,1,2,8,29,0.05627970989549788,2.3766098219781306,50,7,0,0,0,0,Benign,0
8,0.6132005923371118,4,1,0,10,8,0.13874276944100583,0.8416865106392868,92,6,0,15,0,18,Attack_InsiderSabotage,1
1,0.021274795926941693,0,0,0,4,23,0.21407205035034377,3.8281675995014,34,11,2,0,0,0,Benign,0
2,0.008466510987689314,0,0,0,2,29,0.18131321333741077,1.8220053493640755,43,8,4,0,1,0,Benign,0
1,0.008928415459540016,0,0,0,3,26,0.12805382898095186,1.9026156675227646,39,12,1,0,2,1,Benign,0
2,0.08392213505969204,1,0,0,7,29,0.26829944883214696,5.383380333848565,42,10,0,0,2,0,Benign,0
6,0.07201917715045418,1,0,1,3,28,0.2569410973504593,2.3246596087014906,45,9,0,0,0,0,Benign,0
1,0.020648697957945546,0,0,2,3,20,0.11634644739406398,5.524827173025015,38,10,3,0,0,0,Benign,0
1,0.005734986346798313,0,0,0,4,29,0.16128022820142335,1.6115030269600534,48,5,2,0,4,0,Benign,0
1,0.005776351526271994,1,0,1,7,28,0.12591897039828934,2.299986880835817,39,8,2,0,1,0,Benign,0
1,0.03605016671291041,0,0,0,6,34,0.17901097453315673,1.4670292595068057,39,7,1,0,1,0,Benign,0
1,0.045208969382425315,0,0,1,0,28,0.16838303982795563,0.4725167016454511,36,9,3,0,0,0,Benign,0
2,0.17737597619708598,0,0,2,6,31,0.07443539568326853,3.535560298728411,45,10,0,0,2,0,Benign,0
3,0.04317788505244237,0,0,0,8,28,0.0932673627483732,3.22957001502839,47,10,1,0,1,0,Benign,0
1,0.7508443233797543,1,6,250,599,13,0.8950227950152685,197.9147934966977,19,12,170,0,50,4,Attack_DataExfiltration,1
1,0.025259726457584585,1,0,0,3,15,0.34456871504176045,4.954720805391439,36,13,2,0,0,0,Benign,0
1,0.006624376095942639,1,1,0,5,34,0.19817525982760736,2.175207279084937,36,10,3,0,0,1,Benign,0
1,0.023280247755142668,1,0,0,7,24,0.24408768937483144,3.7526614119322703,45,11,1,0,3,2,Benign,0
1,0.00686355037009268,0,0,0,0,17,0.13766802974361034,11.109261855926068,41,12,4,0,0,0,Benign,0
3,0.10794079510911282,0,0,0,1,32,0.08163116939406118,6.070085378234103,42,9,3,0,1,1,Benign,0
2,0.00832788840953785,1,0,1,9,30,0.20747012403272566,4.48219786168716,34,13,3,1,0,0,Benign,0
2,0.034761808599127184,1,0,1,2,26,0.31480544837628155,4.279283941708337,49,9,3,0,0,0,Benign,0
1,0.07963995674949628,1,0,0,8,17,0.21179942218516556,0.7563375063867891,43,14,1,0,1,0,Benign,0
4,0.012404664869972135,0,0,1,4,25,0.13943207864117296,22.848104160657236,44,14,2,0,1,0,Benign,0
2,0.03900502617935076,0,0,0,4,21,0.10169952501611122,1.3142390637346084,45,8,0,1,0,1,Benign,0
2,0.004099998908503562,1,0,0,4,19,0.059620154307534916,16.79931467720256,47,12,0,0,2,0,Benign,0
7,0.08018275524582193,5,0,0,7,2,0.1384920370894206,0.8668747981860647,126,3,1,20,0,16,Attack_InsiderSabotage,1
1,0.0019325624734787778,0,1,0,5,29,0.1450566186831322,3.0868330769677277,36,10,1,0,2,0,Benign,0
1,0.010789004350029,0,1,0,3,26,0.11511256163905888,4.242516990316507,36,14,6,0,1,0,Benign,0
2,0.04592475395679747,0,0,0,8,25,0.03594879628832178,5.298187072089123,40,6,3,0,2,0,Benign,0
5,0.0039303058867000504,0,0,0,7,28,0.18634515491775117,1.7541143115150097,49,9,1,0,1,0,Benign,0
1,0.011961471323175946,0,0,1,4,27,0.1621599441837255,2.7412594311589555,39,4,3,0,0,0,Benign,0
2,0.022189527331835338,2,0,1,6,21,0.19155750325179569,1.650407746914238,31,10,1,0,0,0,Benign,0
3,0.026647595303232414,1,1,1,8,23,0.1932687881812246,5.214702688173762,40,5,3,0,1,0,Benign,0
1,0.00985956240923419,0,1,0,4,28,0.08220561425706725,7.651537980661951,45,15,3,0,2,0,Benign,0
2,0.00870829937835442,0,0,0,4,24,0.23563235463379395,1.7364379988008123,56,13,2,0,0,0,Benign,0
6,0.5836894211242121,3,1,0,8,4,0.050663217899047895,0.5673355866769587,113,11,2,12,0,22,Attack_InsiderSabotage,1
1,0.0020466674969364805,0,0,0,3,22,0.07868489742076853,1.5238956262372663,38,3,2,0,2,1,Benign,0
1,0.6218063382516948,11,8,253,612,11,0.9012057640294904,200.98611820496808,28,7,168,2,47,1,Attack_DataExfiltration,1
2,0.08750735667649781,0,0,0,4,28,0.15975456347312236,4.290916698088851,38,15,5,0,0,0,Benign,0
3,0.043361261687127964,0,1,2,7,21,0.16461419944505595,9.10743046528506,43,9,2,0,1,0,Benign,0
2,0.05043910256667907,0,0,2,8,20,0.14010028573312647,2.8147467783874243,41,10,1,0,0,0,Benign,0
1,0.05747622838330304,1,1,0,6,25,0.12233510265689843,0.5060656771754152,46,8,5,0,1,0,Benign,0
1,0.11021130830067342,0,0,0,4,25,0.45425780654755965,1.4655198573585984,35,16,3,0,1,0,Benign,0
2,0.040094470099430714,0,0,0,8,23,0.38971073498412473,2.128375283086138,39,7,2,0,1,1,Benign,0
3,0.04274307125599871,0,0,1,3,30,0.1286699081485567,2.6786294069923398,38,14,1,0,2,0,Benign,0
1,0.007125301824505894,0,0,1,4,28,0.14117538357176537,6.226802022845585,40,7,3,0,2,0,Benign,0
1,0.08070252343594783,0,0,1,8,23,0.18541084326639323,0.14895796522405655,43,10,4,0,1,0,Benign,0
2,0.717625096939505,6,2,244,618,17,0.6046190796687378,129.4654153355799,19,6,187,1,37,1,Attack_DataExfiltration,1
1,0.01671383441624551,1,0,0,3,20,0.11827798031923278,6.543720207076538,56,11,0,0,1,0,Benign,0
1,0.08252571565935482,0,0,0,4,27,0.09925870017731224,2.4786225361009326,40,11,2,0,1,0,Benign,0
2,0.03406360385834334,0,0,0,3,21,0.2592225439666979,6.145488461285041,36,12,0,0,2,1,Benign,0
3,0.029103806063312584,0,0,0,7,22,0.03356783902681283,15.299277901408967,40,7,2,0,1,0,Benign,0
1,0.09849045226246177,0,0,0,2,23,0.11718636770061272,5.574338764417328,45,10,1,0,2,0,Benign,0
2,0.05034469277873174,2,0,0,5,29,0.2909178022510593,1.9941506620773826,46,9,4,0,1,2,Benign,0
2,0.025060146291073095,0,0,2,6,30,0.32581078123256124,2.568522665215099,39,5,2,0,1,0,Benign,0
3,0.0705534906145331,1,1,2,5,36,0.01755204234628918,0.7570548443009633,36,12,1,0,1,0,Benign,0
1,0.03777059171358453,0,0,1,1,23,0.15135781278121543,8.161124666066108,39,5,1,0,1,0,Benign,0
1,0.010325352435949087,0,1,2,6,31,0.03153502199381321,1.4051971438439392,39,9,2,0,0,0,Benign,0
1,0.06181669717066503,1,0,0,3,21,0.1049558282874233,4.199111871538789,41,10,1,0,0,1,Benign,0
3,0.009631442926518885,0,0,0,5,23,0.20646756917891818,1.7468938810654697,25,10,2,0,0,0,Benign,0
3,0.016403265897391637,0,0,1,4,20,0.11934046530122293,7.33017988800301,32,6,2,1,2,0,Benign,0
1,0.0940817151241003,0,1,1,7,26,0.18472734400317803,2.8083240754514196,40,12,1,0,0,0,Benign,0
1,0.10110730941300654,0,0,0,6,24,0.226398134721678,4.929999087809821,36,14,2,0,0,1,Benign,0
1,0.018978348548920873,1,0,0,4,15,0.2305763841896797,2.0950805122954526,30,12,5,0,1,0,Benign,0
1,0.09298147881088295,0,0,0,8,31,0.15855929207686434,1.1488166299266145,51,14,1,0,4,0,Benign,0
1,0.046525088387899,0,1,0,1,29,0.29607191654796655,4.600956215335855,48,15,0,0,0,0,Benign,0
4,0.04199216285243394,0,0,1,6,27,0.15746605691878163,3.9170538914079165,37,6,0,0,1,0,Benign,0
1,0.019108278563807563,0,0,1,8,24,0.11160361043611107,3.4923486105727624,46,9,1,0,2,0,Benign,0
3,0.05846574005335718,0,0,0,5,29,0.023964849603651483,1.4268245260033254,43,8,1,0,1,0,Benign,0
2,0.07290541259201162,0,0,1,6,30,0.18015510866022147,2.2084685033080866,49,15,3,0,2,0,Benign,0
1,0.020998967444416174,0,0,0,7,35,0.12869576110351916,3.9409953273234875,47,15,4,0,2,1,Benign,0
3,0.37609037741015167,0,0,2,5,27,0.05466072304715209,8.216235438505388,51,5,3,0,2,0,Benign,0
2,0.06493406223345125,0,0,0,10,20,0.27986175454427475,1.5681731373396859,38,7,1,0,1,0,Benign,0
1,0.04056264509552332,0,0,1,2,22,0.05129474439197573,1.2025968971474832,38,11,2,0,1,0,Benign,0
3,0.017395719241671125,1,0,0,5,26,0.10320297189137292,24.98284595922643,36,12,2,0,1,2,Benign,0
4,0.04210169124178524,0,1,0,6,14,0.22067123690734697,2.2692311651735806,38,14,3,0,1,0,Benign,0
1,0.0029374188669370523,0,0,0,9,22,0.1929185222431398,0.6120439179178536,31,11,1,0,2,0,Benign,0
3,0.03443427739844921,0,1,0,5,30,0.16706233294908157,4.694188377602295,38,17,2,0,4,0,Benign,0
1,0.03731099713896243,1,1,1,4,25,0.2680051971493919,2.233992115844345,40,9,1,0,1,0,Benign,0
1,0.04943610306594334,1,0,0,8,24,0.3487230995963159,2.896305651541686,30,13,1,0,0,0,Benign,0
3,0.03858505813977225,0,0,1,10,24,0.2331246004980488,10.111237867249258,46,14,3,0,2,0,Benign,0
1,0.04160958448309928,0,0,3,4,24,0.3413123392347805,2.4461323629165483,35,8,0,0,1,0,Benign,0
2,0.006332819752439924,0,0,0,8,32,0.14928427705820035,37.592284178525375,40,9,1,0,0,0,Benign,0
2,0.0499361107153568,1,0,1,9,30,0.10598626084394461,7.39676928580221,45,11,1,0,0,1,Benign,0
3,0.03712280928730723,0,0,1,7,29,0.21480134509888724,9.478993869818092,35,14,1,0,2,0,Benign,0
7,0.6898189781674948,2,1,0,14,4,0.1901746877162337,0.8842545874941502,99,10,2,12,0,20,Attack_InsiderSabotage,1
5,0.00583595855897751,0,0,1,5,20,0.3009221007241302,14.115861920810348,35,14,2,0,3,1,Benign,0
1,0.06674920612120523,0,1,1,5,31,0.11219926812234214,2.0129369075480077,39,7,0,0,1,2,Benign,0
2,0.01806234672018775,0,1,0,4,26,0.27679263154063777,10.330255464180878,40,9,3,0,2,0,Benign,0
2,0.10936427023100752,0,0,0,5,26,0.28336052583186605,1.7469742431349524,42,13,1,0,2,0,Benign,0
1,0.05755306970068,0,0,0,5,36,0.12864143975286763,9.87652513965731,35,11,1,0,3,0,Benign,0
1,0.014371839019373021,2,0,0,3,23,0.06405457195335826,1.2924248160278113,41,17,2,0,1,0,Benign,0
1,0.04490278573107839,0,0,0,1,27,0.19533433752944557,7.8318870641553255,38,9,2,0,1,0,Benign,0
1,0.09766878551508007,0,1,0,4,22,0.06231184951711571,1.0199371136451891,47,11,1,0,3,0,Benign,0
1,0.07945650610230888,0,0,2,5,22,0.12389015933567069,1.0951879366954629,42,6,1,0,0,0,Benign,0
5,0.036974401629577824,0,0,0,7,22,0.3022641540412954,2.164036127026274,40,13,3,0,2,1,Benign,0
1,0.16810198895192943,0,0,1,3,22,0.05369210034245837,0.6466518652068841,33,8,2,1,0,0,Benign,0
1,0.736670825793495,2,6,240,583,12,0.7175417604719895,367.87938863273877,23,4,158,1,54,1,Attack_DataExfiltration,1
1,0.04635704835241918,0,0,0,7,22,0.1918100773761501,1.6238602904585182,35,13,0,0,0,0,Benign,0
1,0.00024060151914721432,1,0,0,11,29,0.05684802829794706,2.4512321704806244,34,10,1,0,2,0,Benign,0
1,0.05436777644492795,0,0,1,3,31,0.25730679673303625,1.8376489405402843,48,10,3,1,2,0,Benign,0
1,0.005807449628822008,1,0,0,6,33,0.22603418186310242,2.5430117734558206,33,10,0,0,2,1,Benign,0
1,0.9002280455608818,7,5,241,636,17,0.9758950578091471,212.64157288689293,25,2,163,1,40,1,Attack_DataExfiltration,1
1,0.04969310214657833,0,0,0,2,27,0.07005327595986056,4.871849399677431,52,14,2,0,0,1,Benign,0
2,0.07394437326919358,0,0,1,4,27,0.28356710381076494,0.31215079661176126,42,5,2,0,0,0,Benign,0
1,0.001424102343599215,2,0,0,5,29,0.05521906052865286,1.523625380431474,46,11,1,0,0,2,Benign,0
2,0.05924574608176146,1,1,0,4,26,0.01599173391687657,3.039515500783937,43,6,0,0,0,0,Benign,0
5,0.029167625798857937,0,1,0,4,28,0.29879163265287445,8.299334987245436,31,10,1,0,0,0,Benign,0
4,0.004051693545980977,0,0,0,8,26,0.3555779686470162,1.7669596636566238,33,3,4,0,0,2,Benign,0
4,0.09785154275218724,0,0,1,2,28,0.03947725148715387,0.5419319250170728,34,8,0,0,1,1,Benign,0
3,0.02224076963845845,1,0,0,8,24,0.5592790521899293,1.1166722745071087,33,15,2,0,2,0,Benign,0
3,0.7244875281506044,4,1,0,12,3,0.28296029660532906,7.478216176490076,114,5,1,16,0,14,Attack_InsiderSabotage,1
1,0.04206505884733749,1,0,0,6,19,0.2263845387658921,1.613827016186745,48,12,2,0,0,0,Benign,0
2,0.052770960340062914,2,0,0,6,25,0.18567430316083808,2.650253778424126,36,9,3,0,0,0,Benign,0
2,0.008170771245382383,0,0,0,6,30,0.1894966131081519,5.210846755175913,39,11,6,0,1,0,Benign,0
1,0.06795036127717799,0,1,0,8,25,0.007092965173340815,3.762541614414424,50,15,2,0,0,0,Benign,0
2,0.00646350794052664,0,1,0,3,25,0.20844442584177522,2.46832096240215,39,13,0,0,0,0,Benign,0
1,0.015552786424035491,0,1,0,6,29,0.028909402505025817,6.969301088308272,48,9,0,0,0,0,Benign,0
7,0.8161820875833922,3,1,0,9,2,0.003950531559758939,3.5546469129392038,91,8,0,14,0,17,Attack_InsiderSabotage,1
4,0.03486177667084447,0,0,0,4,29,0.08530941263298716,0.5615834487112622,30,14,0,0,0,2,Benign,0
1,0.0007754861847025208,0,0,1,4,23,0.12977035256857003,5.029526605026122,37,12,1,0,0,1,Benign,0
2,0.015142394149995412,0,0,0,9,23,0.06290639512930908,4.8749529287333075,33,10,1,0,1,0,Benign,0
1,0.0024034435418985585,0,0,1,5,23,0.20536029496022362,1.732871765543867,40,12,5,0,0,0,Benign,0
1,0.05227340862085922,0,1,0,5,28,0.039524929194750834,3.1773544500939437,45,14,0,1,0,0,Benign,0
2,0.03393919633278112,1,0,1,2,22,0.08079606997611644,19.12352465024288,61,12,2,0,3,0,Benign,0
1,0.013295441878471322,2,1,0,5,19,0.21572904100845167,5.431625260127405,41,10,1,0,0,1,Benign,0
1,0.08042920093571794,0,1,0,5,19,0.2765133884428173,7.7035765314921685,58,6,6,0,2,0,Benign,0
1,0.6986627812238563,3,2,0,12,9,0.05212892133044101,1.0228073542872245,103,5,0,12,0,17,Attack_InsiderSabotage,1
6,0.6830819633752456,0,1,0,3,6,0.029029102206503656,0.5460636985406561,93,6,0,13,0,24,Attack_InsiderSabotage,1
1,0.015620756728078064,0,0,1,3,23,0.18332729756937877,6.298733176173957,32,13,1,0,0,1,Benign,0
8,0.25491193839920534,0,5,0,8,5,0.055123174906183216,3.2881357136832254,99,5,0,19,0,17,Attack_InsiderSabotage,1
2,0.03290178683870735,0,0,1,8,36,0.1356678710089729,3.6584437585428904,41,10,2,0,2,0,Benign,0
5,0.4585682620768552,0,2,0,12,5,0.010029972563111106,0.7356614988559138,95,2,3,8,0,13,Attack_InsiderSabotage,1
1,0.0005807295637767149,1,0,0,6,30,0.1469153051836526,2.9268300753568064,32,14,1,0,1,1,Benign,0
4,0.09838083776767809,0,0,0,3,27,0.24220204075369303,35.06670653411085,42,17,3,0,1,0,Benign,0
2,0.03064544961287446,1,0,1,6,23,0.10593968917274404,3.0137213279556527,36,9,3,0,1,0,Benign,0
5,0.061167517642317946,1,0,1,5,20,0.2969554764693081,4.977417989326563,48,11,4,0,1,1,Benign,0
2,0.03660964806487194,1,0,1,2,19,0.40002622855991327,1.6209102166489813,50,6,4,0,2,0,Benign,0
1,0.05127178686757443,2,0,0,1,26,0.19940651896444028,24.03598374818694,31,5,1,0,1,1,Benign,0
2,0.04848099250021846,0,0,0,6,30,0.21520981010130893,1.0463166592170083,42,13,2,0,1,0,Benign,0
2,0.024195665825721187,0,0,2,4,22,0.07057878414276643,1.3970962016747603,59,14,1,0,1,1,Benign,0
1,0.07024433913726959,0,0,0,6,19,0.12868654880362052,7.605432703410989,42,8,1,0,0,0,Benign,0
2,0.1442038069842462,0,1,1,4,32,0.07651178115411539,14.227047878502622,36,13,2,0,0,0,Benign,0
1,0.8456207852077597,2,7,250,613,16,0.8698215397624723,161.48240572978278,18,8,161,2,50,0,Attack_DataExfiltration,1
3,0.030580003922113318,0,0,1,7,27,0.26005235034771434,5.2851342322453165,38,10,1,1,0,0,Benign,0
1,0.0030287184651165686,0,1,0,7,32,0.04894208165224157,25.017440815614734,41,11,1,0,3,0,Benign,0
1,0.004795993194339863,1,0,1,5,23,0.14960548537620766,1.3335578373946035,45,12,5,0,0,1,Benign,0
1,0.034854829240405144,0,1,0,6,27,0.09611566713927738,2.388695224596249,39,10,2,0,0,2,Benign,0
2,0.016523214507871833,1,0,0,8,18,0.13611097142085876,4.7212421675539264,49,13,1,0,0,1,Benign,0
1,0.06570729088562947,0,0,1,6,22,0.12791158967965924,0.43048018842272906,43,9,3,0,1,0,Benign,0
2,0.002317828324741047,0,1,1,6,24,0.13468474161897684,1.184994062029664,35,9,0,0,1,0,Benign,0
1,0.03235440808370569,0,0,0,9,17,0.17269157569084448,0.9662755882082813,32,10,3,0,0,0,Benign,0
1,0.0657549731593091,0,0,0,7,31,0.13279829894607323,1.2902972230331688,42,6,0,0,1,1,Benign,0
3,0.022086782568686052,0,0,0,3,29,0.02442017620363747,25.590786495870653,47,9,2,0,0,0,Benign,0
1,0.03571752708655806,0,1,0,4,30,0.08100883808124947,7.399507407397076,28,11,0,0,0,0,Benign,0
1,0.08853228475860112,0,0,0,4,25,0.03772786093313441,0.5300536629880632,42,10,2,0,0,0,Benign,0
4,0.026305578307684343,0,0,1,3,14,0.08481018022355538,3.47724196841752,37,9,2,0,3,1,Benign,0
2,0.0032990036903570844,0,0,1,8,23,0.14123132326706056,0.6031915131147778,36,9,0,0,1,0,Benign,0
1,0.09427111028400476,0,0,0,5,31,0.13260419247934235,5.6893257751913096,46,9,1,1,1,0,Benign,0
1,0.08648917277686098,0,0,0,3,28,0.23442982677919913,13.840121316437436,49,14,2,0,1,0,Benign,0
1,0.02368791035805385,0,0,1,9,21,0.4291078122837073,2.2276957198118117,43,10,2,0,2,0,Benign,0
1,0.07812787953854752,0,0,0,5,28,0.14344992223078326,0.9370022153470828,34,12,2,1,0,0,Benign,0
2,0.0772362858692143,0,0,1,7,30,0.1005507195954891,4.903193919135207,44,12,2,0,1,1,Benign,0
4,0.008647214030093055,0,0,0,4,23,0.18621579759801124,2.602326609107672,45,9,3,1,3,1,Benign,0
1,0.0036161876295152367,0,0,0,6,27,0.07260157135377386,4.708868096290507,46,11,0,0,1,0,Benign,0
2,0.028270031118009683,1,0,1,5,20,0.3869558454727428,0.2980789036686254,35,3,1,1,3,0,Benign,0
2,0.009304793991521142,0,0,0,6,27,0.12982990582955484,0.287244978921204,38,9,5,0,1,0,Benign,0
1,0.11861661687104429,0,0,0,8,20,0.3298207945541685,6.8944027585187,42,14,6,0,0,0,Benign,0
3,0.0033942791261560067,1,0,1,3,30,0.15600323395048704,1.3903291868795906,40,14,1,0,1,1,Benign,0
2,0.030637570576769364,0,0,0,2,23,0.33371247020066314,3.5539773434037683,45,10,3,0,0,0,Benign,0
2,0.6972547090355719,8,9,256,579,12,0.9414836966920829,86.54138030134192,20,7,198,0,36,1,Attack_DataExfiltration,1
7,0.15278910978406218,0,0,1,9,25,0.06952879449718202,0.9663047949100081,48,6,2,0,0,1,Benign,0
1,0.08815167874486271,0,0,0,4,22,0.030254979977199586,0.6619725500332785,35,15,2,0,2,0,Benign,0
1,0.03545654442806823,0,0,0,7,23,0.2822417013198229,1.9238477098239726,52,11,1,0,1,0,Benign,0
2,0.8340540218287177,9,4,251,618,16,0.6265992921683327,103.98252699816051,19,2,181,0,62,0,Attack_DataExfiltration,1
1,0.020134499150223695,0,1,0,6,20,0.20376360695261198,3.130197515825091,43,10,1,0,1,0,Benign,0
5,0.01752998371376652,0,0,1,5,29,0.045089099569883224,1.5234772504920646,34,9,4,0,1,0,Benign,0
4,0.03745478936631069,0,1,0,9,21,0.1121939298784406,7.230906446177656,39,12,2,0,0,0,Benign,0
3,0.19497923529063185,3,1,0,13,7,0.23570892735748272,3.819018373955749,98,4,0,12,0,14,Attack_InsiderSabotage,1
3,0.8734935372218395,6,5,251,585,20,0.9670389970878239,183.03111771551627,16,9,181,1,48,2,Attack_DataExfiltration,1
2,0.0185334938613726,1,0,0,3,24,0.14179474952856763,1.6850723094931315,38,8,3,1,1,0,Benign,0
3,0.1091539837279288,0,0,1,7,28,0.2863404504607782,18.64275084096762,47,11,1,0,1,0,Benign,0
1,0.03618357163173877,1,0,1,3,25,0.03747722998159279,1.3731853862569272,40,6,1,0,3,0,Benign,0
1,0.05112345789522868,1,0,0,2,23,0.054288465377919884,5.522009638371686,43,11,2,0,0,2,Benign,0
5,0.6310279210050742,3,0,0,13,3,0.19640564768776958,14.039211867087616,109,4,1,18,0,23,Attack_InsiderSabotage,1
2,0.11982253768293914,0,0,0,5,17,0.05609468555672812,1.0672545422850084,43,9,2,0,3,0,Benign,0
1,0.0786166719417288,2,0,1,6,18,0.1870430647532713,0.5651901119189603,49,12,0,1,0,0,Benign,0
2,0.017150901440939142,0,0,0,5,26,0.27733556295525047,6.604840624519662,51,10,0,0,3,0,Benign,0
2,0.01934529347604013,0,0,0,5,24,0.21539160376359506,7.388835528522605,47,14,2,0,1,0,Benign,0
1,0.1267888657838074,0,1,1,3,16,0.2637740144194411,1.3268077237081084,39,7,3,0,0,0,Benign,0
1,0.011791887946235877,0,0,0,5,26,0.04189650715218724,1.912714406491816,35,7,1,0,1,1,Benign,0
2,0.0013814677904841947,0,1,0,6,28,0.3706729374694066,1.8526218174240612,39,16,2,0,4,0,Benign,0
1,0.03766791822138258,2,0,0,9,21,0.406823177578424,5.519331815519654,39,10,2,0,1,0,Benign,0
2,0.0020125608767528427,0,0,0,4,24,0.2668624130385453,7.631300134662874,34,6,1,0,0,0,Benign,0
4,0.18978651729781215,2,2,0,7,0,0.036383888890739124,0.9824574437265232,100,2,0,13,0,20,Attack_InsiderSabotage,1
3,0.0626631137508658,0,0,0,4,17,0.2388313137605609,0.7067210457630957,43,6,1,0,1,0,Benign,0
1,0.0007697980372275309,0,0,0,7,24,0.022626936603029408,2.0231046614200627,34,10,1,0,0,0,Benign,0
2,0.05665561809972043,0,0,1,5,29,0.08490784957771508,11.010360964983976,41,21,4,0,0,0,Benign,0
1,0.08904425472271167,1,1,0,2,23,0.16709389530876453,1.2775781386814227,52,11,1,1,0,0,Benign,0
1,0.029276123476372522,1,1,0,3,19,0.15813200357581683,2.9091890405496317,44,7,3,0,3,0,Benign,0
1,0.09951002331735222,0,1,2,4,21,0.03811230824959736,10.168808404785688,37,12,1,0,2,0,Benign,0
2,0.13742450910361612,0,0,0,7,26,0.3016845624071352,4.322097164764305,34,16,0,0,1,0,Benign,0
2,0.028480383655288377,1,0,1,9,18,0.058462087419683915,3.036033756963123,31,9,2,0,4,0,Benign,0
2,0.012723364501165,0,0,0,5,33,0.2674318930262653,7.304702380316294,31,13,1,0,1,1,Benign,0
1,0.023610070085018836,1,1,0,7,25,0.09616103658708973,2.050108666517536,36,7,3,0,0,1,Benign,0
2,0.014559783713607792,0,0,2,6,33,0.20954640938208727,14.420884264660353,33,7,1,0,5,0,Benign,0
5,0.5435461178513505,0,3,224,578,6,0.6976439506160756,144.81633652087217,19,3,174,1,58,1,Attack_DataExfiltration,1
2,0.7325870593898149,3,4,249,619,13,0.8321728190733472,48.838765769858625,29,2,171,2,51,0,Attack_DataExfiltration,1
1,0.11315677515192392,0,0,1,2,22,0.39701427099332076,1.3045913079644385,41,12,5,0,1,0,Benign,0
1,0.7321281974434071,4,1,263,579,17,0.9855610990802592,117.60520494784106,21,7,172,1,44,2,Attack_DataExfiltration,1
2,0.0034223031253780996,0,1,0,4,29,0.3032380842845572,2.965857164060002,44,14,2,1,0,0,Benign,0
1,0.0019426470719406791,0,0,0,2,27,0.07957619667050492,1.0133497558447744,47,12,1,0,1,1,Benign,0
1,0.0014894849112198252,0,1,1,9,12,0.163140304849709,4.127898135894731,38,10,1,1,0,2,Benign,0
2,0.013803956023319783,1,0,0,4,24,0.18887041673420416,14.942164702987487,50,8,2,0,1,0,Benign,0
6,0.5708851453167293,4,1,0,14,10,0.09795402897741527,0.9014842416637265,116,5,0,20,0,26,Attack_InsiderSabotage,1
2,0.4499131427135236,3,7,233,599,15,0.7172342428642854,81.33777845386642,20,5,197,2,50,1,Attack_DataExfiltration,1
1,0.0030713078775777007,0,0,0,6,21,0.0885267544633468,0.9778123413836254,35,12,0,0,0,1,Benign,0
1,0.1962389175845717,0,0,1,5,25,0.1590672194122395,0.4630798131492871,52,7,2,0,2,0,Benign,0
4,0.022884181661585786,0,0,0,6,27,0.10147700942048506,3.1978456186164004,39,9,5,0,0,1,Benign,0
1,0.18464391128286128,0,0,0,5,16,0.43696362802269,3.932809061766871,40,12,2,0,0,0,Benign,0
1,0.009793025726000057,0,0,0,4,25,0.09123789710861543,4.097709762093802,38,6,0,0,2,2,Benign,0
3,0.028164275497570335,0,0,1,6,26,0.14780450294833605,3.864976079689407,45,12,1,0,0,0,Benign,0
1,0.12334614677503448,0,0,0,4,25,0.42063014648679575,4.857650380335174,33,11,4,0,1,1,Benign,0
1,0.05157627697080982,0,0,0,4,23,0.0449313993486402,1.0486233158393878,40,13,2,0,2,0,Benign,0
1,0.5337608750732571,5,10,231,625,24,0.8775161294737233,130.06154987023777,15,7,146,1,41,1,Attack_DataExfiltration,1
1,0.035227335104241975,0,1,2,1,31,0.23356143536984666,0.2931850663158899,42,7,3,1,2,0,Benign,0
4,0.031089848639471854,0,0,1,6,32,0.1497271745531577,0.5363016307323156,38,10,1,1,2,0,Benign,0
1,0.10343604362357435,0,0,0,6,30,0.20700061618384358,0.7649490284604542,37,11,0,0,0,1,Benign,0
1,0.7762053197654263,4,8,258,584,14,0.7032279612160816,424.9678547224628,17,7,165,2,43,1,Attack_DataExfiltration,1
1,0.733183570374868,4,4,256,594,19,0.6925862934696936,140.70898835409304,18,2,159,2,48,3,Attack_DataExfiltration,1
9,0.5311447448866898,3,0,0,12,7,0.012869856974594855,0.6061674059780714,105,2,2,17,0,21,Attack_InsiderSabotage,1
1,0.026950351629439328,0,0,0,5,29,0.2377705665180405,1.656557999185923,39,9,2,0,0,0,Benign,0
3,0.070758294638635,0,0,0,4,20,0.14528262635696443,1.2504721961284426,43,10,1,0,1,0,Benign,0
1,0.0248234639655302,0,0,1,5,29,0.08846918937150804,1.5798481353456497,38,11,3,0,1,0,Benign,0
3,0.24359573752307337,4,0,0,12,3,0.04221018129160568,1.2791206147506886,125,5,1,10,0,18,Attack_InsiderSabotage,1
1,0.03412843429590917,2,1,0,5,15,0.14060277153446196,1.426761335742491,37,10,4,1,3,1,Benign,0
5,0.5431041046180615,4,1,0,9,6,0.09381403090835976,2.67816241240772,99,2,1,14,0,25,Attack_InsiderSabotage,1
2,0.031304270875180194,0,0,0,4,21,0.17807838494084327,8.309582846066224,44,10,2,0,1,1,Benign,0
1,0.004462260665658988,0,0,0,2,24,0.12992856006888237,2.7626830439035976,46,9,1,0,2,0,Benign,0
1,0.2769748788986797,0,1,2,5,21,0.25962980003923036,4.1502844196297906,55,10,4,0,0,0,Benign,0
1,0.00571540983532211,0,0,2,3,28,0.07130197771918606,2.1771829114967467,44,13,4,1,2,0,Benign,0
1,0.026307866663186675,0,1,0,5,30,0.056003253993145145,3.091634038920343,40,8,2,0,1,0,Benign,0
2,0.017068694379985674,0,0,1,4,30,0.2582196262857887,4.2090521215199646,45,7,2,0,1,1,Benign,0
3,0.022624104163556664,0,0,0,0,27,0.2460146245144144,3.542977799540997,34,16,5,0,1,0,Benign,0
1,0.1323817290658547,1,0,1,5,27,0.19643109768019942,2.0153588850159925,50,12,3,0,0,1,Benign,0
1,0.008788351193291152,0,0,0,4,26,0.2324989284403617,12.979084788655102,44,6,0,0,1,1,Benign,0
1,0.07316489129337377,0,0,0,3,23,0.16492426986605876,0.6039245006548436,38,5,1,0,1,0,Benign,0
1,0.021270775216400365,0,0,0,8,23,0.16289701242685023,3.371761423188513,36,10,3,0,1,0,Benign,0
1,0.019696097146354,0,0,0,3,28,0.17385083368260013,16.32125419832404,36,7,6,0,1,0,Benign,0
1,0.04390554590369038,0,0,0,5,29,0.3377656090891108,17.75933678794587,53,13,3,0,2,1,Benign,0
2,0.5524261212543401,2,2,253,616,12,0.8963490899618116,213.3913893872868,24,3,161,0,43,1,Attack_DataExfiltration,1
3,0.027864853525023763,0,0,0,4,35,0.2307716551319351,1.213550620106671,40,7,1,0,0,0,Benign,0
1,0.02434108666690096,0,0,0,4,26,0.3414017116325394,3.531010544415352,44,11,1,0,1,0,Benign,0
1,0.5645488066857343,4,6,251,587,18,0.7715673216580933,57.89025693269022,17,5,191,0,55,1,Attack_DataExfiltration,1
1,0.03257078467588631,0,0,0,3,27,0.2261382373618201,1.562738207686447,51,17,3,0,2,0,Benign,0
3,0.03760550815067867,0,0,0,1,31,0.09353246604830859,4.234052182650271,48,10,2,0,0,0,Benign,0
1,0.021950512738106397,0,0,0,6,27,0.15959224116803392,2.5665889815253053,36,8,1,0,1,1,Benign,0
1,0.03349863371683869,0,1,0,4,28,0.3331958856750298,0.5767117015933837,31,7,3,0,1,0,Benign,0
1,0.03833978337949577,0,1,1,5,24,0.0777746650115982,6.836100397768593,47,6,2,0,1,0,Benign,0
1,0.017772015693056108,0,0,1,3,25,0.29137647864047117,14.154878809876015,40,10,0,0,0,0,Benign,0
1,0.024753621446057365,1,1,0,3,24,0.20519644647268384,15.566779662914335,32,10,3,0,0,0,Benign,0
1,0.11689946557276122,0,0,2,5,19,0.11155695753056762,8.746778948291235,47,10,4,0,1,1,Benign,0
1,0.03697791939257491,1,0,0,2,25,0.13239698091499155,1.4929182322887724,52,13,1,0,4,0,Benign,0
1,0.10903673492678417,1,1,0,5,20,0.06493913281892942,4.838027974631447,33,10,2,0,2,0,Benign,0
3,0.09029074466348624,1,0,1,4,32,0.2083823763649462,5.280146617968273,36,11,2,0,0,0,Benign,0
1,0.12165156775873394,0,0,1,5,25,0.22266365428802593,4.506165122049229,45,8,3,0,0,1,Benign,0
3,0.16433184139749357,0,0,0,6,20,0.23524350805635702,19.977112407482906,51,12,1,0,2,0,Benign,0
2,0.01947062596464139,0,0,0,6,24,0.31379699515675596,0.6595426112789738,42,13,3,0,0,0,Benign,0
1,0.04644205239913562,0,1,0,6,20,0.1948759764392017,7.581106098459279,41,9,3,0,1,0,Benign,0
1,0.01481558990713718,0,0,0,8,24,0.2228365179844662,0.7367055184179857,37,17,2,0,0,1,Benign,0
3,0.42648711722392285,4,1,0,7,11,0.13787562020732919,3.3945852223461097,105,5,1,19,0,15,Attack_InsiderSabotage,1
2,0.010154458810219794,0,0,0,5,23,0.11624071219592151,0.9826078743620097,42,8,3,1,1,1,Benign,0
1,0.13809468235209257,0,0,1,3,25,0.220826644084249,1.3071704046897323,26,15,5,0,0,0,Benign,0
1,0.024017559564368202,0,0,1,4,24,0.17214084547953565,0.7199377527079451,40,9,2,0,0,1,Benign,0
2,0.0014395716145158511,0,1,0,6,23,0.008506173752170405,7.1233982519097925,41,10,1,0,2,0,Benign,0
2,0.021905905591460686,0,0,1,3,18,0.20457233593124005,5.103394830407383,27,8,9,0,2,0,Benign,0
1,0.021573695713720555,1,0,0,2,27,0.4375410648072568,8.125859712512925,41,12,3,0,1,0,Benign,0
1,0.0009915723378007863,1,1,0,4,27,0.09732985406465239,1.1851470538311686,29,13,3,0,3,1,Benign,0
4,0.5237875880286083,0,1,0,9,4,0.01143685568751103,0.11289271157310095,86,3,0,11,0,23,Attack_InsiderSabotage,1
2,0.016341663887149603,0,0,0,3,17,0.34894208382398056,9.235927776095581,44,13,3,0,0,0,Benign,0
1,0.005804083537582005,0,0,0,4,36,0.23643957676998362,1.2641409788286564,32,9,2,0,0,1,Benign,0
6,0.8744645471560327,4,2,0,13,7,0.010999082094841213,0.3355011201702217,101,4,2,11,0,24,Attack_InsiderSabotage,1
2,0.05618505358119043,0,0,0,9,21,0.10209831180915996,4.688228811626329,49,7,3,1,0,0,Benign,0
1,0.0402040443471971,0,1,1,4,31,0.20502400805392065,0.7591836181564222,37,15,1,0,1,0,Benign,0
3,0.48598810326866154,6,0,0,7,4,0.18075160492217748,4.568563429271208,100,5,2,12,0,16,Attack_InsiderSabotage,1
2,0.5607981853849956,1,6,240,627,18,0.8788101315377664,116.51361563742857,17,3,179,1,51,0,Attack_DataExfiltration,1
3,0.0100925208490106,0,0,0,3,21,0.1050902611614333,2.7760753152045954,35,13,2,1,2,0,Benign,0
3,0.0035251183457404413,0,0,0,5,26,0.1038408594183895,1.9040342116930409,33,5,2,0,1,0,Benign,0
1,0.1535157692089447,0,0,1,1,25,0.08936969226331029,2.5926921872916435,48,9,0,0,0,1,Benign,0
5,0.07349707736190304,0,0,0,3,26,0.17890326187971822,2.3224435189928436,38,11,0,0,0,0,Benign,0
3,0.006549788341612569,0,1,1,6,20,0.03213016088997521,4.1140936023632495,43,13,2,1,1,0,Benign,0
1,0.11692128380777005,0,0,1,6,23,0.14754311855919144,2.2103153892906655,48,10,2,0,0,0,Benign,0
1,0.014692678200279068,0,0,1,6,21,0.21689028491248574,7.320033976813864,32,12,1,0,1,1,Benign,0
1,0.020974664242514093,0,0,1,3,20,0.12740285973499568,2.43652066290467,43,8,2,0,0,2,Benign,0
1,0.008579120591321897,0,0,0,8,29,0.30416034870011543,0.8054180700172653,41,9,2,0,2,0,Benign,0
1,0.013450697822557428,0,1,0,8,28,0.1579258890528791,1.7105835958323408,51,13,2,0,2,1,Benign,0
1,0.00017449166729917616,0,0,1,5,31,0.1362180307289522,15.20125384167758,34,13,0,0,0,0,Benign,0
2,0.05528845813972781,0,0,1,9,15,0.10592833465822578,0.9323075926073443,55,13,0,0,2,2,Benign,0
1,0.02135337742176665,0,0,0,4,22,0.03765624221547561,0.37751106367669557,31,14,2,0,0,0,Benign,0
1,0.10324850577967977,0,0,1,8,18,0.1392049614117039,1.7139784711662598,46,10,2,0,0,0,Benign,0
2,0.09146145536161585,0,0,0,6,21,0.13336567724388196,1.3150483616201503,42,12,1,0,0,0,Benign,0
1,0.2311631930928549,0,0,0,6,28,0.16813033702624164,3.3221489603737466,36,6,1,0,0,1,Benign,0
1,0.0009689632994615008,0,0,0,3,21,0.05264250361060519,2.8163346266267353,35,5,3,0,1,0,Benign,0
1,0.23726860958311716,0,0,0,6,34,0.0677701799604422,0.4575297610305769,37,13,2,0,1,1,Benign,0
4,0.6993512350470414,4,4,240,599,13,0.941146158639855,157.55737599164922,18,7,166,1,54,1,Attack_DataExfiltration,1
1,0.08073237398195168,0,0,1,6,17,0.039466592480431675,3.2156156725158143,33,16,2,0,3,0,Benign,0
3,0.029458673343952267,0,1,1,9,23,0.20200416049377898,9.593912050289887,44,10,3,0,3,0,Benign,0
1,0.046305061122009133,0,1,0,7,19,0.14842934965200658,4.860571922703699,41,10,2,0,1,0,Benign,0
1,0.09218882710326785,0,0,2,7,21,0.16258319491293252,3.84757186018628,42,6,1,1,0,0,Benign,0
3,0.0557753437802659,0,0,1,6,19,0.16733024083220163,3.209313613526276,37,7,0,0,0,1,Benign,0
1,0.02006964186336553,0,0,0,4,29,0.13567054192149394,1.0349071590344698,44,9,2,0,2,0,Benign,0
1,0.013388691075517403,0,0,0,4,32,0.2486905745497848,15.577678421819801,36,8,2,0,1,0,Benign,0
1,0.044913915839354675,0,0,1,4,26,0.10454758635838499,2.3119671155336494,42,6,1,0,1,0,Benign,0
1,0.013641539029041656,0,0,2,4,29,0.14521153242951532,5.908153981505585,45,13,3,0,0,0,Benign,0
2,0.055322872866271806,0,1,1,5,30,0.11482514510841627,11.323377894320267,50,12,1,0,1,0,Benign,0
1,0.8362925246212386,9,4,240,581,12,0.9152318751125426,169.24887783164138,25,2,171,1,49,2,Attack_DataExfiltration,1
3,0.006863567329547569,1,0,0,7,17,0.3103085941123675,18.633855925767815,31,9,2,0,1,0,Benign,0
2,0.029122343955965264,0,1,1,5,18,0.1745726688908784,0.9172829260094519,49,8,1,0,2,0,Benign,0
1,0.054564167060165585,0,0,1,3,19,0.1495285409215115,1.3179688152736702,35,9,1,1,0,1,Benign,0
1,0.6543431318177795,7,4,256,581,19,0.9032748948447052,253.03185399266195,18,4,172,0,53,1,Attack_DataExfiltration,1
2,0.002393203336625333,0,0,0,6,33,0.11593975641120186,1.2674424328528011,37,12,1,0,2,0,Benign,0
2,0.8334974021618701,5,5,279,627,22,0.8008835905487899,93.1153531837554,17,2,174,3,41,3,Attack_DataExfiltration,1
1,0.0656623895398033,0,0,0,4,21,0.09440799351391659,1.8019194044818476,41,6,0,0,1,1,Benign,0
2,0.013656035687154192,1,0,0,5,22,0.22534651050518512,1.1490270191199154,40,8,4,0,3,0,Benign,0
3,0.053293310700962424,0,1,0,4,28,0.2976981703961301,2.202188464467513,33,11,3,0,0,1,Benign,0
2,0.012956286011442638,0,0,1,4,26,0.06539815086897349,12.10075221968118,40,4,1,0,2,0,Benign,0
1,0.020616427901320507,0,1,0,5,27,0.1040861294263758,1.0626713627886075,39,10,0,0,2,1,Benign,0
1,0.048948006733530294,1,0,0,4,17,0.03515264082703086,1.9148859601988288,27,8,3,1,0,0,Benign,0
1,0.002193164248966808,0,0,1,2,23,0.35234266691937005,19.59173378952876,41,13,2,0,1,0,Benign,0
1,0.017334668715380388,0,2,0,3,25,0.13192454394902092,2.1590084617188143,36,4,3,0,1,1,Benign,0
3,0.03591574430363408,1,0,0,4,40,0.31191330055509714,5.350631562348827,33,7,3,0,1,0,Benign,0
1,0.04791578326899921,0,0,1,7,26,0.07780499195930356,5.366749366866457,33,9,4,0,3,1,Benign,0
1,0.01336346610788962,0,0,1,6,27,0.17444480498518314,1.7492357020774514,49,12,6,0,3,1,Benign,0
1,0.16484264721229694,0,0,0,8,29,0.17325966408818383,4.843771566689289,26,9,2,0,1,0,Benign,0
1,0.03150571667866486,1,1,0,3,24,0.4207605505902804,5.312179052222798,42,6,1,0,1,0,Benign,0
2,0.011566533715915036,0,0,1,9,28,0.2412344080108288,2.902370774046653,52,12,3,0,0,0,Benign,0
2,0.03107802095952435,0,0,0,6,21,0.0847469420752324,6.804090727118296,28,11,1,1,0,0,Benign,0
1,0.0891699952388974,1,0,0,6,36,0.15810835326596742,12.6489627279712,32,9,2,0,0,0,Benign,0
1,0.03526858499512718,1,0,0,7,27,0.26791064935820097,2.034728837869546,41,11,3,0,0,1,Benign,0
4,0.14661131089866117,0,0,0,8,24,0.2397085499035584,2.2423301609462296,36,14,3,0,2,2,Benign,0
2,0.07727548213037078,0,0,1,5,16,0.20628987146365987,14.312271248401679,43,8,1,1,0,1,Benign,0
1,0.371685179461908,8,7,210,547,10,0.8678117942287434,93.38581170248568,26,8,148,0,44,2,Attack_DataExfiltration,1
2,0.07285160285784557,0,0,0,3,23,0.24088956326733962,8.733481873753798,49,7,1,0,1,0,Benign,0
1,0.4987633905658173,6,5,257,572,14,0.9143144814187003,50.889735387307844,18,4,181,0,43,1,Attack_DataExfiltration,1
2,0.04372723512670306,0,0,0,4,27,0.1296077892467637,11.883862576668644,26,18,1,0,3,0,Benign,0
1,0.08251322783252722,0,0,0,6,27,0.12667757191094448,0.41027150058990725,45,8,3,1,1,0,Benign,0
3,0.8186055029872715,1,1,0,6,4,0.04476173643638515,1.1121806988628764,91,9,4,14,0,25,Attack_InsiderSabotage,1
1,0.3184876001848876,5,7,256,601,9,0.9161688883451176,333.63496901980284,21,5,179,0,46,0,Attack_DataExfiltration,1
2,0.004270308355704807,1,0,0,5,26,0.3985898758615972,1.0866087814968872,45,7,3,1,0,0,Benign,0
2,0.03327236219383345,0,0,2,3,21,0.5003569159468776,2.223370047449778,43,5,3,1,2,1,Benign,0
4,0.006986107691992908,1,1,0,7,33,0.04161760956840343,0.4444023533787689,38,6,3,0,3,1,Benign,0
1,0.028501282044586743,0,0,0,8,21,0.11770333280415596,2.085614634871804,42,10,2,0,1,1,Benign,0
1,0.0008587880178596652,0,0,1,3,21,0.1202972705007683,4.676052935754365,44,13,1,0,0,0,Benign,0
2,0.051353635418064224,0,1,0,5,24,0.14003193454466364,1.2329772682354065,48,15,2,0,1,0,Benign,0
1,0.09756092022674288,0,0,1,5,26,0.1478624238743478,0.5583541633835498,40,7,1,0,1,0,Benign,0
1,0.03345309786099575,0,0,0,10,18,0.03238263979439441,1.5160203844648332,36,7,2,1,2,0,Benign,0
1,0.06026603235396071,0,0,0,6,22,0.08136116125022252,5.551632211005665,41,12,1,0,2,2,Benign,0
1,0.037675585577133824,0,0,0,7,24,0.20951698670059954,1.0564277057549873,29,12,1,0,0,1,Benign,0
3,0.04666142242598418,1,0,1,2,19,0.048814650361506215,1.2238345825582388,37,8,3,0,0,1,Benign,0
1,0.04510373389758328,1,0,0,5,21,0.18963208018848268,6.377750880532378,39,10,0,0,1,0,Benign,0
3,0.0771580243465916,0,1,0,6,36,0.3186859024553619,0.3808973906760883,39,9,1,0,0,2,Benign,0
4,0.6544721623088469,3,2,0,9,8,0.07384164930370675,0.2251084716303242,98,6,1,15,0,22,Attack_InsiderSabotage,1
1,0.022119346790697294,0,0,0,6,23,0.08852781094346635,0.4009796200373094,42,6,2,0,0,0,Benign,0
1,0.10108362176170686,0,0,1,9,27,0.059193992748702906,1.77240912225694,46,9,3,0,2,0,Benign,0
2,0.0014926852650909137,0,0,1,6,18,0.1862035407263507,7.021932071512965,46,10,2,1,0,0,Benign,0
2,0.012972479231196052,0,0,0,7,17,0.35036293896476883,3.9080472300700366,55,10,4,0,1,0,Benign,0
1,0.012794977917168012,0,0,0,3,22,0.2883986286246604,1.1329631910012596,39,8,0,0,0,0,Benign,0
2,0.05062110342543425,0,0,1,2,28,0.09976189883565618,1.5229262808447317,42,12,2,0,1,0,Benign,0
2,0.03974619508581881,0,2,1,6,21,0.16154234378607757,0.5476677622599956,47,14,4,1,1,0,Benign,0
5,0.21669060373357008,0,0,0,2,21,0.22622703898414545,3.012216431182303,39,13,1,0,4,0,Benign,0
2,0.05631779558680417,2,1,0,5,26,0.21897038376796316,0.4293586904462104,56,11,2,1,0,0,Benign,0
3,0.012642173022374817,0,0,0,3,33,0.24603599759448402,1.0131393001471152,34,14,3,0,0,0,Benign,0
1,0.001395863921162317,1,0,0,3,23,0.11013181224628013,6.227467584335824,36,9,1,0,1,1,Benign,0
2,0.07089744813841699,1,0,0,5,26,0.1483779626998954,3.454059480669911,42,5,2,0,1,1,Benign,0
1,0.05930588913699777,1,0,0,8,25,0.13290771391451167,0.6697517545454124,39,15,1,0,0,0,Benign,0
2,0.056451056474244164,2,0,1,3,22,0.23991743506334554,2.3599814521280105,36,13,1,0,1,1,Benign,0
1,0.025868252517940414,0,0,0,5,32,0.2873875325174689,3.454729440863339,43,13,3,0,1,0,Benign,0
1,0.014133683308042516,0,0,1,4,27,0.10589749243291333,0.5487231041230648,35,7,3,0,0,0,Benign,0
1,0.014294428326237648,1,1,0,6,28,0.19987873063631423,0.387675177011059,44,3,0,0,3,0,Benign,0
1,0.031129045208973926,0,0,1,5,28,0.13908600788606373,1.1876839974106392,38,10,1,0,3,0,Benign,0
2,0.03635010944718224,0,0,0,8,28,0.07244677248658535,0.5038091726996118,40,8,0,0,2,1,Benign,0
1,0.7011493907394278,11,7,254,566,17,0.9316431969551401,190.33308611967425,19,6,156,0,65,2,Attack_DataExfiltration,1
1,0.0025214806187566128,1,0,0,3,27,0.2150833935773061,3.218870977522708,41,10,2,0,3,0,Benign,0
4,0.8113656644683688,0,0,0,8,7,0.04743611424889285,0.4108748401228639,97,5,1,12,0,23,Attack_InsiderSabotage,1
1,0.01976331104678534,0,0,0,9,26,0.10601739343540349,0.8604910171342809,38,9,4,0,0,0,Benign,0
2,0.015945555490196155,0,0,1,5,22,0.13535757478447788,0.9398332111401206,42,7,2,0,0,0,Benign,0
2,0.05574074902019079,0,0,1,7,25,0.14790435871367524,9.777967787809828,39,12,1,0,0,0,Benign,0
2,0.1181350774867512,1,1,0,4,23,0.004619751513803786,2.1082438506091674,48,8,2,0,0,0,Benign,0
1,0.7629929251251565,2,5,239,566,13,0.8450476096191024,151.62896121017033,22,4,169,0,57,3,Attack_DataExfiltration,1
4,0.11621457295455527,1,0,0,12,5,0.16892983839933345,2.08040267693785,117,7,1,19,0,24,Attack_InsiderSabotage,1
2,0.015648382439201337,0,1,0,4,16,0.3899349376903644,0.4209129140109677,43,10,1,0,0,0,Benign,0
1,0.06408392442710988,2,1,1,5,14,0.20381159312026695,0.37479316808693675,38,17,1,0,0,0,Benign,0
1,0.011336514177132497,2,0,0,4,27,0.2404292733346737,0.47465775314346614,38,11,2,0,1,1,Benign,0
2,0.0013710731544860529,1,0,1,9,23,0.21674065427232603,4.930497437976996,29,5,1,0,4,1,Benign,0
6,0.3934405792678632,2,1,0,6,4,0.3548219387203847,5.379713971714754,99,6,0,18,0,21,Attack_InsiderSabotage,1
1,0.017687417341692636,0,0,2,4,32,0.022576766758924772,0.6596697745742569,43,5,4,0,1,0,Benign,0
2,0.08291125124248197,0,0,3,1,24,0.27531141034589546,0.8421598027592461,40,14,3,0,1,0,Benign,0
3,0.012994456490219472,0,0,2,7,27,0.13590152306181255,0.33673920347336644,39,14,6,0,2,0,Benign,0
1,0.004735471566623655,0,0,0,2,24,0.09309969750307275,5.672131110313292,49,14,0,0,2,0,Benign,0
1,0.018935674969239858,0,0,1,6,26,0.15106985010670973,10.506608329068701,50,6,4,0,2,0,Benign,0
3,0.08098772006263698,0,1,1,6,20,0.17487293204208468,2.9861508621793558,32,6,2,1,0,0,Benign,0
1,0.02973823722869341,0,0,0,8,28,0.24331011376022488,1.6738519146533428,24,7,3,0,2,0,Benign,0
1,0.0011143576256659102,0,0,0,10,26,0.23009060630969808,0.9427904480588831,30,11,2,0,0,0,Benign,0
3,0.7768247548223217,7,7,246,589,12,0.9593820796905341,152.34387827570586,21,5,154,0,46,2,Attack_DataExfiltration,1
3,0.04736812563645907,0,0,1,4,28,0.3737082511375936,1.5423049155167003,39,6,3,0,0,0,Benign,0
3,0.08340696571396283,0,0,0,7,21,0.16541383042564275,3.967555510731806,39,10,3,0,0,0,Benign,0
1,0.16987994371314977,0,1,1,8,20,0.10623743912529561,6.818415338130098,38,11,2,0,1,0,Benign,0
3,0.0458473924293929,1,0,1,5,26,0.4261832016305354,2.0295723000764716,45,10,6,0,0,1,Benign,0
2,0.1374213753725665,0,0,0,2,28,0.2641306628400611,2.632883914481513,41,13,1,0,1,1,Benign,0
4,0.008964104792938072,0,1,0,3,24,0.19247417776062936,4.372538947172836,43,9,2,0,0,1,Benign,0
1,0.043627047689076305,1,0,0,8,17,0.3407113541794691,6.1354996876928585,46,10,0,0,0,1,Benign,0
1,0.050274729005417754,0,0,1,7,27,0.09051382334959943,1.4876023644064817,34,3,4,0,1,0,Benign,0
2,0.005137952199276842,0,0,1,6,29,0.04440126250160395,2.0665380880804425,32,10,1,0,1,0,Benign,0
1,0.02172556580864856,0,0,2,4,31,0.17315885588386673,5.81049850053329,44,7,0,0,2,0,Benign,0
4,0.0674333595526971,0,0,0,8,29,0.04973219109454955,5.0248559784336,48,19,0,0,1,0,Benign,0
1,0.04185432772379951,0,0,1,6,19,0.08949915110741546,0.33183130337950234,36,15,5,0,1,0,Benign,0
3,0.015279301518037405,0,0,0,6,29,0.11362258393762037,2.0410658266364834,43,8,0,0,1,1,Benign,0
1,0.04821720357188913,0,0,0,4,31,0.10443474804594054,0.4294478712482393,37,15,3,0,1,0,Benign,0
1,0.04209975973383994,1,0,2,3,37,0.2262557644362823,4.140929856548285,30,6,0,0,0,0,Benign,0
2,0.026138484240108232,1,0,1,5,20,0.20996285300755835,0.8089016319746805,41,6,1,0,1,1,Benign,0
1,0.03460969421056792,0,0,0,4,21,0.1609160922775235,0.6925471082138526,46,9,1,0,1,0,Benign,0
2,0.10404833843199775,1,0,0,5,21,0.15150439460279577,1.3452365936762818,40,9,0,0,3,0,Benign,0
1,0.0013779614433385408,1,0,0,3,21,0.12700739154681664,1.604591552103168,50,13,1,0,1,0,Benign,0
3,0.06727953081377627,0,0,0,3,38,0.35454269645193487,2.5972841137019023,37,12,0,0,0,1,Benign,0
1,0.7726302799185684,5,7,254,575,20,0.6105664494812012,99.17545992209511,25,9,152,1,57,0,Attack_DataExfiltration,1
1,0.05428574800992671,0,2,1,8,24,0.3066630426320371,3.3804662533456384,28,9,5,0,0,0,Benign,0
2,0.030659620362600854,0,0,0,7,24,0.08282090976595492,22.56428438843871,41,12,2,1,3,0,Benign,0
1,0.8499494149146927,7,7,241,564,13,0.9595689786562047,124.92182253039736,12,5,177,1,53,2,Attack_DataExfiltration,1
1,0.0746604703059608,1,0,1,2,21,0.1128809472006863,4.838504968803943,43,11,0,0,3,0,Benign,0
3,0.02743679479288112,0,0,0,7,27,0.16235303509522966,13.826257170458218,30,5,1,0,0,1,Benign,0
2,0.007881926929433777,0,0,1,10,28,0.18899148427328197,2.0855957331615778,43,12,4,0,0,0,Benign,0
2,0.04159734972803237,0,1,0,5,29,0.16105942350410057,5.750985580867835,46,7,0,0,4,1,Benign,0
2,0.010916618004046983,0,0,0,9,23,0.17430306895506334,4.906099202491092,42,11,3,0,2,0,Benign,0
2,0.039028939228955464,1,1,0,3,32,0.05865588537383177,2.2634199145497518,43,9,2,1,0,0,Benign,0
3,0.0941570121991064,0,0,0,4,36,0.1103576434348444,3.5133124562574936,37,7,1,0,1,0,Benign,0
1,0.07379467882611904,1,0,1,4,21,0.05143225100955943,4.964125958604249,46,9,3,1,0,0,Benign,0
2,0.07547621001765568,0,0,0,5,25,0.02302778919834501,2.2354578017565627,40,5,3,0,0,0,Benign,0
1,0.7520560339760949,4,6,248,619,15,0.9268783199397436,243.05433734800712,14,3,155,1,61,0,Attack_DataExfiltration,1
2,0.08703500807643882,0,0,1,7,24,0.12408423251669451,1.1837160555921629,44,7,0,0,0,0,Benign,0
1,0.030741956627064835,0,2,2,4,25,0.3025753801107559,6.47960648702444,51,8,1,0,1,1,Benign,0
1,0.022774108709304505,0,0,1,6,25,0.18327645890172872,0.6965846125535615,45,11,3,0,2,0,Benign,0
1,0.1701421489171535,0,0,1,3,29,0.1715212785020918,7.944009571843108,38,8,3,0,0,0,Benign,0
1,0.22706851719086613,1,1,0,3,19,0.1306962414286701,4.047804624348386,40,13,3,1,2,0,Benign,0
1,0.06765784627120981,1,0,1,6,15,0.10938580335470792,6.075549405125926,39,10,1,0,0,0,Benign,0
2,0.108012283817235,0,0,1,4,24,0.1767215064355895,1.073981433340684,52,11,3,0,3,0,Benign,0
2,0.03929217042659243,0,0,1,2,26,0.1905703485116846,0.35523686553515543,46,17,0,0,1,0,Benign,0
3,0.04722808737995023,1,1,0,7,29,0.30700401648172326,2.493871582671615,48,9,2,0,3,0,Benign,0
2,0.0046143587305309645,0,0,0,3,18,0.1503687367678692,1.914136655558687,45,10,2,0,0,0,Benign,0
1,0.003900931231247603,0,0,0,2,33,0.05498463565585955,3.1044422787759887,46,11,2,0,0,0,Benign,0
2,0.07535375372870465,0,0,2,7,22,0.3462744396753968,1.0799026403109375,49,8,0,0,2,0,Benign,0
1,0.007884313685109424,0,1,1,7,25,0.09711929437360489,0.6961614975892783,38,10,3,0,0,0,Benign,0
2,0.17127371921390513,0,0,0,2,19,0.17295235610563772,8.426402925072637,49,6,4,0,0,0,Benign,0
1,0.0018534054309009395,0,1,0,2,23,0.2772485668530933,1.7429384920014936,39,13,1,0,1,0,Benign,0
1,0.024886512389264252,1,0,3,5,24,0.16259533818810948,2.187066439829358,38,5,2,0,0,0,Benign,0
1,0.07658625743241511,2,1,0,5,25,0.02502476050539628,3.632702333528479,35,10,0,0,2,2,Benign,0
1,0.05450764181840127,0,0,0,5,23,0.03462344881080937,3.281881962424798,38,10,4,0,2,0,Benign,0
1,0.013194758696691589,0,0,1,5,33,0.10491893280750098,4.7239445034557095,51,6,2,0,0,0,Benign,0
2,0.012087457452118613,0,0,0,3,25,0.32570434117461866,6.427461782156519,38,12,4,0,1,0,Benign,0
1,0.004433033699855898,0,0,1,4,23,0.15375644302884534,4.319242664616827,39,7,5,0,0,0,Benign,0
5,0.13691486328429125,1,0,0,4,30,0.41878983478264853,13.832781635221908,45,12,3,0,0,1,Benign,0
1,0.12608405409048093,0,0,1,10,27,0.08609450074383349,0.8711775916758396,43,9,1,0,0,0,Benign,0
1,0.002442476262015749,0,0,0,6,29,0.08040486286461235,4.382392559280538,48,6,4,0,3,1,Benign,0
1,0.09134356412931026,0,0,0,4,26,0.41788338551188803,9.792895968534394,52,4,3,0,2,1,Benign,0
2,0.002149386179236828,0,0,2,2,33,0.17406794023553532,2.6109763440586238,38,9,3,0,1,0,Benign,0
1,0.0010765665558307724,0,0,1,11,26,0.2862002232954932,6.201715411871065,41,15,6,0,2,0,Benign,0
1,0.024151704292082993,0,0,1,4,22,0.08347391492932348,0.7083499946067756,37,11,1,0,2,1,Benign,0
4,0.01000549302758006,1,1,0,6,26,0.07663157041299183,1.5213707712119784,48,14,2,0,3,3,Benign,0
7,0.09359833352823137,3,3,0,14,8,0.1423193052056997,0.5961884113502722,111,4,0,18,0,19,Attack_InsiderSabotage,1
1,0.054555488276050314,0,0,1,4,27,0.03745778280963657,2.848313550474053,40,16,0,0,1,0,Benign,0
1,0.00694068633472652,1,0,0,5,28,0.10039763049071657,6.4662278709482015,31,7,3,0,1,1,Benign,0
2,0.03739330567520652,1,0,2,1,22,0.24666304623117963,1.348719902261328,45,16,2,0,0,0,Benign,0
1,0.0033740075973607304,1,0,1,5,25,0.2392844890573222,1.4555229574142625,42,8,2,0,0,1,Benign,0
3,0.7268320748216611,3,7,242,567,14,0.7287880338525907,99.62401454076227,18,0,177,0,43,0,Attack_DataExfiltration,1
2,0.15313102058426423,0,0,0,9,29,0.13775918225350917,17.167000864211804,45,5,2,0,1,0,Benign,0
2,0.04624349458914642,0,0,0,5,36,0.1065768095589717,5.1605656198935055,32,14,2,0,0,0,Benign,0
8,0.30750517291891233,2,0,0,11,4,0.00896350597122823,1.214480869380962,112,4,0,17,0,21,Attack_InsiderSabotage,1
1,0.013912497707655257,0,0,1,7,22,0.0455005544156905,5.473637294204887,47,13,2,0,2,0,Benign,0
2,0.03629406754980814,0,0,1,2,23,0.1972764529326646,3.4546297213013566,38,4,2,0,1,0,Benign,0
2,0.0116244078305745,1,0,1,5,33,0.1294227931788222,1.4512816158803024,55,10,2,0,1,2,Benign,0
5,0.18492820555623826,6,1,0,7,4,0.03538798063308555,1.6189156240805864,109,4,0,14,0,21,Attack_InsiderSabotage,1
3,0.06381583397520771,0,0,0,1,34,0.15321830931113992,3.242369145617527,39,8,4,0,2,1,Benign,0
2,0.07051995621050852,1,0,0,3,30,0.12916250929114784,1.5186508374855023,40,10,0,1,0,0,Benign,0
2,0.031672472918679084,0,1,1,9,16,0.2871390842137784,0.8616086829276901,48,9,1,0,0,2,Benign,0
1,0.015707397299992543,0,1,2,8,28,0.10725211850864513,22.04978085738559,41,13,1,0,0,0,Benign,0
4,0.6876704035092723,0,0,0,10,5,0.002115392612809816,0.5735477415435313,94,4,1,26,0,21,Attack_InsiderSabotage,1
2,0.02740937918344618,0,0,0,5,31,0.2162637911554377,1.1919002314287086,32,10,2,0,1,0,Benign,0
1,0.05466890102939035,0,0,1,8,24,0.1479792233451002,7.912577975904081,39,8,3,0,1,0,Benign,0
2,0.035274378485322264,0,0,2,6,27,0.1980263120349288,1.3057680583704805,37,19,4,0,0,0,Benign,0
3,0.11462943956810748,0,0,1,9,20,0.06440587434484274,6.036333703639604,39,12,1,0,1,1,Benign,0
1,0.06320517629816881,0,0,0,5,26,0.33771726223471,2.8356671247883543,49,6,2,0,0,1,Benign,0
1,0.5475892709057392,4,9,241,622,18,0.6134123445121866,86.02055506466385,20,3,175,1,46,0,Attack_DataExfiltration,1
1,0.028805574457097406,0,0,1,4,25,0.10375777031101806,3.760102850962332,32,10,4,0,0,0,Benign,0
3,0.04658110270955635,0,0,0,5,21,0.17300729277041796,0.9011816138603285,30,16,1,0,0,0,Benign,0
3,0.7456092181949607,3,4,244,595,18,0.6490135746770155,153.18580699187308,16,7,194,2,58,0,Attack_DataExfiltration,1
1,0.04341338488070228,0,0,0,4,28,0.187061331859796,0.8452132060074602,38,15,2,0,0,0,Benign,0
2,0.025231879547422436,0,0,0,3,24,0.2121711943304966,4.28920806921259,45,11,0,1,0,0,Benign,0
1,0.06432701183955276,0,0,0,7,27,0.21459704241278654,0.5159817362448785,39,9,4,1,2,0,Benign,0
3,0.005676375514089966,0,0,2,5,33,0.2045158668915042,1.231964594054542,33,8,2,0,2,0,Benign,0
1,0.013726579154822133,2,0,0,5,22,0.07386230988152118,4.000676037265883,31,14,5,0,1,0,Benign,0
1,0.9070232971750589,11,6,263,611,12,0.8638628125802115,51.56082046474564,15,3,193,0,55,3,Attack_DataExfiltration,1
2,0.1369787207222703,0,1,2,3,16,0.05710717567345067,0.5926771100387741,41,9,0,0,1,0,Benign,0
4,0.09544759937705648,0,0,0,2,21,0.1232431075616374,3.096862438129575,45,11,1,0,0,0,Benign,0
1,0.04314159302628243,1,0,0,2,27,0.22605711298866574,7.766797950531454,37,11,1,0,3,0,Benign,0
3,0.012098346291574512,0,0,0,7,21,0.10723563697511165,5.589088371619316,46,8,7,0,2,0,Benign,0
2,0.05174218569843581,0,0,0,7,21,0.08160218443214885,3.9614052508562296,36,4,3,0,0,0,Benign,0
2,0.01191160744800657,1,0,0,5,23,0.1964173989158826,10.543882734625182,39,17,1,0,3,0,Benign,0
4,0.8588148814997221,5,4,238,611,12,0.9270714136882124,382.22184366176975,22,3,170,1,67,0,Attack_DataExfiltration,1
2,0.37754647783207645,4,0,0,11,7,0.04980800470213168,0.4170276695308176,105,7,0,12,0,21,Attack_InsiderSabotage,1
2,0.0019147020818331907,0,1,1,3,23,0.2244742925083236,3.06358381596405,47,5,1,1,1,0,Benign,0
2,0.035452991493637814,0,0,0,5,27,0.14324406537123063,6.815225778442199,34,8,1,0,2,0,Benign,0
2,0.016057917061117956,1,1,1,4,32,0.1791623618682528,9.354321995380978,40,15,5,0,0,1,Benign,0
1,0.05158520436317099,2,0,0,6,19,0.0842755648112534,1.654380807329157,41,13,3,0,0,0,Benign,0
4,0.23633648821148248,6,1,0,11,10,0.05794650985102409,0.43052126177540373,91,7,2,16,0,27,Attack_InsiderSabotage,1
1,0.0365688782984964,0,1,0,6,27,0.15039563719679375,1.0478259997249786,41,8,6,0,1,0,Benign,0
1,0.02634228797324285,0,0,0,3,44,0.2849807666609102,8.152465675174279,45,4,2,0,3,1,Benign,0
4,0.8118356894654979,2,0,0,8,6,0.04713360200061575,0.5972716130068032,106,1,2,14,0,23,Attack_InsiderSabotage,1
1,0.010081152451768525,0,0,0,7,25,0.08584391121451437,2.200772010507272,41,11,0,0,1,0,Benign,0
2,0.0003615583587576948,1,0,0,3,28,0.23519243168285706,1.9183052287414886,39,10,0,0,0,0,Benign,0
2,0.013826315116509735,1,0,0,4,33,0.49357029434564004,3.2379082766552245,41,6,6,0,0,2,Benign,0
2,0.07021298411076296,0,0,0,5,29,0.11570519091036868,2.5750653004360418,38,9,2,0,0,1,Benign,0
1,0.03269908791678097,0,0,0,4,20,0.19666625617664746,4.9392422889572964,42,8,1,0,0,0,Benign,0
1,0.041955010531046555,1,0,0,1,29,0.22706846259110897,2.0380590736216178,47,13,1,0,0,0,Benign,0
1,0.09237767652047901,0,0,0,4,21,0.12887956558335326,5.366224277714978,38,2,1,0,0,0,Benign,0
1,0.05336057158561419,0,0,0,6,16,0.09345227201983518,1.4601269797778524,57,8,1,0,5,1,Benign,0
3,0.011783842553265313,0,0,2,5,29,0.09815681689618654,4.877607778244817,40,16,1,0,3,0,Benign,0
1,0.06720055857017947,0,1,0,7,30,0.10624822376777891,6.0662248841240505,30,8,2,0,0,0,Benign,0
1,0.09278075830905319,0,0,0,4,22,0.22194076577727823,9.366971474030832,31,15,1,0,0,0,Benign,0
8,0.5923722805143167,3,2,0,10,1,0.02215605485773955,0.8878193194516044,104,3,2,12,0,18,Attack_InsiderSabotage,1
1,0.02953567088358224,0,1,0,4,31,0.20478690261040466,3.5913270968669417,38,13,2,0,0,0,Benign,0
4,0.017727231560450463,1,0,0,6,29,0.1854375500812638,2.96659549149398,38,7,4,0,1,0,Benign,0
1,0.015149761324397984,0,0,1,4,23,0.2119764607808124,0.8270500468225884,45,9,1,0,2,0,Benign,0
7,0.39751840783366865,1,2,0,12,6,0.0433936983582658,0.5485736914196309,102,5,0,16,0,26,Attack_InsiderSabotage,1
1,0.06534736054295429,0,0,1,4,24,0.09034391614713114,0.7593146018187588,49,13,1,1,1,1,Benign,0
3,0.09546902081823957,0,0,0,9,29,0.17256713917989386,5.101123248026896,40,7,0,0,0,0,Benign,0
4,0.015722800786123484,0,0,1,5,25,0.27708344976156196,1.0783232525798587,34,18,2,0,1,0,Benign,0
2,0.05065803629864885,0,0,0,3,23,0.08310315738450823,6.489161123404263,23,12,2,0,1,0,Benign,0
1,0.0033628936876807206,0,0,0,5,25,0.12649874406432876,1.3008542125578493,46,11,2,0,2,0,Benign,0
1,0.02511177450243908,1,0,1,7,29,0.04330021648847124,4.913052639083316,34,10,1,0,2,0,Benign,0
2,0.040374912436725245,0,0,1,3,30,0.10385900754592467,1.6145510233184304,37,14,0,0,1,0,Benign,0
3,0.0909389828686434,1,0,1,4,24,0.23681562308469958,8.491468611714202,39,8,3,0,0,1,Benign,0
1,0.08386897137543851,0,0,1,8,27,0.16225355734508387,2.523058992425957,39,10,2,0,1,0,Benign,0
5,0.069282916524968,0,0,0,3,25,0.026359962158533562,5.108921980147449,43,7,1,1,0,1,Benign,0
1,0.029932339733068684,1,0,1,6,31,0.12498219425486637,9.233539897142931,41,8,1,0,1,2,Benign,0
1,0.08508292436558922,0,0,0,1,26,0.24653808822170728,7.055309070567618,36,13,4,0,0,0,Benign,0
4,0.06851712725716046,0,0,0,7,24,0.031449390226505544,5.650618624605341,34,8,0,0,1,0,Benign,0
2,0.06460353242175071,1,0,1,4,33,0.17315352003266427,2.6079177362792776,46,12,4,0,0,1,Benign,0
1,0.5578616559695599,7,5,239,599,17,0.8381972467146895,207.45118829103268,18,1,176,0,51,0,Attack_DataExfiltration,1
4,0.6389625683042907,3,4,260,597,15,0.6962476478423387,68.16800510664966,28,6,160,0,39,0,Attack_DataExfiltration,1
3,0.6267103550862406,1,0,0,8,9,0.047321981922508895,6.2109356125726185,99,6,1,12,0,20,Attack_InsiderSabotage,1
2,0.0438002092996759,0,0,1,7,28,0.06190718077859146,8.4417070996865,45,6,1,0,0,1,Benign,0
1,0.00791762191281752,0,0,0,7,32,0.2841586440754235,9.861348595614363,56,12,2,0,1,0,Benign,0
2,0.010438509379638236,1,0,0,9,20,0.20820995137524426,4.914313281801992,37,12,0,0,0,0,Benign,0
2,0.007081065356464575,0,0,0,7,30,0.17732518901984742,5.145251897685309,42,5,1,0,3,0,Benign,0
2,0.049209717072956516,0,0,1,6,22,0.07067609132751163,5.382830207760411,48,9,2,1,1,1,Benign,0
2,0.014325446366295546,0,1,2,5,24,0.23918142128001232,1.179558485915202,40,4,1,1,2,0,Benign,0
2,0.017131313670103867,0,0,1,6,33,0.14283831960045126,5.524392522437422,28,14,4,0,2,0,Benign,0
1,0.004933984493525931,0,0,0,5,27,0.01937840404775068,0.8274946167616439,28,8,4,0,0,0,Benign,0
2,0.09059574525652074,0,0,1,3,26,0.09576223590608288,6.812995703445104,46,13,1,0,1,1,Benign,0
1,0.04671020587110579,0,0,1,6,35,0.3966386513665795,1.3734830654867238,31,8,0,0,0,1,Benign,0
1,0.1368923755542766,0,0,0,5,18,0.3724372942277291,4.5506540459793685,32,18,3,0,2,0,Benign,0
1,0.04125566199635022,0,0,2,4,29,0.09091806750599866,7.998249704772398,44,8,2,0,1,0,Benign,0
3,0.06225474510067498,0,1,0,6,21,0.21423691021954452,14.692125508614625,31,7,2,1,1,0,Benign,0
2,0.6017059598525896,8,5,257,594,8,0.753507297366971,124.60744352053048,23,5,167,0,48,1,Attack_DataExfiltration,1
1,0.07533611700814567,0,1,2,9,30,0.1707817942694372,9.722220879539238,28,5,6,0,0,0,Benign,0
4,0.0016301328558226433,0,0,0,5,29,0.11465689960330902,2.5450609549901677,29,11,0,0,0,0,Benign,0
6,0.043933594375388865,0,1,2,6,28,0.09455352550883299,0.21923126536391668,38,9,3,1,2,1,Benign,0
2,0.01745995641908464,1,0,0,5,29,0.3338602634771153,4.365738125289827,35,8,2,0,1,0,Benign,0
1,0.07821986894054787,0,0,0,3,31,0.07281096341295588,7.455519317471033,43,8,6,0,2,0,Benign,0
4,0.17220876367903634,4,5,0,7,5,0.1609626224903837,0.16157087897540803,113,1,2,18,0,19,Attack_InsiderSabotage,1
3,0.19401840552506502,0,0,0,2,21,0.20074496714031367,2.1609884156668833,52,15,3,0,0,0,Benign,0
2,0.03327879035336478,0,0,0,4,34,0.1559439083007464,2.5706851978739236,45,9,1,1,0,0,Benign,0
4,0.14808186236663196,0,0,0,2,26,0.22314082189121923,16.394592244614696,35,4,4,0,0,0,Benign,0
2,0.03958056972227721,0,0,0,6,23,0.22243985046974485,3.9365059895641945,35,8,3,0,0,0,Benign,0
2,0.042886756003187636,0,0,0,3,28,0.08072266038709276,1.1886414177005307,41,12,2,1,1,0,Benign,0
3,0.030308054055746148,0,0,0,9,23,0.037436327301080034,1.7424957126916714,46,10,2,0,2,0,Benign,0
1,0.581687837648003,7,10,276,618,19,0.8916757398802441,124.3472930287778,16,7,180,1,42,3,Attack_DataExfiltration,1
2,0.5322387284483319,3,8,243,595,10,0.6673639206029945,119.2266600101037,16,5,183,2,55,0,Attack_DataExfiltration,1
3,0.18663015059434368,0,0,1,6,37,0.03583243373341722,3.402716162017197,47,9,2,0,0,1,Benign,0
1,0.027730326947901007,1,0,1,11,28,0.20175807941906765,2.243789522461077,33,8,1,0,0,1,Benign,0
1,0.09636605289136321,1,0,1,5,19,0.08725559160854877,1.3502597891898487,37,7,5,1,0,0,Benign,0
3,0.017013616299748693,0,0,0,1,25,0.10088007649189268,2.908996016956891,38,14,1,0,3,0,Benign,0
1,0.033162824768774066,0,0,0,3,25,0.0953820869767818,4.103845546317031,52,10,1,0,2,0,Benign,0
2,0.07407279195104996,1,1,1,4,31,0.059436751280568745,2.4114628360811694,36,13,1,0,0,0,Benign,0
2,0.00760783160090223,0,1,0,4,26,0.14298313336720758,1.9217933002705807,40,9,1,0,2,0,Benign,0
1,0.057654464397586355,0,0,0,5,22,0.23971051969734852,1.2743259498629427,36,7,3,1,1,2,Benign,0
3,0.021566681914567776,0,0,0,3,26,0.2802709365663638,10.80283008292737,35,9,3,0,1,0,Benign,0
5,0.6543261055150562,6,6,248,568,14,0.5371602688908449,158.7412633575743,13,2,163,2,51,2,Attack_DataExfiltration,1
3,0.01449325341640172,0,0,0,5,31,0.1532880693285135,1.9367679326872822,52,10,3,0,0,0,Benign,0
2,0.038074333641212994,0,1,0,6,29,0.1844617220616439,1.3995366210311415,41,13,2,0,1,0,Benign,0
2,0.017153999102176395,0,1,0,5,21,0.05718946985884353,1.233644597857644,38,7,1,1,0,0,Benign,0
3,0.09765021927927044,0,0,0,6,19,0.09579587133447688,0.6312563187300393,42,15,1,2,0,0,Benign,0
2,0.06812518633607192,0,1,2,3,27,0.19617527457755957,0.7373047581225062,36,12,2,0,1,1,Benign,0
1,0.06027840073494773,0,0,0,4,26,0.21367730340869553,1.8179577611252593,43,12,1,0,2,2,Benign,0
1,0.13086915895555978,0,0,1,8,19,0.06446729019529789,6.865129691686922,50,11,2,0,3,1,Benign,0
1,0.029389992185785876,0,0,0,5,27,0.12127770982692035,12.565463284643368,39,11,3,0,1,1,Benign,0
2,0.03520100465608039,0,1,1,4,26,0.2075053201075059,2.585987628608508,36,6,4,0,2,0,Benign,0
3,0.10369689625622985,1,0,1,3,23,0.0646841318345563,0.3666464634727191,27,14,2,0,2,0,Benign,0
6,0.540251389879901,1,2,0,9,4,0.017347774510580272,1.346673474100755,96,2,0,18,0,18,Attack_InsiderSabotage,1
1,0.010585094072549915,0,0,0,2,35,0.4231108638925758,1.5745644037886568,29,9,3,0,2,1,Benign,0
1,0.10208746982473298,1,1,2,1,29,0.18223070499005162,7.5605157747957445,38,16,3,0,0,0,Benign,0
7,0.1250330497649321,0,0,1,4,25,0.0981917634355242,0.9949898122153482,31,10,3,0,0,0,Benign,0
1,0.00844339240920688,0,1,0,2,30,0.11611859311969346,0.537130157288499,30,7,1,0,0,0,Benign,0
1,0.09643481298961228,0,1,0,5,31,0.23418863995736416,0.37717108664530274,47,15,3,0,0,1,Benign,0
1,0.015955637068875338,0,0,0,5,28,0.04567193474144149,4.507949510298201,35,11,2,0,2,0,Benign,0
1,0.056262713722740665,0,0,2,6,24,0.04585814821233925,2.4061632903272696,39,14,1,0,0,0,Benign,0
1,0.017039704296425415,0,0,0,3,18,0.0719294549546895,6.976850278968715,36,5,0,0,0,0,Benign,0
1,0.006802715908710942,0,0,0,5,32,0.1510090340492981,4.304079048296352,35,11,5,0,1,0,Benign,0
3,0.02970380389355666,1,0,0,4,16,0.054038790250147094,26.661407078069768,42,10,2,0,1,0,Benign,0
1,0.035924859296645795,0,1,2,6,30,0.11477916786568162,1.0845432316036712,38,15,4,0,2,0,Benign,0
1,0.05662687820739746,0,0,2,2,24,0.11597382392214892,3.742252236697223,37,13,4,0,1,0,Benign,0
2,0.05448462691781707,0,0,0,7,19,0.06360738408184068,1.821725819606758,48,17,2,0,1,0,Benign,0
1,0.01495543871042934,0,0,1,1,17,0.2405746524446597,1.6060874177792852,28,13,2,0,1,1,Benign,0
1,0.12959942417607195,1,1,0,4,26,0.08338703793275805,4.42183407078165,40,4,5,0,0,0,Benign,0
4,0.030650289016184967,0,0,1,6,27,0.07610721761345267,3.992875129539638,47,16,0,0,1,1,Benign,0
1,0.001094292436093284,1,0,1,1,24,0.20139946928321414,6.713789148673251,44,15,4,0,2,1,Benign,0
1,0.10247087032774012,0,0,1,3,27,0.13000773244200703,2.7018476130027325,42,10,3,0,1,0,Benign,0
1,0.011407421717972033,0,0,0,2,21,0.3662175113334965,3.5440649711110495,37,9,2,0,3,0,Benign,0
1,0.016018349463392687,0,0,0,1,30,0.3540137240783842,2.7811851767289815,36,9,1,0,0,0,Benign,0
2,0.02303667749066429,0,0,2,4,30,0.13677751329703594,3.2924253199509446,39,9,2,1,2,2,Benign,0
1,0.18317817103019204,0,0,2,4,20,0.13510534398912974,5.34928732579002,35,7,4,1,2,0,Benign,0
2,0.04981159926953519,0,0,0,3,22,0.220558848523742,3.4823683253717164,45,5,3,0,1,0,Benign,0
1,0.004364182568227005,0,0,0,5,30,0.10955070542101811,8.635241197611176,32,14,2,0,1,1,Benign,0
1,0.9663907859016881,4,4,266,563,15,0.9380798539233665,216.96060541073317,28,7,166,2,46,1,Attack_DataExfiltration,1
4,0.07898368810157728,0,0,1,6,14,0.14637796311711918,2.1339644520754013,41,8,2,0,0,0,Benign,0
5,0.6073186824807113,1,0,0,7,3,0.019029002839481335,1.086784959486587,103,4,2,13,0,17,Attack_InsiderSabotage,1
1,0.03288753699026502,0,0,0,3,30,0.04684550636000192,1.726552874360603,30,8,1,0,2,0,Benign,0
1,0.11491506509176341,0,0,2,5,27,0.14112203830533496,2.258803165567765,38,10,3,0,1,0,Benign,0
4,0.06808961711538529,0,0,1,9,21,0.31625096700699024,8.80639671411779,40,7,2,0,2,1,Benign,0
1,0.035256169896357534,0,0,0,9,24,0.03389861579699098,1.4330506353533943,44,8,2,0,1,0,Benign,0
2,0.01193559460110496,1,1,1,3,17,0.07457781039705007,3.3525431290722825,27,11,2,0,2,1,Benign,0
7,0.5139120537891814,2,0,0,9,4,0.16418413958197084,0.48424201820989093,108,6,0,15,0,22,Attack_InsiderSabotage,1
1,0.001980390402811984,0,0,1,2,15,0.11903034666629125,3.5723723557690175,40,16,3,0,0,0,Benign,0
1,0.02770498688797872,0,1,0,4,25,0.08802726149762741,1.12993979906324,47,10,2,0,1,0,Benign,0
4,0.6533929262959288,4,2,0,10,0,0.041161309657489584,2.2497154575651317,94,2,1,16,0,19,Attack_InsiderSabotage,1
1,0.05550874633557642,0,0,1,1,17,0.2157477303198671,4.754432611995004,46,9,0,0,1,1,Benign,0
2,0.16669717968251385,0,0,0,7,20,0.14478395150304038,1.1850365229942799,31,16,1,0,0,1,Benign,0
2,0.5951670362453751,3,4,0,12,4,0.1315589312930018,0.4031351689814101,108,7,1,26,0,23,Attack_InsiderSabotage,1
1,0.01784664996661233,1,0,1,5,27,0.1257715760927943,0.11435989876591843,41,6,4,0,5,0,Benign,0
1,0.09837282236496257,1,0,1,4,26,0.23524949743481252,6.18909394527293,34,7,1,0,1,0,Benign,0
2,0.009823933855370956,0,0,0,6,22,0.21406035343849136,3.4887262239287122,35,6,1,1,2,0,Benign,0
1,0.023868767020043327,0,0,1,6,26,0.19400493055397253,15.996759378357135,40,4,3,0,1,1,Benign,0
2,0.014416800609449134,0,0,0,0,31,0.07723181687280795,5.24724380799223,44,10,2,0,2,0,Benign,0
2,0.0037091158275047668,0,0,0,6,23,0.16388367458620015,0.4910881563041126,62,8,2,1,2,0,Benign,0
1,0.04420211187141932,0,0,0,4,22,0.21014586645017932,36.61492440999956,42,14,0,0,2,0,Benign,0
1,0.017398806411670013,0,0,1,3,28,0.1237169968234924,3.275129125661649,43,8,1,0,0,0,Benign,0
4,0.04324636098797609,0,1,2,3,33,0.3188618250131524,10.076736621089164,46,9,2,0,1,0,Benign,0
1,0.04988935240358511,1,0,1,8,20,0.047642718438454676,2.7274556528544274,42,13,2,0,1,0,Benign,0
5,0.006050193980270031,0,0,0,3,20,0.011299613770461183,2.562138119749154,46,13,3,0,1,0,Benign,0
1,0.04567424081375144,0,0,0,4,27,0.017488766379540836,7.315977709849623,33,9,2,1,1,0,Benign,0
1,0.12514783457681147,0,0,0,3,20,0.030857822240058664,6.3842674004846565,44,8,2,0,2,0,Benign,0
1,0.7533685779760855,5,5,264,595,16,0.7705569578962376,138.23766747404483,28,4,168,0,52,2,Attack_DataExfiltration,1
1,0.03258415810431164,0,0,0,5,21,0.041506910002155256,1.7993326414960922,54,7,0,0,3,1,Benign,0
1,0.020029049752878354,1,0,3,8,28,0.1064138257287866,0.8212353000111072,34,9,1,0,0,1,Benign,0
1,0.028984045829704902,0,0,0,3,32,0.03287749873450118,0.47207773388053714,46,8,3,0,3,1,Benign,0
1,0.03973660846869513,0,1,0,5,24,0.15467670063054334,1.3886963176733722,33,6,0,0,2,0,Benign,0
1,0.01259555561254985,0,0,0,5,36,0.12454458614402718,13.748909050636659,37,12,0,1,1,0,Benign,0
1,0.0409332843152345,0,1,0,4,30,0.2721737525546468,3.7420314797635914,36,9,2,0,1,1,Benign,0
3,0.0046287489681044545,0,0,1,3,25,0.08183541658475314,9.242791273582263,35,13,2,0,1,0,Benign,0
1,0.18000254937750007,0,0,3,8,20,0.09521725643431107,0.8465889833834298,41,7,1,0,3,1,Benign,0
1,0.028828070994994282,0,0,0,0,26,0.037855004482945175,2.4763139147558633,35,10,3,1,1,0,Benign,0
2,0.03663129343601349,0,0,1,4,23,0.1941353347456047,5.820831457473877,35,6,3,0,2,0,Benign,0
1,0.03967549934520172,1,0,1,6,27,0.24077500528697612,20.270744782216383,36,9,2,0,0,0,Benign,0
3,0.009317976537121062,0,1,1,7,30,0.2888095940392201,0.7313350132053121,41,10,0,0,3,0,Benign,0
1,0.5086806298675763,5,7,259,610,14,0.761322698315983,196.92802683822595,23,5,180,0,55,3,Attack_DataExfiltration,1
1,0.07183000651039712,0,0,0,8,24,0.06859954066102099,1.3855833790246124,52,12,0,0,0,1,Benign,0
2,0.16718038824142176,0,0,1,5,32,0.44486261566468427,1.358333568327668,32,14,4,0,1,1,Benign,0
2,0.021661866565895496,0,0,0,5,24,0.10263457606237161,1.1413704788755086,51,7,1,0,2,0,Benign,0
1,0.08327811082903425,2,0,0,5,25,0.31330377606716403,0.6451004465699585,43,12,2,0,2,2,Benign,0
1,0.07233994699314046,0,0,0,5,21,0.15932090303169397,15.287806327782326,38,4,1,0,3,0,Benign,0
4,0.08166174233161784,1,1,1,7,31,0.1614558703054487,10.369288345606702,40,10,3,0,0,1,Benign,0
1,0.0241129049254105,0,1,0,7,30,0.20408670138275528,2.1170166046918784,36,16,4,0,1,0,Benign,0
5,0.47047976722293045,5,1,0,6,8,0.03575037102643978,0.5154164651156931,102,6,0,13,0,19,Attack_InsiderSabotage,1
1,0.00015497505687267588,1,0,0,2,27,0.06048925926212829,7.8174974654716,36,11,1,0,2,0,Benign,0
2,0.11565218552643831,0,0,0,8,22,0.0459175073215795,1.403607863361385,46,14,2,0,0,1,Benign,0
5,0.7921206030378437,4,10,272,559,16,0.7684674810098094,341.6601981222748,16,5,181,0,44,0,Attack_DataExfiltration,1
3,0.042253416381416144,0,0,1,3,32,0.06840802427930656,5.850037051348603,47,10,1,0,3,1,Benign,0
1,0.0026454891862832584,0,0,0,8,21,0.29363128387325677,10.819079007566232,32,10,6,0,4,0,Benign,0
3,0.004516379456370941,0,0,0,3,27,0.12714847477884356,4.966071344267452,42,8,2,0,0,0,Benign,0
1,0.08131079205102656,3,0,0,6,26,0.45439041761298643,1.2874457157787418,34,5,2,0,1,1,Benign,0
3,0.08585104220099515,0,1,2,3,29,0.10355256511069409,4.176174847417354,36,16,2,0,1,1,Benign,0
1,0.05068668983305917,1,0,2,5,20,0.191655191166728,3.9187201639396267,45,5,1,0,1,1,Benign,0
1,0.04143117940528065,0,0,0,9,21,0.1413733460934514,2.5994307211361027,21,11,1,0,1,0,Benign,0
1,0.025292635063727656,0,0,0,3,23,0.06247109200140765,1.1843894433816953,33,14,2,1,0,0,Benign,0
4,0.03682298200106755,3,0,0,2,17,0.23767457146816842,3.0668301513867084,29,8,1,1,0,1,Benign,0
1,0.008518832692293204,1,1,1,4,26,0.03323159071039601,3.8751179664035953,62,11,2,1,0,0,Benign,0
1,0.009647768743507429,0,0,0,8,30,0.0070398634874952746,3.92053638132917,34,13,2,0,1,0,Benign,0
2,0.014171945422251938,0,0,0,2,27,0.010783278165836584,1.6286599387904546,46,13,4,0,0,0,Benign,0
1,0.05952530916998261,1,0,2,3,25,0.16771992925965326,4.556147447976786,35,17,2,0,1,1,Benign,0
4,0.36727132685542957,3,0,0,9,9,0.011769269094434019,0.5568343582751663,93,7,1,10,0,19,Attack_InsiderSabotage,1
2,0.016235422390444204,0,0,1,6,19,0.408788021299737,4.788223902658035,39,10,5,0,2,0,Benign,0
3,0.016269420772007364,1,0,0,3,21,0.04546469806024935,3.4124245599967593,31,7,2,0,1,0,Benign,0
4,0.010113602957286826,0,0,0,11,26,0.12019495146936313,5.5271844028272294,41,11,3,0,1,0,Benign,0
1,0.0543461539832588,0,0,0,7,30,0.02527591275464981,9.337933588664994,48,5,1,1,1,0,Benign,0
1,0.04001238266571708,2,1,0,5,23,0.4372746950773552,1.7487066370478277,27,10,1,0,0,1,Benign,0
1,0.038812278107374074,0,0,0,4,21,0.22428641545276137,1.496343367360485,37,10,4,0,1,0,Benign,0
4,0.027841719222404027,0,2,1,6,27,0.38872082955579146,0.6104478811028429,42,10,1,0,2,0,Benign,0
2,0.0021932890731240122,1,0,0,8,36,0.2717483047354665,2.4834088568051094,45,12,3,0,0,0,Benign,0
3,0.015056070262108883,0,0,0,4,24,0.31059395639542176,0.47478571979389234,41,12,0,0,1,0,Benign,0
3,0.7754281686187869,5,7,264,600,11,0.7494931859475328,206.61843393177378,17,8,148,0,47,3,Attack_DataExfiltration,1
1,0.6620124263711047,5,5,255,613,12,0.8098083254481672,113.8635372944682,21,6,159,1,52,0,Attack_DataExfiltration,1
3,0.11275521343552379,0,0,0,5,18,0.3707459273196544,2.2140037363346488,46,12,1,0,0,0,Benign,0
1,0.03643242180879764,1,0,1,5,30,0.1670753919912271,3.788537814666545,43,12,2,0,0,1,Benign,0
1,0.03471617755620931,1,0,0,9,17,0.06104579040095805,1.6802961658237858,52,11,3,0,0,1,Benign,0
3,0.6938944945719232,7,4,238,634,16,0.947300500139658,88.64339686053542,18,5,165,0,58,0,Attack_DataExfiltration,1
1,0.028677549849039426,0,0,1,1,25,0.3665224949404727,1.1867409586238944,52,11,1,0,0,0,Benign,0
2,0.8076832468590668,5,5,232,629,19,0.8902815157655827,352.4272108134729,20,4,195,0,60,2,Attack_DataExfiltration,1
1,0.02407324763914599,0,0,1,6,23,0.026978787949677747,30.02954627271389,34,11,0,0,1,0,Benign,0
3,0.0035428289051677286,0,0,0,4,30,0.10949777554012506,2.373378433735107,33,9,2,0,0,1,Benign,0
1,0.0200135324930162,0,0,0,9,26,0.09239814314080073,16.596976905540668,51,9,0,0,0,0,Benign,0
1,0.0473988813000281,0,0,1,2,24,0.26185623905792327,3.846949932874136,41,8,2,0,1,1,Benign,0
1,0.10984547592270366,0,0,1,3,26,0.08368934717899708,1.6160215016715156,46,3,1,0,2,0,Benign,0
1,0.012454041743244968,0,0,0,3,21,0.216755243537532,4.317335393111559,47,15,2,0,1,0,Benign,0
6,0.5988515367557072,2,2,0,12,2,0.022860834896053683,0.5817793055984342,86,4,0,15,0,20,Attack_InsiderSabotage,1
2,0.05167983172284085,1,0,0,7,29,0.26180572411823577,2.301881996696007,34,12,0,0,0,0,Benign,0
1,0.007654045807773383,0,0,1,5,24,0.2013399481360466,2.3425601596324013,35,14,1,0,0,0,Benign,0
1,0.024251029867666554,0,0,0,5,27,0.38700603284017027,0.5798069146608245,40,15,2,0,0,0,Benign,0
2,0.0052894802785988316,1,0,1,3,24,0.1626806457603243,3.552476844675084,40,9,3,0,2,0,Benign,0
1,0.0959546796562199,0,0,0,6,24,0.07288479062120305,9.714547219493848,41,11,2,0,0,1,Benign,0
1,0.09595475967447865,0,0,1,9,22,0.11541672901011994,0.44501435990332433,37,7,3,0,1,0,Benign,0
3,0.8192785777647603,3,1,0,14,8,0.05419166430387308,0.7404011597789151,90,7,1,15,0,21,Attack_InsiderSabotage,1
2,0.02896339616189627,0,0,0,4,32,0.04719136022389053,4.278393538661992,50,17,2,0,1,0,Benign,0
4,0.07864212911999383,0,1,1,9,27,0.06463298289878958,13.697572723521207,41,9,2,0,0,0,Benign,0
3,0.17229708163994872,1,0,0,3,22,0.05673860113496395,3.4232001394357265,53,12,1,1,0,0,Benign,0
2,0.037960878924103686,1,0,0,3,29,0.01889801344258065,0.47593679866267286,46,13,2,0,2,0,Benign,0
1,0.12711473411359142,1,0,0,6,24,0.13923710678744308,1.3848180986601462,45,5,0,0,1,0,Benign,0
1,0.01753959491433763,0,1,0,5,38,0.12923502496243294,2.1534762592235293,40,9,2,0,1,0,Benign,0
3,0.003130351190246227,0,0,2,9,23,0.2617884247410724,0.4464554031078849,53,8,3,0,1,0,Benign,0
1,0.03782479759935875,1,0,1,8,33,0.1106642477799231,4.348991617425924,43,7,1,0,2,0,Benign,0
2,0.009926141627560168,0,0,0,7,21,0.08224681805290754,2.5958862386897814,32,6,0,0,0,1,Benign,0
1,0.06069779922826794,1,0,0,4,29,0.14369562143675405,0.5480184214935997,35,9,2,0,1,0,Benign,0
6,0.28475798232804916,2,1,0,10,5,0.06687475941365273,0.7220439321757239,83,4,1,18,0,18,Attack_InsiderSabotage,1
1,0.000947265795951576,0,0,0,4,31,0.11996909545605389,2.004422073577075,49,9,0,1,0,1,Benign,0
2,0.03369491591808375,0,0,1,2,30,0.09132832978716889,0.9921311339713751,39,12,5,0,1,1,Benign,0
1,0.04860024038147218,1,0,0,5,17,0.07855144721602099,3.3741973908618417,38,8,1,0,0,1,Benign,0
7,0.6048277417442917,3,1,0,7,2,0.16577280113216902,0.25696161819464564,105,6,0,15,0,22,Attack_InsiderSabotage,1
1,0.00805032462133687,0,0,1,11,27,0.08830759223900905,10.640076426802768,35,5,3,0,1,1,Benign,0
1,0.03039991168119277,0,0,0,5,37,0.08243315089243766,2.464303210893109,43,3,2,0,1,0,Benign,0
3,0.0030379198543781984,0,0,0,7,20,0.02631107883739294,1.8970121532719886,39,10,0,0,0,0,Benign,0
1,0.004482650569448547,0,0,0,6,25,0.061694177481251,2.3182594718507583,34,12,1,0,1,0,Benign,0
2,0.3308761359213011,7,7,256,562,15,0.8145806674657358,228.7410579115176,28,2,159,1,45,0,Attack_DataExfiltration,1
2,0.003582087970880169,0,0,0,4,20,0.2457650170190798,1.7943192000348858,42,16,1,0,3,1,Benign,0
2,0.6492114911803114,5,7,236,592,16,0.6821203785052928,85.00958132760107,22,3,191,0,43,1,Attack_DataExfiltration,1
1,0.09934539135835381,0,1,0,2,29,0.07259023447064067,5.428507888821001,39,15,3,0,0,0,Benign,0
1,0.012004563812735706,1,0,0,3,18,0.05355474605913797,2.139903973865816,45,10,1,0,1,0,Benign,0
2,0.07606261569070823,0,0,0,2,33,0.15672827393827143,15.749971848272162,39,8,2,0,0,1,Benign,0
1,0.026937568241961068,0,0,1,4,22,0.2650176902695144,6.2885966477980375,31,15,2,0,1,0,Benign,0
1,0.027631122620132936,0,0,0,2,25,0.24923807629820766,8.896336465313695,40,17,3,0,3,0,Benign,0
4,0.01282107228158578,0,0,0,4,33,0.1082023948919149,2.0716774134547498,49,6,3,0,1,0,Benign,0
1,0.011163733971080496,0,0,0,4,21,0.10022690646503876,2.8330155413043885,36,14,3,0,1,1,Benign,0
3,0.04488449138307443,0,0,1,5,21,0.14295742096422961,4.082618661272807,51,3,5,0,0,0,Benign,0
1,0.0018380205590695134,0,0,2,4,24,0.3604180865781922,0.7315002893478681,40,10,0,0,1,2,Benign,0
3,0.011365764181043545,0,1,0,5,32,0.04230067761607297,3.2217165554752616,38,13,3,1,0,1,Benign,0
2,0.6971982489576377,6,2,242,593,10,0.9387973400721508,150.08621763101368,20,3,166,0,47,2,Attack_DataExfiltration,1
1,0.18422832282891918,0,0,0,6,25,0.0994557570915269,0.9581622608395408,52,14,0,0,0,0,Benign,0
4,0.008071839583501118,1,0,0,6,22,0.09303358894909437,0.8586967446455936,46,11,3,0,0,1,Benign,0
1,0.0010871386302251241,0,0,0,5,26,0.02023104100944937,3.1412839854971604,39,7,1,0,0,0,Benign,0
1,0.021769406605188276,0,1,1,2,27,0.3306175686801422,5.407197550193591,36,7,1,0,0,0,Benign,0
1,0.617914918018656,5,4,260,587,15,0.8338766394829803,256.65215342688197,20,5,157,1,42,2,Attack_DataExfiltration,1
4,0.5440096282028477,4,5,274,590,12,0.5512086023970554,397.4814899654902,23,5,165,1,53,1,Attack_DataExfiltration,1
2,0.13312326338323413,0,0,1,7,25,0.019438050537512155,4.709785084356125,37,6,3,1,1,0,Benign,0
1,0.0340231653943652,0,0,0,7,28,0.08182351520563041,4.960516917094417,45,12,3,0,1,0,Benign,0
3,0.03122843511835824,0,1,2,4,20,0.24942162968324166,14.64632720579212,39,13,1,0,0,0,Benign,0
1,0.012812475100174943,0,0,0,7,24,0.2567206797759807,7.389106579424953,43,12,2,0,1,1,Benign,0
1,0.06012062941301171,0,0,0,5,19,0.1351670477114308,4.010580811968458,38,15,0,0,1,2,Benign,0
1,0.046798822437214546,0,0,2,5,21,0.016723897678382393,1.6711896300259668,33,14,1,0,0,0,Benign,0
1,0.0015493507392871913,0,0,0,10,14,0.2955881799739697,11.614582253254484,35,4,4,0,1,0,Benign,0
1,0.05177309309736226,0,0,0,4,33,0.3244201218676683,1.4786172632417165,34,9,0,0,0,0,Benign,0
1,0.024182741993170546,0,1,0,8,32,0.14146813170838984,0.41875309448127973,42,6,3,0,1,0,Benign,0
2,0.028478388890804066,0,0,3,8,28,0.14720774216512916,1.4748546945468848,35,11,1,0,1,0,Benign,0
1,0.11519979274134871,0,0,1,5,24,0.06572188669828397,3.6375978939344655,42,10,5,0,2,1,Benign,0
3,0.055410924841525606,1,1,1,7,30,0.1388772915275043,5.873491893508567,44,8,1,0,2,2,Benign,0
2,0.1420032585412044,0,0,0,4,30,0.0056969720793765425,4.862876304209788,36,15,4,0,1,1,Benign,0
3,0.025727492122079913,0,0,1,3,28,0.09124124949408387,3.3253546453869522,45,9,3,1,1,0,Benign,0
3,0.012077455014194978,0,0,0,4,19,0.10588356209137602,4.615648097580772,32,9,2,0,2,0,Benign,0
3,0.023665319090175618,0,0,1,6,25,0.31777342017717675,3.619749357419004,48,5,2,0,1,0,Benign,0
1,0.0781976979343682,0,0,0,3,19,0.13876691433770724,1.6343589106882934,39,8,2,0,0,0,Benign,0
3,0.003241068080194988,0,0,3,4,16,0.2122364562957171,5.5350294983218316,51,17,1,1,2,0,Benign,0
2,0.03160078174966776,0,0,0,6,18,0.22183407830355326,4.974999952686279,30,9,0,0,1,1,Benign,0
4,0.06132902643985189,0,1,1,8,26,0.06738702584596491,3.400523793877806,41,19,1,0,0,0,Benign,0
1,0.07158242336658178,0,0,0,6,18,0.019890269189360058,0.9434242653777024,43,7,1,0,0,0,Benign,0
